0,1,2,3,4,5,6,7,8,9,10,11,12,13,14,15,16,17,18,19,20,21,22,23,24,25,26,27,28,29,30,31,32,33,34,35,36,37,38,39,40,41,42,43,44,45,46,47,48,49,50,51,52,53,54,55,56,57,58,59,60,61,62,63,64,65,66,67,68,69,70,71,72,73,74,75,76,77,78,79,80,81,82,83,84,85,86,87,88,89,90,91,92,93,94,95,96,97,98,99,100,101,102,103,104,105,106,107,108,109,110,111,112,113,114,115,116,117,118,119,120,121,122,123,124,125,126,127,128,129,130,131,132,133,134,135,136,137,138,139,140,141,142,143,144,145,146,147,148,149,150,151,152,153,154,155,156,157,158,159,160,161,162,163,164,165,166,167,168,169,170,171,172,173,174,175,176,177,178,179,180,181,182,183,184,185,186,187,188,189,190,191,192,193,194,195,196,197,198,199,200,201,202,203,204,205,206,207,208,209,210,211,212,213,214,215,216,217,218,219,220,221,222,223,224,225,226,227,228,229,230,231,232,233,234,235,236,237,238,239,240,241,242,243,244,245,246,247,248,249,250,251,252,253,254,255,256,257,258,259,260,261,262,263,264,265,266,267,268,269,270,271,272,273,274,275,276,277,278,279,280,281,282,283,284,285,286,287,288,289,290,291,292,293,294,295,296,297,298,299,300,301,302,303,304,305,306,307,308,309,310,311,312,313,314,315,316,317,318,319,320,321,322,323,324,325,326,327,328,329,330,331,332,333,334,335,336,337,338,339,340,341,342,343,344,345,346,347,348,349,350,351,352,353,354,355,356,357,358,359,360,361,362,363,364,365,366,367,368,369,370,371,372,373,374,375,376,377,378,379,380,381,382,383,384,385,386,387,388,389,390,391,392,393,394,395,396,397,398,399,400,401,402,403,404,405,406,407,408,409,410,411,412,413,414,415,416,417,418,419,420,421,422,423,424,425,426,427,428,429
21.0,31.24031,41.736435,49.604652,57.47287,65.96124,71.976746,77.34109,78.0,78.5814,83.48062,83.54263,75.139534,55.52713,27.852713,2.9302325,-20.67442,-52.062016,-71.790695,-84.209305,-90.96124,-87.76744,-79.89922,-80.558136,-84.906975,-80.496124,-76.0,-74.95349,-71.10853,-69.0,-70.441864,-69.310074,-66.093025,-66.0,-66.65116,-70.36434,-73.0,-71.82171,-71.0,-72.674416,-71.07752,-71.17054,-72.5814,-69.333336,-65.08527,-65.16279,-64.58915,-58.193798,-58.90698,-61.0,-60.193798,-55.372093,-52.0,-52.0,-52.0,-53.64341,-54.0,-51.860466,-49.418606,-46.36434,-45.0,-45.0,-45.0,-45.0,-42.186047,-39.87597,-38.0,-38.620155,-42.170544,-45.0,-46.36434,-58.286823,-65.65116,-53.89147,-50.751938,-39.255814,-23.015503,-22.852713,-27.348837,-24.007751,-25.767443,-25.860466,-23.0,-22.410852,-21.0,-23.713179,-26.0,-23.627907,-25.744186,-22.922482,-21.32558,-23.860466,-24.767443,-20.860466,-19.0,-20.565891,-16.465117,-19.124031,-22.379845,-18.16279,-15.193798,-14.0,-15.302325,-18.32558,-22.596899,-50.372093,-48.620155,133.39536,501.0465,897.27905,1145.0078,1024.093,249.90698,-596.89923,-339.5814,2.9534883,-121.310074,-130.25581,-81.17829,-117.18604,-98.83721,-78.093025,-88.15504,-71.65116,-59.0,-56.48062,-48.34884,-37.48062,-27.11628,-19.0,0.135,0.12902385,0.124586515,0.12826717,0.13194782,0.12788087,0.12370251,0.120288335,0.11702862,0.11838056,0.11977335,0.117605515,0.114745654,0.11624554,0.124575935,0.13290633,0.13337335,0.12919499,0.1241931,0.11827985,0.1109569,0.102749385,0.0908781,0.07397499,0.05707188,0.04814313,0.04368473,0.04111774,0.04755887,0.054,0.212,0.2244956,0.23478006,0.23339981,0.23201957,0.23245768,0.23292194,0.23254806,0.23200476,0.23246019,0.23292445,0.23368414,0.23450124,0.23189558,0.22392736,0.21595916,0.20687117,0.19712164,0.19174483,0.19120726,0.19520259,0.20204218,0.20993978,0.21929044,0.2286411,0.22758484,0.22069459,0.21515967,0.21607983,0.217,0.91,0.93716437,0.96879774,1.0240074,1.0792172,1.0205016,0.9601473,0.9590389,0.9699046,0.98840755,1.006978,0.96211034,0.9049131,0.8220225,0.69887745,0.57573247,0.62339187,0.7719561,0.9086897,1.0323303,1.0912069,1.1094458,1.0912093,1.0228776,0.9545459,0.963763,1.0164531,1.0472258,0.9736129,0.9,1.26,1.1296111,1.0178006,1.0039982,0.9901957,0.921348,0.8517085,1.0027,1.1982832,1.2368151,1.2739561,1.1944828,1.0923449,1.0144778,0.97463685,0.9347958,0.7448903,0.4663323,0.36593103,0.46269327,0.4523707,0.3748553,0.30423993,0.24310102,0.18196212,0.12104269,0.060246304,0.013991923,0.036995962,0.06,0.99,0.9519699,0.9090028,0.8399907,0.77097857,0.7837304,0.7976583,0.77740276,0.7502384,0.8236301,0.8979122,0.86895174,0.81992555,0.7857667,0.774901,0.7640352,0.8884138,1.0926896,1.217862,1.2554919,1.2503879,1.2184699,1.1090821,0.89329773,0.67751336,0.72726053,0.9258621,1.0580646,0.8740323,0.69,1.6,1.4859097,1.4053961,1.5020131,1.59863,1.531348,1.4617084,1.4590389,1.4699047,1.5022131,1.5347116,1.5194758,1.4949628,1.4715334,1.4498019,1.4280704,1.4024891,1.3746332,1.3651035,1.3758548,1.3211638,1.2254095,1.0805974,0.8684094,0.65622145,0.5566256,0.5201478,0.4740323,0.38201615,0.29,0.85,0.643551,0.45680335,0.3739888,0.2911743,0.4730721,0.6587774,0.5950917,0.48100147,0.46619436,0.45226645,0.45,0.45,0.3963781,0.2587454,0.12111274,0.02622257,-0.04341693,0.080758624,0.4194265,0.51077586,0.44693965,0.5100097,0.7473725,0.9847353,0.89599067,0.6244335,0.32575023,-0.102124885,-0.53,-0.33,-0.28653705,-0.22287357,-0.05264368,0.11758621,0.06965517,0.018586207,0.01,0.01,-0.11885267,-0.2488464,-0.088703446,0.12782897,0.19932257,0.04358034,-0.1121619,-0.05909718,0.117322885,0.25848275,0.36062068,0.30193967,0.14234914,0.151525,0.39248422,0.6334434,0.53300494,0.24118227,-0.031136999,-0.2105685,-0.39,0.66,0.45898387,0.31492698,0.47135445,0.6277819,0.57507837,0.5193668,0.43316948,0.34081072,0.4136301,0.48791224,0.4589517,0.40992552,0.33625582,0.22397652,0.111697234,0.15171787,0.2817116,0.40868965,0.53233033,0.5379741,0.4695782,0.5830452,0.94628215,1.3095192,1.1595074,0.7217734,0.38874185,0.55437094,0.72,0.0,0.0,0.0,0.0,0.0,0.0,0.0,0.0,0.0,0.0,0.0,0.0,0.0,0.0,0.0,0.0,0.0,0.0,0.0,0.0,0.0,0.0,0.0,0.0,0.0,0.0,0.0,0.0,0.0,0.0
21.0,41.7907,57.581394,72.06977,78.0,83.558136,74.5814,26.44186,-22.348837,-72.62791,-91.11628,-79.30232,-84.72093,-76.0,-70.674416,-70.674416,-66.0,-67.04651,-73.0,-71.0,-71.0,-72.25581,-64.74419,-64.23256,-59.279068,-59.418606,-52.0,-52.0,-53.67442,-48.744186,-45.0,-45.0,-41.627907,-38.0,-43.488373,-46.90698,-63.488373,-48.744186,-20.95349,-27.95349,-26.0,-23.0,-21.0,-26.0,-25.232557,-22.023256,-23.697674,-19.04651,-16.83721,-20.860466,-14.418605,-16.139534,-31.16279,-0.13953489,658.8605,1180.3721,-86.093025,-148.25581,-168.06976,-87.18604,-89.06977,-81.53488,-59.0,-43.837208,-23.39535,26.651163,46.186047,62.11628,74.976746,78.0,84.81396,65.4186,12.209302,-40.55814,-80.16279,-90.69768,-79.325584,-82.209305,-76.0,-69.0,-70.06977,-66.0,-68.93023,-72.53488,-71.976746,-71.0,-71.0,-64.51163,-60.418606,-60.534885,-56.88372,-52.0,-53.069767,-52.418606,-46.90698,-45.0,-45.0,-40.372093,-38.139534,-45.0,-55.139534,-55.953487,-43.23256,-21.44186,-24.976744,-26.0,-22.767443,-22.860466,-24.11628,-23.348837,-23.418604,-21.418604,-20.302326,-18.72093,-18.511627,-14.0,-18.023256,-48.11628,107.81396,872.1628,1039.721,-564.55817,9.139535,-135.23256,-115.441864,-78.39535,-72.04651,-56.55814,-37.55814,-19.0,0.08,0.083612986,0.08666897,0.08137617,0.076083384,0.08143103,0.08951724,0.095212854,0.09124326,0.087273665,0.088673055,0.090469986,0.093824424,0.09783044,0.09856507,0.09543493,0.09010728,0.08291954,0.07703303,0.07396878,0.07009048,0.06474913,0.05960519,0.056044288,0.05248339,0.055354483,0.059235863,0.059357874,0.050178938,0.041,0.205,0.20551614,0.20624827,0.21021786,0.21418746,0.21285632,0.21016093,0.20808746,0.20852853,0.2089696,0.209,0.209,0.21213825,0.21658938,0.219,0.219,0.2187567,0.21830747,0.2171942,0.21464065,0.2106131,0.20393641,0.19765455,0.19453876,0.19142297,0.19267724,0.19461793,0.19750978,0.2027549,0.208,1.15,1.0209647,0.90331036,0.95623827,1.0091661,1.0169376,1.013087,1.001254,0.95714736,0.91304076,1.0103831,1.1181992,1.112341,1.0589275,0.9821691,0.8778309,0.83729887,0.85077584,0.8567768,0.8465626,0.83681744,0.8279152,0.8042075,0.6617716,0.5193356,0.44632828,0.3842262,0.34,0.34,0.34,-0.4,-0.43096846,-0.46386206,-0.5256113,-0.5873605,-0.584688,-0.5654351,-0.51501566,-0.33858934,-0.162163,-0.19182631,-0.23674968,-0.21547928,-0.16651693,-0.1089099,-0.0410901,0.031360153,0.10772988,0.13904901,0.07265699,0.058642834,0.13876306,0.20802595,0.19022144,0.17241696,0.18006344,0.19170758,0.22516309,0.31258154,0.4,0.36,0.34451577,0.33331034,0.38623825,0.43916616,0.47143677,0.4983908,0.5068809,0.440721,0.37456113,0.40764368,0.4480747,0.41606453,0.35374883,0.3247831,0.3352169,0.3448659,0.35385057,0.3696697,0.40031216,0.42159128,0.42604238,0.43740273,0.5041696,0.57093644,0.5665821,0.55105656,0.5450326,0.56251633,0.58,0.79,0.81580704,0.8388966,0.8212539,0.8036113,0.77550083,0.7446962,0.7296207,0.7781379,0.82665515,0.88019156,0.9340996,0.8715438,0.76026577,0.66173524,0.5782647,0.5545977,0.58155173,0.579049,0.512657,0.48750395,0.5364663,0.57851946,0.5651661,0.5518127,0.42252967,0.27503723,0.17377447,0.18688723,0.2,0.29,0.30548424,0.32331035,0.37623826,0.42916614,0.47368637,0.5160427,0.5421285,0.5024326,0.46273667,0.46,0.46,0.39723507,0.30821258,0.34131256,0.5186874,0.52214557,0.37839082,0.28,0.28,0.23703575,0.11685543,0.0035843088,-0.054280292,-0.11214489,-0.22063448,-0.33707586,-0.43006524,-0.4650326,-0.5,-0.07,-0.12677549,-0.17917241,-0.16594043,-0.15270847,-0.1591872,-0.17073892,-0.16075861,-0.06372414,0.033310346,0.010721584,-0.020724777,0.04217969,0.14455552,0.104338154,-0.104338154,-0.24136016,-0.3177299,-0.34099093,-0.24906352,-0.16453971,-0.09332173,-0.028025942,-0.010221449,0.0075830435,-0.043671723,-0.10577379,-0.15880708,-0.18940355,-0.22,1.12,1.2851651,1.4314482,1.2947179,1.1579875,1.1789984,1.2406075,1.294373,1.3164263,1.3384796,1.3650957,1.3920498,1.3686175,1.3241063,1.2760845,1.2239155,1.2340614,1.296954,1.3464465,1.3668748,1.3243057,1.1685163,1.0221038,0.9508858,0.8796678,0.82303727,0.7686979,0.76145387,0.87072694,0.98,0.0,0.0,0.0,0.0,0.0,0.0,0.0,0.0,0.0,0.0,0.0,0.0,0.0,0.0,0.0,0.0,0.0,0.0,0.0,0.0,0.0,0.0,0.0,0.0,0.0,0.0,0.0,0.0,0.0,0.0
-71.0,-65.968994,-59.062016,-56.76744,-52.0,-53.844963,-46.813953,-45.0,-41.751938,-38.279068,-45.310078,-63.953487,-41.465115,-26.403101,-26.0,-22.534883,-26.0,-25.209303,-23.83721,-19.0,-16.930233,-18.023256,-14.682171,-32.627907,163.62791,1108.4264,-145.1628,-14.72093,-80.17054,-87.35659,-68.093025,-49.67442,-22.527132,35.11628,57.689922,75.71318,80.790695,74.11628,8.627907,-61.488373,-91.24031,-79.906975,-77.74419,-70.333336,-69.63566,-66.0,-73.0,-72.45737,-72.48837,-64.48062,-58.573643,-61.0,-52.0,-53.64341,-50.32558,-45.0,-45.0,-38.23256,-44.496124,-59.806202,-52.139534,-19.379845,-23.193798,-23.069767,-21.0,-23.023256,-21.04651,-22.844961,-20.728682,-22.72093,-14.0,-19.403101,-52.279068,771.6977,852.6977,-329.51163,-165.92249,-121.60465,-87.06977,-57.87597,-32.837208,23.302326,48.899223,70.147285,78.0,83.72868,38.333332,-31.11628,-84.27907,-82.34109,-83.4186,-74.76744,-69.852715,-66.0,-70.82946,-71.0,-71.0,-68.48062,-64.96124,-60.069767,-54.248062,-52.0,-52.837208,-45.806202,-45.0,-40.744186,-39.286823,-46.31783,-57.90698,-31.891474,-27.410852,-26.0,-21.527132,-26.0,-23.697674,-25.348837,-19.0,-18.44186,-16.511627,-15.689922,-46.23256,314.7907,1180.4806,-529.1163,-72.16279,-82.689926,-78.790695,-59.52713,-45.139534,-19.0,0.094,0.10050593,0.10701186,0.107751414,0.10359279,0.09996552,0.09721808,0.09476496,0.0935451,0.09232524,0.09030564,0.0879953,0.08956646,0.09407536,0.0976341,0.094810344,0.09198659,0.09250314,0.09481348,0.09577925,0.09532543,0.09526144,0.09618558,0.0969436,0.096468575,0.09607259,0.10142287,0.10626954,0.10813477,0.11,0.239,0.239,0.239,0.23924984,0.23971191,0.23948276,0.23810904,0.23739173,0.23942482,0.24145792,0.24132226,0.24039812,0.23976669,0.23935679,0.23926136,0.24127832,0.2432953,0.244,0.244,0.24444151,0.24534914,0.2478301,0.25429907,0.26118433,0.27115986,0.28063703,0.25388566,0.23025878,0.2251294,0.22,1.15,1.2150593,1.2801186,1.2950094,1.2672852,1.2293104,1.1743616,1.1307834,1.1348497,1.1389159,1.1874421,1.2521317,1.2660011,1.2414072,1.2147728,1.1744335,1.1340941,1.1260126,1.1352539,1.1201324,1.0792888,1.0761442,1.168558,1.2364647,1.1224589,1.0091288,0.9449256,0.90751976,1.0287598,1.15,0.33,0.2690069,0.20801379,0.27494043,0.45052665,0.49103448,0.307872,0.16391724,0.18424827,0.20457931,0.14561442,0.057821315,-0.012664071,-0.07005005,-0.10536399,0.007586207,0.1205364,0.17503135,0.1981348,0.121699505,-0.059827585,-0.1769279,-0.130721,-0.09958749,-0.1803416,-0.25978222,-0.2437314,-0.21989244,-0.14994621,-0.08,0.49,0.46966895,0.44933793,0.44,0.44,0.44172415,0.4463032,0.46175173,0.52274483,0.5837379,0.5796677,0.5519436,0.5260011,0.50140715,0.48104542,0.4891133,0.49718118,0.49699372,0.49237305,0.47454742,0.44278017,0.42261443,0.4318558,0.43943602,0.4346858,0.429637,0.40288568,0.39347675,0.48673838,0.58,0.55,0.4971393,0.44427863,0.48246083,0.59797806,0.6648276,0.6510904,0.64391726,0.6642483,0.6845793,0.65272415,0.6018965,0.61266404,0.6700501,0.7231363,0.7473399,0.7715435,0.7318997,0.65796864,0.5979249,0.5525431,0.54091537,0.6148464,0.6969191,0.83942634,0.97920144,0.92034847,0.87336916,0.8966846,0.92,0.71,0.73846346,0.7669269,0.80498433,0.8511912,0.86275864,0.816968,0.7792165,0.77515036,0.77108413,0.73611283,0.68990594,0.67,0.67,0.6851587,0.80214286,0.919127,0.8607931,0.70831037,0.6741502,0.7649138,0.83522886,0.8537116,0.8795875,0.96034163,1.0391289,0.9749256,0.92336917,0.9466846,0.97,-0.3,-0.29593378,-0.29186758,-0.34996238,-0.46085894,-0.44206896,-0.20853682,-0.053688277,-0.22853518,-0.40338206,-0.41272414,-0.36189654,-0.35633203,-0.38502502,-0.4204543,-0.501133,-0.5818117,-0.62803763,-0.6557618,-0.62143475,-0.5215948,-0.44607836,-0.4322163,-0.42,-0.42,-0.42,-0.42,-0.42134768,-0.43067384,-0.44,1.17,1.17,1.17,1.1675016,1.1628809,1.184138,1.2482448,1.2952993,1.270902,1.2465048,1.2095016,1.1679153,1.2013292,1.2915072,1.3658183,1.3335468,1.3012754,1.3110439,1.3433887,1.3246799,1.252069,1.2418307,1.3896928,1.5171802,1.493429,1.4690562,1.3995028,1.3413477,1.3506738,1.36,0.0,0.0,0.0,0.0,0.0,0.0,0.0,0.0,0.0,0.0,0.0,0.0,0.0,0.0,0.0,0.0,0.0,0.0,0.0,0.0,0.0,0.0,0.0,0.0,0.0,0.0,0.0,0.0,0.0,0.0
-71.0,-65.968994,-59.062016,-56.76744,-52.0,-53.844963,-46.813953,-45.0,-41.751938,-38.279068,-45.310078,-63.953487,-41.465115,-26.403101,-26.0,-22.534883,-26.0,-25.209303,-23.83721,-19.0,-16.930233,-18.023256,-14.682171,-32.627907,163.62791,1108.4264,-145.1628,-14.72093,-80.17054,-87.35659,-68.093025,-49.67442,-22.527132,35.11628,57.689922,75.71318,80.790695,74.11628,8.627907,-61.488373,-91.24031,-79.906975,-77.74419,-70.333336,-69.63566,-66.0,-73.0,-72.45737,-72.48837,-64.48062,-58.573643,-61.0,-52.0,-53.64341,-50.32558,-45.0,-45.0,-38.23256,-44.496124,-59.806202,-52.139534,-19.379845,-23.193798,-23.069767,-21.0,-23.023256,-21.04651,-22.844961,-20.728682,-22.72093,-14.0,-19.403101,-52.279068,771.6977,852.6977,-329.51163,-165.92249,-121.60465,-87.06977,-57.87597,-32.837208,23.302326,48.899223,70.147285,78.0,83.72868,38.333332,-31.11628,-84.27907,-82.34109,-83.4186,-74.76744,-69.852715,-66.0,-70.82946,-71.0,-71.0,-68.48062,-64.96124,-60.069767,-54.248062,-52.0,-52.837208,-45.806202,-45.0,-40.744186,-39.286823,-46.31783,-57.90698,-31.891474,-27.410852,-26.0,-21.527132,-26.0,-23.697674,-25.348837,-19.0,-18.44186,-16.511627,-15.689922,-46.23256,314.7907,1180.4806,-529.1163,-72.16279,-82.689926,-78.790695,-59.52713,-45.139534,-19.0,0.089,0.08471534,0.08118244,0.08255549,0.083928525,0.08237039,0.080651306,0.07893221,0.07721312,0.08141035,0.086444825,0.08540902,0.08165994,0.07911442,0.07682602,0.080107115,0.08653411,0.09209074,0.0973902,0.098,0.098,0.096977524,0.08484083,0.07270413,0.079375975,0.08902002,0.09064405,0.091771275,0.09038564,0.089,0.244,0.244,0.244,0.244,0.244,0.24539681,0.24687031,0.24834383,0.24981733,0.24759436,0.24484828,0.24251944,0.24037711,0.24226269,0.24500878,0.2494226,0.25477844,0.25395462,0.2513049,0.2532118,0.25571117,0.25853017,0.2648233,0.27111638,0.27432665,0.27701336,0.27809602,0.27976242,0.2843812,0.289,1.12,1.0825092,1.0414859,0.9774107,0.91333544,0.8843919,0.85737765,0.83036333,0.803349,0.97240436,1.1692069,1.2522084,1.2843434,1.1693228,1.0228652,0.99053556,1.0226706,1.0995426,1.1896334,1.1873612,1.173079,1.1569705,1.1210098,1.0850493,1.0893066,1.1007341,1.1602818,1.206188,1.1830939,1.16,-0.39,-0.26146,-0.14695925,-0.124075234,-0.10119122,-0.069735914,-0.037809923,-0.0058839363,0.026042052,0.1302351,0.24465518,0.11713866,-0.11851797,-0.18639812,-0.21843573,-0.27107117,-0.33534116,-0.25182214,-0.12463521,-0.09420151,-0.07634874,-0.06340825,-0.10386392,-0.14431958,-0.40593252,-0.6971969,-0.46983314,-0.2975356,-0.4037678,-0.51,0.39,0.41142333,0.4275674,0.40926018,0.39095297,0.37603197,0.3612969,0.34656182,0.33182675,0.31396237,0.29565516,0.3492223,0.43491563,0.3670345,0.26634482,0.30871972,0.4319039,0.4886352,0.5257314,0.4415285,0.34155294,0.2503787,0.25487378,0.25936884,0.25069335,0.24,0.24,0.22856374,0.15928188,0.09,0.86,0.90820247,0.93418807,0.8151912,0.69619435,0.7225921,0.7569739,0.7913558,0.8257376,0.8420282,0.8557586,0.8674028,0.87811446,0.8422884,0.79652035,0.7868452,0.7975569,0.89408714,1.0159746,1.0363194,1.0434605,1.0511361,1.0646213,1.0781065,1.0148536,0.93926585,0.8797182,0.82008857,0.7600443,0.7,1.05,1.0285766,1.0154734,1.0566646,1.0978558,1.081376,1.0617292,1.0420824,1.0224357,1.0641035,1.1144483,1.0707777,0.98508435,1.0755925,1.203743,1.1541673,1.0042039,1.0722686,1.204755,1.2136806,1.2065395,1.196213,1.1512623,1.1063116,1.1186132,1.1410679,1.2276826,1.2992376,1.2946188,1.29,-0.5,-0.43573,-0.36601254,-0.2607461,-0.15547962,-0.23380825,-0.32221866,-0.4106291,-0.49903953,-0.52603763,-0.54434484,-0.5277916,-0.49565664,-0.4221191,-0.33973667,-0.38871974,-0.5119039,-0.4377314,-0.305245,-0.2742015,-0.25634873,-0.23772784,-0.21075739,-0.18378694,-0.29633296,-0.4301335,-0.44096032,-0.422553,-0.2562765,-0.09,1.06,1.1617608,1.2597305,1.3329593,1.4061881,1.4495761,1.4913255,1.5330749,1.5748242,1.5399059,1.4941379,1.2949303,1.0271387,1.1006771,1.2471348,1.2418158,1.1507667,1.1340908,1.1393902,1.2000343,1.2678748,1.3220475,1.2276509,1.1332543,1.0874268,1.0501335,1.0609603,1.07,1.07,1.07,0.0,0.0,0.0,0.0,0.0,0.0,0.0,0.0,0.0,0.0,0.0,0.0,0.0,0.0,0.0,0.0,0.0,0.0,0.0,0.0,0.0,0.0,0.0,0.0,0.0,0.0,0.0,0.0,0.0,0.0
-71.0,-65.968994,-59.062016,-56.76744,-52.0,-53.844963,-46.813953,-45.0,-41.751938,-38.279068,-45.310078,-63.953487,-41.465115,-26.403101,-26.0,-22.534883,-26.0,-25.209303,-23.83721,-19.0,-16.930233,-18.023256,-14.682171,-32.627907,163.62791,1108.4264,-145.1628,-14.72093,-80.17054,-87.35659,-68.093025,-49.67442,-22.527132,35.11628,57.689922,75.71318,80.790695,74.11628,8.627907,-61.488373,-91.24031,-79.906975,-77.74419,-70.333336,-69.63566,-66.0,-73.0,-72.45737,-72.48837,-64.48062,-58.573643,-61.0,-52.0,-53.64341,-50.32558,-45.0,-45.0,-38.23256,-44.496124,-59.806202,-52.139534,-19.379845,-23.193798,-23.069767,-21.0,-23.023256,-21.04651,-22.844961,-20.728682,-22.72093,-14.0,-19.403101,-52.279068,771.6977,852.6977,-329.51163,-165.92249,-121.60465,-87.06977,-57.87597,-32.837208,78.48837,59.457363,54.426357,52.88372,62.0,48.333332,548.8372,-31.852713,-51.387596,56.697674,64.10853,82.11628,79.74419,92.62791,115.25581,154.27907,220.62015,292.1938,296.51163,165.32558,-11.4651165,-82.81396,-82.0,-73.93799,-61.34884,-45.496124,-28.387596,-12.372093,-4.0,-9.643411,-10.953488,-14.527132,-10.24031,-16.0,-12.914729,-8.596899,-7.9302325,-7.3410854,-4.0,-13.72093,5.883721,18.457365,5.116279,-7.387597,0.24806201,3.9069767,-0.12403101,59.131783,829.0,-0.034,-0.0013805758,0.031238848,0.04033793,0.04541724,0.041030277,0.032358285,0.026248656,0.027180638,0.025480218,0.0046283123,-0.012719478,-0.019583412,-0.026391545,-0.032399334,-0.038297806,-0.04383887,-0.049677204,-0.059553638,-0.069430076,-0.089144826,-0.10696116,-0.09252523,-0.07903889,-0.06931254,-0.062434044,-0.060821567,-0.059209086,-0.06272268,-0.067,0.087,0.069292314,0.051584624,0.053732287,0.059273355,0.05559882,0.047752734,0.041627016,0.04022904,0.039839927,0.046790563,0.054063372,0.062300093,0.07049833,0.0781446,0.08627116,0.09596802,0.10561271,0.114548534,0.12348436,0.13558766,0.14773104,0.15788965,0.16632685,0.1679479,0.1701319,0.17335688,0.17658183,0.18444537,0.193,1.15,1.1034008,1.0568017,1.0421128,1.0328777,1.0498991,1.0788057,1.086324,1.0350648,0.9906461,0.9959927,1.0263653,1.1316123,1.2207453,1.0787431,0.9667555,0.9529028,0.9432248,0.9902554,1.037286,1.1407622,1.2396152,1.2342685,1.2354475,1.2624651,1.2856596,1.3017844,1.3179091,1.2734665,1.22,0.04,0.12853844,0.21707687,0.19450784,0.15294984,0.13715728,0.13302775,0.16605504,0.30119267,0.40449366,0.27617422,0.1731221,0.14566636,0.121779755,0.14908788,0.15485893,0.090213165,0.029032568,0.014923371,0.0008141762,-0.23175317,-0.46654084,-0.5574338,-0.5798826,-0.3313206,-0.17141488,-0.1754461,-0.17947729,-0.1474265,-0.11,0.88,0.8473806,0.81476116,0.7666207,0.7158276,0.5834483,0.41413793,0.25891808,0.14242011,0.054860253,0.17783304,0.27114633,0.27572227,0.2828476,0.3265406,0.35567397,0.33720377,0.31677523,0.26974458,0.22271392,0.16961887,0.11115064,-0.011822142,-0.084941305,0.03933969,0.12990421,0.1581226,0.186341,0.35752088,0.55,-0.59,-0.645919,-0.701838,-0.70211285,-0.69287777,-0.6530446,-0.5993608,-0.5637298,-0.5777096,-0.5938766,-0.6259564,-0.63509786,-0.57561046,-0.51537263,-0.44437152,-0.39,-0.39,-0.38580778,-0.32466793,-0.2635281,-0.15923774,-0.04768784,0.12340472,0.2480154,0.18857667,0.15990421,0.1881226,0.21634099,0.3735608,0.55,-0.09,0.021838026,0.13367605,0.043523513,-0.08115047,-0.0290328,0.103111856,0.25843403,0.47745016,0.65255535,0.508196,0.45158434,0.65750235,0.84893215,0.83254725,0.8405486,0.92828214,1.0154821,1.0954342,1.1753863,1.5074773,1.8219202,1.7096406,1.5971203,1.4836464,1.3944362,1.350093,1.3057499,1.0580254,0.78,-0.2,-0.2792186,-0.3584372,-0.25563636,-0.12172727,0.033709,0.19888982,0.29016134,0.17832331,0.08452269,0.12194918,0.16604847,0.23011184,0.2928476,0.3365406,0.34404388,0.23322257,0.12967752,0.12497446,0.12027139,0.35175318,0.5696116,0.42525226,0.30782098,0.29701394,0.26453203,0.19197044,0.11940887,-0.09474773,-0.33,2.16,2.0108826,1.8617653,1.8242257,1.8057555,1.8142136,1.8348613,1.8549731,1.8736128,1.8809546,1.8061017,1.7969991,1.9846132,2.1539488,2.0611012,2.01163,2.1039813,2.195482,2.2754343,2.3553863,2.1685517,1.9857713,2.065971,2.116926,2.0520837,1.9647236,1.8357252,1.7067269,1.4480255,1.17,0.0,0.0,0.0,0.0,0.0,0.0,0.0,0.0,0.0,0.0,0.0,0.0,0.0,0.0,0.0,0.0,0.0,0.0,0.0,0.0,0.0,0.0,0.0,0.0,0.0,0.0,0.0,0.0,0.0,0.0
-71.0,-65.968994,-59.062016,-56.76744,-52.0,-53.844963,-46.813953,-45.0,-41.751938,-38.279068,-45.310078,-63.953487,-41.465115,-26.403101,-26.0,-22.534883,-26.0,-25.209303,-23.83721,-19.0,-16.930233,-18.023256,-14.682171,-32.627907,163.62791,1108.4264,-145.1628,-14.72093,-80.17054,-87.35659,-68.093025,-49.67442,-22.527132,71.88372,56.418606,53.0,49.11628,56.837208,106.25581,764.27905,-371.7752,-28.627907,53.720932,66.666664,82.17829,93.27907,96.70543,125.82946,178.13954,260.3101,302.42636,263.11627,84.5969,-54.829456,-88.674416,-83.70543,-73.736435,-58.0,-38.503876,-16.852713,-14.0,-6.837209,-18.728682,-9.0,-14.0,-9.054263,-9.0,-13.7286825,-13.891473,-9.0,-4.0,-7.5038757,-8.186047,14.0,20.263565,-5.3023257,0.7131783,-1.2248062,-0.8372093,4.0,418.08527,-46.720932,-41.542637,-36.56589,-28.093023,482.2248,-25.333334,-130.8372,-31.891474,-10.2015505,-3.4418604,11.054263,15.83721,39.09302,72.77519,141.71318,221.76744,231.46512,110.72093,-76.0,-138.65117,-138.30232,-123.0,-111.0,-103.0,-92.11628,-78.78294,-68.023254,-67.976746,-66.550385,-62.062016,-65.60465,-56.31783,-63.24031,-60.0,-45.65116,-50.604652,-60.930233,-33.046513,-16.465117,-40.581394,-32.24031,-40.67442,-24.83721,-32.844963,361.83722,194.0,-161.73643,-56.131783,-24.0,0.03,0.030455869,0.030911736,0.017762931,0.0013475985,-0.0030056427,0.002415047,0.0046778326,0.0007736453,-0.0031305419,-0.0023865865,0.0026279658,0.002448903,-0.0083924765,-0.01830404,-0.020975528,-0.022447959,-0.020168617,-0.018282466,-0.024097212,-0.027034173,-0.014499845,-0.0019655172,0.0077356324,0.017200328,0.027236635,0.038177475,0.049383108,0.061691552,0.074,0.072,0.09524929,0.11849858,0.10761638,0.0885391,0.07026834,0.052651096,0.04051921,0.039099507,0.037679803,0.03628725,0.034919646,0.034,0.034,0.035276975,0.04649722,0.056987345,0.065192975,0.07310271,0.075217165,0.079808325,0.097714506,0.11562069,0.11481609,0.112449914,0.09105252,0.039539386,-0.0026178425,-0.005808921,-0.009,0.15,0.18646947,0.22293894,0.1512931,0.05368842,-0.049887147,-0.15830094,-0.2384138,-0.2632586,-0.28810346,-0.29287252,-0.27919647,-0.24336678,-0.16205643,-0.10824249,-0.2685317,-0.37233472,-0.29939577,-0.23025678,-0.23554292,-0.22385213,-0.12089158,-0.017931035,-0.050038315,-0.09341817,-0.23297691,-0.5247327,-0.76264787,-0.776324,-0.79,0.19,0.34043658,0.49087313,0.49853447,0.47191504,0.52986836,0.6563511,0.78567487,0.92054677,1.0554187,1.1698924,1.2656248,1.2974483,1.198069,1.1106081,1.1159511,1.0824612,0.927466,0.7769186,0.71348494,0.62489593,0.40106866,0.17724138,0.33471265,0.52400655,0.73885477,0.9941411,1.2008827,1.2054414,1.21,0.64,0.79043657,0.94087315,0.9521121,0.9299292,0.8800752,0.8077994,0.7263448,0.6269655,0.5275862,0.49425498,0.5216071,0.5444389,0.5579906,0.5870263,0.7366296,0.8544163,0.87265104,0.8930814,0.956515,1.0114042,1.0203573,1.0293103,1.0445594,1.0603338,0.9411357,0.60835177,0.3152863,0.18764316,0.06,-0.99,-1.16323,-1.33646,-1.2412069,-1.0814902,-0.93015045,-0.78559875,-0.6659606,-0.59497535,-0.52399015,-0.4353559,-0.33050618,-0.24816301,-0.21202508,-0.19763441,-0.35258064,-0.4920816,-0.5832553,-0.67847395,-0.85291636,-0.98385215,-0.88089156,-0.77793103,-0.68992335,-0.60316366,-0.47938943,-0.29704207,-0.16412212,-0.23706105,-0.31,-1.82,-1.9430845,-2.066169,-2.047069,-1.9938301,-1.9051223,-1.787674,-1.6943744,-1.648234,-1.6020936,-1.5324833,-1.4413097,-1.3652037,-1.3200314,-1.2733111,-1.2145383,-1.1898735,-1.2719297,-1.3541086,-1.4386867,-1.5114042,-1.5203573,-1.5293103,-1.4171648,-1.2949125,-1.2482443,-1.3211832,-1.3711736,-1.3255868,-1.28,1.04,0.98985445,0.93970895,0.9407328,0.9540425,1.1172037,1.40179,1.5803843,1.5519902,1.523596,1.4173427,1.2395539,1.108163,1.0720251,1.0290545,0.932881,0.86,0.86,0.863595,0.93760085,0.9817459,0.86535573,0.7489655,0.6781226,0.611081,0.6335495,0.79766214,0.9582442,1.1041222,1.25,2.05,1.9907371,1.9314742,1.877069,1.82383,1.8099812,1.8280501,1.8219705,1.7687315,1.7154926,1.6448592,1.5582442,1.5310721,1.6259341,1.702703,1.6385874,1.5679184,1.4767447,1.393595,1.4676008,1.5278938,1.5144641,1.5010345,1.5072796,1.515167,1.4617463,1.3113097,1.2032394,1.2716198,1.34,0.0,0.0,0.0,0.0,0.0,0.0,0.0,0.0,0.0,0.0,0.0,0.0,0.0,0.0,0.0,0.0,0.0,0.0,0.0,0.0,0.0,0.0,0.0,0.0,0.0,0.0,0.0,0.0,0.0,0.0
205.0,287.15503,303.5659,197.06976,11.209302,-77.77519,-82.0,-76.45737,-65.88372,-49.023254,-31.914728,-9.852714,-4.0,-5.612403,-14.48062,-15.5348835,-12.75969,-16.0,-10.395349,-7.589147,-10.449613,-8.348837,-4.0,-12.713179,1.3488373,15.937984,11.16279,-9.906977,2.2635658,2.8992248,-2.139535,30.914728,776.5969,-40.44186,-43.0,-30.829458,19.209303,755.0155,-457.31784,-97.72093,-26.542635,-9.085271,3.3023255,12.666667,26.457365,47.88372,95.550385,178.13179,237.2093,204.969,24.736435,-117.34884,-137.58139,-129.60464,-117.139534,-108.441864,-99.52713,-89.23256,-74.30232,-69.74419,-67.0,-66.89147,-58.07752,-65.04651,-59.96124,-55.03876,-54.837208,-53.0,-60.271317,-54.162792,-23.573643,-31.705427,-47.186047,-31.922482,-39.821705,-22.627907,-2.7751937,773.64343,-462.0465,-101.64341,-28.085272,-45.76744,-40.23256,703.67444,-323.44186,-113.79845,-65.666664,-43.697674,-36.178295,-29.581396,-14.418605,3.6976745,46.52713,115.81396,189.68993,189.96124,47.255814,-117.139534,-177.63567,-167.39536,-149.04651,-135.86821,-121.74419,-116.0,-111.10078,-96.0,-88.28682,-91.0,-89.0,-84.93023,-84.88372,-86.16279,-74.0,-77.496124,-77.0,-74.65116,-70.99225,-72.0,-79.852715,-58.620155,-50.697674,-57.00775,-62.542637,-72.18604,-59.844963,-62.186047,3.6511629,801.08527,-514.8915,-166.0,0.05,0.040248275,0.030496553,0.026842259,0.025286134,0.027546758,0.03066731,0.032803036,0.032022897,0.031242758,0.02711107,0.021465335,0.022953918,0.02694326,0.028015805,0.025984196,0.023857366,0.021641066,0.018076414,0.010665104,0.003253793,0.007429038,0.016667513,0.022644827,0.02752069,0.03130721,0.033966772,0.036421385,0.038210694,0.04,0.049,0.07027649,0.09155298,0.06496918,0.021916362,0.008269793,0.0012485518,-0.0042954483,-0.005465655,-0.006635862,-0.006646461,-0.0061332122,-0.0043589342,-0.0021426333,-0.0029683907,-0.0070316093,-0.007171787,-0.0036257054,0.007504276,0.040270068,0.07303586,0.09621525,0.115205444,0.10243856,0.07894577,0.06591066,0.06369436,0.061578613,0.059789307,0.058,-0.84,-0.7912414,-0.7424828,-0.6566765,-0.5581218,-0.5909352,-0.6533462,-0.7137876,-0.7683972,-0.82300687,-0.93545556,-1.0740327,-1.0377932,-0.94027585,-0.9121444,-0.9578556,-0.9731442,-0.9598464,-0.9145655,-0.77804136,-0.6415172,-0.7500109,-0.96557534,-0.9934922,-0.95803136,-0.96396554,-1.0127242,-1.0373584,-0.98367923,-0.93,0.55,0.5411348,0.5322696,0.53385913,0.5390462,0.5941186,0.6604304,0.7198483,0.75885516,0.79786205,0.8559601,0.9226824,0.9104608,0.8705674,0.8057112,0.7142888,0.7317022,0.85138243,0.90557796,0.77295446,0.64033103,0.47141925,0.28664973,0.26982132,0.30971473,0.288605,0.20438558,0.18003164,0.35001582,0.52,0.39,0.47865203,0.5673041,0.6363096,0.69855464,0.6526979,0.5824855,0.51818204,0.4713738,0.42456552,0.38878766,0.35799274,0.3795392,0.4194326,0.40555316,0.33444685,0.31142634,0.33358935,0.37328553,0.46300137,0.55271727,0.522853,0.44073322,0.3868652,0.3425392,0.3330721,0.35966772,0.38,0.38,0.38,-0.56,-0.48464575,-0.40929154,-0.42859134,-0.48046222,-0.49318343,-0.49708414,-0.5128028,-0.5635117,-0.6142207,-0.5628276,-0.46531034,-0.45969278,-0.4862884,-0.495079,-0.48492098,-0.4320094,-0.33892477,-0.27506205,-0.29456553,-0.31406897,-0.3164283,-0.31129584,-0.32988086,-0.3564765,-0.40268025,-0.4691693,-0.52421385,-0.5421069,-0.56,-0.95,-0.9588652,-0.9677304,-1.0394645,-1.1328319,-1.1722841,-1.199589,-1.1875007,-1.0587779,-0.9300552,-0.9854555,-1.1240326,-1.1567179,-1.1522852,-1.1598419,-1.180158,-1.2037116,-1.2303072,-1.2550621,-1.2745655,-1.2940689,-1.1749909,-0.9953539,-1.0427774,-1.1668903,-1.2278214,-1.2233887,-1.2073585,-1.1536793,-1.1,0.71,0.86957365,1.0291474,0.95036685,0.7895671,0.7249821,0.6820745,0.6243945,0.5229766,0.42155862,0.49252632,0.64136845,0.5979467,0.48713166,0.45952585,0.52047414,0.54542947,0.5365643,0.5219007,0.49069518,0.45948964,0.4249982,0.38907078,0.42307523,0.48069906,0.5187147,0.53644514,0.53630495,0.47815248,0.42,0.67,0.59464574,0.5192915,0.55016875,0.61760086,0.64910066,0.67250484,0.6801517,0.6411448,0.6021379,0.6218185,0.6680109,0.6603072,0.6337116,0.63230246,0.65769756,0.64486206,0.5961034,0.56,0.56,0.56,0.5528566,0.54259163,0.51680565,0.48577744,0.4961442,0.5493354,0.58578616,0.5678931,0.55,0.0,0.0,0.0,0.0,0.0,0.0,0.0,0.0,0.0,0.0,0.0,0.0,0.0,0.0,0.0,0.0,0.0,0.0,0.0,0.0,0.0,0.0,0.0,0.0,0.0,0.0,0.0,0.0,0.0,0.0
236.0,143.97675,-54.333332,-137.13954,-139.81395,-123.0,-111.0,-103.0,-93.62791,-81.30232,-69.53488,-69.48837,-69.06977,-65.58915,-63.08527,-58.837208,-65.75969,-60.0,-47.162792,-52.11628,-63.44961,-39.09302,-17.976744,-39.069767,-37.279068,-39.162792,-29.372093,-31.83721,206.13954,497.33334,-319.9535,-92.91473,-32.56589,-49.023254,106.71318,663.938,-398.65115,-133.64342,-74.05426,-48.023254,-36.100777,-18.914728,-6.7906976,17.0,72.325584,149.44186,203.56589,151.12402,-29.906977,-151.71318,-175.57364,-162.04651,-138.55038,-126.78294,-120.48837,-116.0,-100.18604,-91.5814,-89.0,-89.17054,-87.139534,-84.0,-82.07752,-82.11628,-78.96124,-77.0,-77.0,-69.88372,-73.89147,-79.34884,-69.31783,-55.0,-45.581394,-65.263565,-68.031006,-63.860466,-65.0,-65.0,383.44186,148.45737,-191.68993,177.27907,146.41861,-20.635658,-155.04651,-174.0,-169.33333,-155.04651,-143.90698,-131.24031,-118.4186,-108.0,-103.86822,-99.0,-97.62791,-94.0,-91.0,-90.00775,-90.03876,-89.0,-86.04651,-84.0,-74.0,-77.0,-73.93799,-78.25581,-77.71318,-78.31783,-77.0,-83.550385,-62.062016,-50.837208,-65.68217,-70.99225,-70.93023,-68.91473,-65.0,179.34883,436.13953,-289.87598,-117.69768,-80.24031,-62.0,-48.0,-35.76744,-9.620155,13.44186,61.34884,141.5969,176.0,0.052,0.054250784,0.056501567,0.050574712,0.04232184,0.039,0.039,0.039,0.03564386,0.031286344,0.028109662,0.028555762,0.029,0.029,0.029528946,0.0345261,0.03952325,0.039036706,0.037964262,0.036613792,0.035263322,0.037583653,0.040793102,0.040033855,0.03688276,0.03415187,0.032044753,0.033416018,0.038208008,0.043,0.043,0.040749215,0.03849843,0.039427843,0.041261815,0.04369064,0.046520196,0.049349755,0.049694896,0.04929876,0.049657967,0.052334577,0.054969184,0.04759428,0.040855743,0.039492883,0.038130023,0.03270189,0.027035737,0.028386207,0.029736677,0.034798212,0.04075862,0.043561757,0.04446207,0.046272192,0.04943287,0.05059733,0.049798664,0.049,-0.78,-0.7034733,-0.6269467,-0.6064304,-0.60184544,-0.5408276,-0.4417931,-0.34275863,-0.3810207,-0.46024826,-0.50903386,-0.46442375,-0.4201761,-0.46231842,-0.5086555,-0.5904271,-0.67219865,-0.7474305,-0.8203574,-0.83386207,-0.84736675,-0.8869093,-0.9327586,-0.93876487,-0.9207586,-0.87819517,-0.7991783,-0.79624027,-0.86812013,-0.94,0.17,0.21501568,0.26003134,0.34139207,0.4330907,0.4890197,0.5208522,0.5526847,0.47457105,0.3636524,0.29973906,0.38003728,0.45986792,0.4282612,0.39471054,0.34473902,0.29476747,0.20812014,0.12059561,0.14310345,0.16561128,0.1367816,0.09551724,0.032250784,-0.04427586,-0.022149669,0.14641966,0.20986652,0.16993326,0.13,0.33,0.28048277,0.23096551,0.24498723,0.27708173,0.332266,0.4030049,0.47374386,0.49610206,0.5040248,0.5176763,0.5489034,0.579956,0.5694204,0.56192344,0.58009493,0.59826636,0.6288988,0.66083384,0.69234484,0.7238558,0.71523625,0.69689655,0.70404387,0.7265517,0.7612032,0.81388116,0.82187986,0.78593993,0.75,-0.03,0.0060125394,0.042025078,0.057139207,0.066309065,0.059433497,0.04174877,0.02406404,0.016948966,0.012987587,0.0067101587,-0.0066728797,-0.020330153,-0.099347025,-0.17865549,-0.2604271,-0.34219867,-0.35481647,-0.3621442,-0.44317243,-0.5242006,-0.6175096,-0.7137931,-0.70786834,-0.6403448,-0.606361,-0.62216437,-0.62194663,-0.6059733,-0.59,-0.34,-0.3129906,-0.28598118,-0.21931674,-0.14137292,-0.15437931,-0.22865517,-0.30293104,-0.3016938,-0.27792552,-0.28960857,-0.4100559,-0.5301761,-0.57231843,-0.61096174,-0.62004745,-0.62913316,-0.70224696,-0.7802383,-0.7892414,-0.79824454,-0.7741635,-0.74206895,-0.7440439,-0.76655173,-0.78424066,-0.7947762,-0.78187984,-0.7459399,-0.71,1.15,1.1725079,1.1950157,1.182152,1.1592274,1.1394335,1.1217488,1.104064,1.0511835,0.9878014,0.9312271,0.895539,0.86011004,0.88644904,0.9124043,0.9351186,0.957833,0.68546164,0.39059561,0.41310346,0.43561128,0.4178544,0.39034483,0.36033857,0.3288276,0.31212032,0.31738812,0.29785317,0.25392658,0.21,1.25,1.4300627,1.6101254,1.7785058,1.9435632,2.0501528,2.1173546,2.1845567,2.2610207,2.3402483,2.337493,2.0832152,1.8301101,1.856449,1.8545144,1.6137425,1.3729706,1.2825695,1.205116,1.0205517,0.83598745,0.7778544,0.7503448,0.82426333,0.95931035,0.9975935,0.8922377,0.8359733,0.82798666,0.82,0.0,0.0,0.0,0.0,0.0,0.0,0.0,0.0,0.0,0.0,0.0,0.0,0.0,0.0,0.0,0.0,0.0,0.0,0.0,0.0,0.0,0.0,0.0,0.0,0.0,0.0,0.0,0.0,0.0,0.0
-99.0,-174.10852,-168.90698,-153.58139,-136.87598,-120.23256,-116.0,-115.13178,-96.0,-87.27907,-91.0,-89.0,-86.441864,-86.39535,-84.65116,-74.0,-78.503876,-77.0,-76.16279,-68.47287,-72.0,-82.37209,-60.63566,-53.217052,-52.976746,-65.06201,-73.1938,-58.837208,-63.697674,-32.627907,753.72095,-446.36435,-141.81395,178.44186,87.42635,-88.58915,-171.7907,-174.0,-161.87598,-153.97675,-140.75969,-128.72868,-112.74419,-108.0,-99.63566,-100.39535,-94.57365,-94.0,-91.0,-91.0,-91.0,-92.95349,-79.5814,-79.89147,-76.51163,-78.70543,-73.736435,-81.65116,-74.30232,-81.74419,-81.65116,-74.434105,-55.193798,-54.88372,-71.96124,-72.0155,-65.0,-69.8062,-64.23256,640.9535,-334.16278,-113.139534,-67.790695,-55.92248,-49.705425,-37.186047,-28.860466,-2.8372092,31.511627,95.06977,163.4031,-79.0,-73.45737,-72.0,-69.093025,-39.89147,695.3333,-492.6744,-141.84496,-74.11628,-55.76744,-44.178295,-36.0,-22.906977,-1.9689922,32.984497,104.18604,163.04651,160.17055,26.83721,-130.81395,-179.69768,-179.25581,-166.8217,-150.87598,-133.86046,-122.852715,-107.70543,-105.023254,-107.550385,-105.11628,-99.0,-94.52713,-92.24031,-91.0,-87.0,-87.0,-89.0,-87.0,-81.53488,-86.5814,-89.0,-68.30232,-55.279068,-69.22481,-79.18604,-81.860466,-73.93799,-65.07752,106.0,0.031,0.02830655,0.025613097,0.029535173,0.035406895,0.039903134,0.03945831,0.03901348,0.040365417,0.041773506,0.04311686,0.04402299,0.044929117,0.042121056,0.03900158,0.041246124,0.043490667,0.042792737,0.041231107,0.042894986,0.04511912,0.041998204,0.035372127,0.0338646,0.035211325,0.034883898,0.032190446,0.03,0.03,0.03,0.074,0.06995982,0.065919645,0.061674207,0.057368275,0.054096866,0.054541692,0.05498652,0.05363458,0.052226495,0.051350575,0.054068964,0.056787357,0.05939912,0.061996203,0.0566093,0.0512224,0.051207263,0.052768894,0.054515988,0.056295298,0.053921696,0.048824713,0.0464236,0.04552578,0.044627964,0.043730147,0.04376861,0.047884304,0.052,-0.5,-0.54040176,-0.5808035,-0.6141876,-0.64550346,-0.66709405,-0.6537492,-0.6404044,-0.61269164,-0.5845299,-0.56350577,-0.59068966,-0.61787355,-0.5864123,-0.55003166,-0.5949225,-0.63981336,-0.62987894,-0.6038518,-0.59242004,-0.5835235,-0.5707651,-0.55547416,-0.555764,-0.56474215,-0.59790254,-0.66523886,-0.7029198,-0.61145985,-0.52,0.6,0.58204365,0.56408733,0.5388359,0.5114345,0.4657837,0.3545768,0.2433699,0.3082709,0.37867525,0.44525862,0.48603448,0.52681035,0.38125458,0.21999684,0.21550775,0.21101867,0.24219368,0.2838371,0.19146082,0.07580564,0.048469827,0.079051726,0.127466,0.18582411,0.25162292,0.32793736,0.37377375,0.28688687,0.2,0.9,0.9044891,0.90897816,0.8737186,0.82674485,0.79484326,0.8170846,0.839326,0.86048126,0.8816026,0.8970786,0.8744253,0.851772,0.83080703,0.8099937,0.8010155,0.7920373,0.80207264,0.81768894,0.7821003,0.73761755,0.7815661,0.88350576,0.937292,0.9642265,0.9539576,0.8911104,0.84939414,0.89969707,0.95,-0.39,-0.47080353,-0.5516071,-0.5306952,-0.4798069,-0.43903136,-0.43458307,-0.4301348,-0.4914438,-0.5548077,-0.60649425,-0.57931036,-0.5521264,-0.50681585,-0.45993674,-0.370155,-0.2803733,-0.33243582,-0.42613354,-0.42105016,-0.39880878,-0.38076508,-0.36547413,-0.31965202,-0.2568048,-0.2330212,-0.2644448,-0.290854,-0.295427,-0.3,-1.16,-1.1016419,-1.0432838,-1.090469,-1.1687586,-1.2319373,-1.2408339,-1.2497303,-1.3353386,-1.4233441,-1.4748755,-1.2800574,-1.0852394,-1.1515701,-1.2400316,-1.2849225,-1.3298134,-1.2514673,-1.1369479,-1.1275799,-1.1364765,-1.170783,-1.2217529,-1.234236,-1.2252579,-1.2348814,-1.270794,-1.305124,-1.3325621,-1.36,0.45,0.5442708,0.6385416,0.70232826,0.75713104,0.7612539,0.5833229,0.40539184,0.4682709,0.53867525,0.5924042,0.53350574,0.4746073,0.40282464,0.33009806,0.46925974,0.6084214,0.5796368,0.5015554,0.5771693,0.6794796,0.750783,0.80175287,0.739304,0.6136096,0.5381398,0.53365076,0.53939414,0.58969706,0.64,0.76,0.74653274,0.7330655,0.7541876,0.78550345,0.8022508,0.76666456,0.7310784,0.692451,0.6537286,0.6270115,0.6813793,0.7357471,0.6872194,0.6300411,0.68839926,0.7467573,0.6795158,0.5754072,0.62442946,0.7000502,0.7238434,0.71364945,0.715764,0.7247422,0.7281398,0.72365075,0.70548177,0.6277409,0.55,0.0,0.0,0.0,0.0,0.0,0.0,0.0,0.0,0.0,0.0,0.0,0.0,0.0,0.0,0.0,0.0,0.0,0.0,0.0,0.0,0.0,0.0,0.0,0.0,0.0,0.0,0.0,0.0,0.0,0.0
-89.0,-89.031006,-89.0,-90.5814,-84.0,-74.0,-77.0,-76.45737,-77.24806,-78.72093,-77.310074,-77.0,-86.06977,-65.58915,-52.34884,-63.162792,-73.00775,-72.94574,-66.39535,-65.0,58.418606,649.27905,-432.47287,-141.88373,-85.27907,-62.0,-48.0,-34.255814,-14.658915,7.395349,50.76744,128.49612,173.48062,-77.976746,-72.0,-72.0,-67.0,184.37209,367.13177,-315.3256,-119.48837,-76.92248,-58.697674,-41.666668,-33.953487,-15.511628,11.131783,59.031006,134.37209,172.79845,124.093025,-49.44186,-162.31783,-182.64342,-178.0,-161.44186,-142.65892,-132.0,-118.20155,-106.0,-107.860466,-101.27132,-101.1938,-100.95349,-98.96124,-91.0,-88.95349,-88.92248,-89.0,-88.860466,-83.57365,-84.0,-87.23256,-83.34109,-59.705425,-55.813953,-79.53488,-74.968994,-75.95349,-71.550385,-63.63566,-100.48837,-95.89922,-92.565895,-102.39535,-81.77519,-67.0,-75.48837,-89.54263,-85.89922,-85.81396,-80.76744,7.7906976,630.3721,-501.09302,-152.65117,-82.860466,-59.00775,-46.44186,-42.069767,-18.496124,1.3953488,53.2093,134.50388,188.0,143.39536,-40.604652,-173.10852,-190.0,-182.55038,-178.06201,-160.95349,-139.63567,-121.24031,-106.46512,-105.34884,-103.60465,-103.558136,-111.0,-105.53488,-99.558136,-98.62791,-98.674416,-94.0,-89.387596,-90.87597,-96.0,-70.21706,-62.12403,-77.0,0.037,0.030117428,0.023234855,0.021110784,0.020027146,0.020671016,0.021359272,0.02204753,0.022735788,0.029024828,0.038803585,0.047302436,0.049171466,0.050982624,0.050180558,0.049378496,0.04924676,0.049714014,0.047131814,0.0397386,0.032345384,0.034206897,0.036521945,0.04111622,0.04630364,0.047460224,0.04665816,0.045835353,0.044917677,0.044,0.062,0.062,0.062,0.09712399,0.13992773,0.12377726,0.10611199,0.08844672,0.070781454,0.06625931,0.069926344,0.07254635,0.069742806,0.06701738,0.06781944,0.0686215,0.06875324,0.06828599,0.06815934,0.06857008,0.06898081,0.06944138,0.06990439,0.07224521,0.07507471,0.07626989,0.07667092,0.07732929,0.07916465,0.081,-0.75,-0.69035107,-0.6307021,-0.5533089,-0.47203594,-0.4588164,-0.44734544,-0.4358745,-0.42440355,-0.43757242,-0.46609378,-0.49453655,-0.522572,-0.5499131,-0.5459028,-0.54189247,-0.54,-0.54,-0.5320328,-0.5114961,-0.4909594,-0.5164828,-0.5442633,-0.5687101,-0.59228927,-0.5595167,-0.49936193,-0.46234855,-0.5311743,-0.6,0.32,0.31082323,0.30164647,0.25998533,0.21122158,0.18315937,0.15562908,0.12809879,0.1005685,0.04732414,-0.02194207,-0.052780766,0.11543182,0.2781754,0.19395873,0.10974206,0.08974059,0.12712117,0.1802753,0.2583148,0.3363543,0.28703448,0.23147336,0.25367817,0.2961207,0.36127886,0.43747488,0.503293,0.5216465,0.54,0.79,0.7624697,0.7349394,0.75223035,0.7793214,0.77328986,0.76640725,0.7595247,0.7526421,0.74748963,0.7434152,0.75890225,0.87571657,0.9893918,0.96131957,0.9332473,0.8953243,0.84859854,0.8168131,0.80859846,0.80038375,0.8441379,0.89043885,0.90748405,0.9169157,0.9173011,0.9132908,0.90423733,0.87211865,0.84,-0.51,-0.42282075,-0.3356415,-0.2888775,-0.2509501,-0.27684063,-0.3043709,-0.33190122,-0.3594315,-0.30975172,-0.21196415,-0.14209744,-0.2168586,-0.28965247,-0.2736112,-0.2575699,-0.24753243,-0.24285986,-0.27186874,-0.35401556,-0.4361624,-0.41793102,-0.39478058,-0.34509578,-0.28850573,-0.30238664,-0.35051045,-0.37765145,-0.30882573,-0.24,-1.32,-1.3383535,-1.3567071,-1.297755,-1.2219002,-1.2624977,-1.3060873,-1.349677,-1.3932666,-1.3949379,-1.370491,-1.3341221,-1.2359982,-1.1411295,-1.1932636,-1.2453978,-1.3020785,-1.3628219,-1.3952197,-1.3828976,-1.3705757,-1.3876551,-1.4061755,-1.39129,-1.3677107,-1.3303123,-1.2861987,-1.256586,-1.293293,-1.33,0.8,0.7219975,0.64399505,0.6477843,0.6694571,0.6923672,0.7153091,0.73825103,0.7611929,0.7298345,0.66464275,0.6304144,0.75657386,0.8795656,0.859514,0.8394624,0.82506484,0.8157197,0.77653784,0.69028366,0.6040295,0.7456552,0.8984483,0.7840613,0.6001437,0.6047733,0.7010209,0.79975766,0.90987885,1.02,0.92,0.80529046,0.6905809,0.8256126,1.0152495,0.97973907,0.9384436,0.8971482,0.8558527,0.85757244,0.8860938,0.91,0.91,0.911477,0.97965246,1.0478278,1.0602595,1.0228789,0.9808788,0.9315907,0.8823026,0.9153103,0.9523511,1.0086462,1.0699521,1.0657101,1.0296172,0.996707,0.9783535,0.96,0.0,0.0,0.0,0.0,0.0,0.0,0.0,0.0,0.0,0.0,0.0,0.0,0.0,0.0,0.0,0.0,0.0,0.0,0.0,0.0,0.0,0.0,0.0,0.0,0.0,0.0,0.0,0.0,0.0,0.0
157.0,168.73643,58.07752,-112.674416,-178.18605,-180.76744,-170.34883,-155.91473,-136.37985,-126.88372,-110.22481,-103.51163,-110.06977,-103.60465,-99.0,-95.53488,-94.75969,-91.0,-87.0,-87.0,-89.0,-87.0,-80.023254,-85.06977,-89.0,-74.34884,-56.7907,-64.18604,-80.69768,-80.34884,-72.93023,-67.5969,25.88372,-96.441864,-101.0,-92.79845,-95.4186,-72.9845,-67.0,-87.441864,-85.139534,-89.0,-84.0,-79.0,356.17828,-6.883721,-206.41086,-85.34884,-71.139534,-54.68217,-41.899223,-37.465115,-9.968992,16.32558,82.93023,170.02325,181.92249,74.325584,-106.06201,-189.4031,-190.0,-182.89148,-171.1938,-152.1628,-130.05426,-115.93799,-105.93023,-107.92248,-103.16279,-103.558136,-105.74419,-105.69768,-94.23256,-98.60465,-95.70543,-94.0,-87.35659,-94.387596,-88.06977,-70.0,-62.4031,-64.558136,-58.542637,-49.426357,-38.581394,-10.186047,32.333332,113.11628,172.27907,164.50388,-8.27907,-164.73643,-203.0,-192.7907,-186.91473,-166.63567,-160.58139,-133.47287,-122.4031,-119.06977,-114.65116,-113.82946,-114.74419,-113.0,-112.22481,-109.11628,-106.71318,-102.31783,-103.0,-99.0,-101.0,-103.0,-85.84496,-70.99225,-85.83721,-96.0,-94.0,-91.0,-87.34109,-2.1085272,717.6512,-514.3721,-177.31007,-103.95349,-78.45737,-69.81396,-60.23256,-43.217052,-19.155039,29.0,0.039,0.04033249,0.04166498,0.04013349,0.037640076,0.03514666,0.03265325,0.030159835,0.039739605,0.05014631,0.04980564,0.04540439,0.041150272,0.03707332,0.03858176,0.045869857,0.04621259,0.041326795,0.03842518,0.039757673,0.041,0.041,0.041,0.039377134,0.035887852,0.034179162,0.04102024,0.045161754,0.04208088,0.039,0.082,0.08377665,0.0855533,0.086933255,0.08817996,0.08942667,0.09067337,0.091920085,0.09242346,0.09287593,0.09395831,0.09527868,0.09576879,0.09525917,0.09525584,0.09577642,0.096506804,0.09739513,0.098283455,0.09917178,0.099870004,0.09794883,0.09602764,0.09236284,0.086692765,0.08281634,0.08755247,0.09004201,0.086521,0.083,-0.56,-0.5466751,-0.5333502,-0.5284446,-0.5263667,-0.5242889,-0.522211,-0.5201332,-0.5242346,-0.52875924,-0.5363887,-0.5451912,-0.5268784,-0.4759165,-0.46279198,-0.4888209,-0.5278741,-0.57673204,-0.58165455,-0.4928219,-0.41077995,-0.42230707,-0.43383417,-0.4298571,-0.40804908,-0.40995502,-0.52572715,-0.5944326,-0.5372163,-0.48,0.42,0.44220817,0.46441633,0.49177593,0.5208658,0.5499556,0.5790454,0.6081353,0.4660232,0.312185,0.33388716,0.42191222,0.527804,0.6552087,0.6278977,0.44048944,0.31945586,0.24838975,0.19291364,0.17070547,0.14948002,0.14179529,0.13411057,0.119857095,0.09804908,0.08544228,0.117016494,0.13281505,0.10640752,0.08,0.74,0.79774123,0.85548246,0.87,0.87,0.87,0.87,0.87,0.7980116,0.72109246,0.7255549,0.7607649,0.80774593,0.8689002,0.8667408,0.79906565,0.74719393,0.70721924,0.7168491,0.83233154,0.93974,0.93589765,0.9320553,0.9157999,0.8852687,0.85183656,0.80447525,0.77479,0.792395,0.81,-0.23,-0.19002531,-0.15005061,-0.1275566,-0.11093385,-0.09431109,-0.07768832,-0.061065562,-0.12775378,-0.20014824,-0.21361129,-0.20480877,-0.23699455,-0.31853357,-0.29092324,-0.15036708,-0.110272065,-0.14580512,-0.16433091,-0.14656438,-0.13025999,-0.13410236,-0.13794471,-0.123771355,-0.088878535,-0.069977514,-0.12786357,-0.18317242,-0.2315862,-0.28,-1.02,-1.1088326,-1.1976653,-1.1935577,-1.1582345,-1.1229111,-1.0875877,-1.0522643,-1.0965807,-1.1463519,-1.1536113,-1.1448088,-1.2001162,-1.332617,-1.297664,-1.0894327,-0.9695919,-0.9162923,-0.9125973,-1.0147548,-1.1042802,-1.0197482,-0.9352162,-0.9326002,-1.0241939,-1.0981859,-1.0876611,-1.0835925,-1.0967963,-1.11,0.68,0.7777159,0.87543184,0.87200236,0.83460116,0.79719996,0.7597987,0.7223975,0.75387686,0.7900741,0.78402823,0.76202196,0.7476878,0.7425917,0.7092992,0.6468298,0.6554761,0.717659,0.7741727,0.81858903,0.8527203,0.7451341,0.6375479,0.6124573,0.68224293,0.7245802,0.6351199,0.6202947,0.80514735,0.99,0.87,0.94106615,1.0121323,1.0206674,1.0082004,0.9957333,0.98326623,0.97079915,0.99540764,1.0225556,1.0874984,1.166721,1.1683811,1.0766498,1.0581424,1.115406,1.0893198,1.0004872,0.95842457,1.0161657,1.0642803,0.97974825,0.8952162,0.86420006,0.8947313,0.9063943,0.8274588,0.7819749,0.82598746,0.87,0.0,0.0,0.0,0.0,0.0,0.0,0.0,0.0,0.0,0.0,0.0,0.0,0.0,0.0,0.0,0.0,0.0,0.0,0.0,0.0,0.0,0.0,0.0,0.0,0.0,0.0,0.0,0.0,0.0,0.0
-58.0,-47.953487,-41.062016,-23.534883,-1.6279069,42.627907,118.88372,188.0,161.53488,-10.372093,-158.49612,-190.0,-185.06976,-181.58914,-164.48062,-144.67442,-123.75969,-107.47287,-103.83721,-105.11628,-105.06977,-111.0,-104.023254,-101.57365,-97.11628,-97.16279,-94.0,-91.906975,-89.86822,-96.0,-73.74419,-66.15504,-73.47287,-68.4186,-58.945736,-46.372093,-27.976744,4.3100777,59.728683,144.09302,181.10077,114.03876,-86.46512,-193.0,-200.95349,-187.2093,-183.00775,-165.45737,-151.04651,-126.20155,-118.449615,-116.83721,-113.5814,-117.64341,-116.0,-113.0,-113.0,-110.65116,-103.30232,-103.0,-101.139534,-100.89147,-101.0,-101.04651,-79.03876,-72.07752,-91.11628,-94.0,-93.83721,-90.860466,-86.31783,377.90698,35.32558,-191.27907,-102.75969,-86.23256,-72.75194,-69.031006,-56.32558,-34.426357,1.8449613,-89.51163,-86.18604,-87.57365,-90.39535,-89.0,-99.333336,-78.51163,-70.0,-62.55814,-88.23256,-86.05426,-75.72093,-78.11628,-68.310074,659.03876,-365.0,-150.65892,-85.82946,-69.325584,-63.65116,-58.03876,-38.09302,-24.224806,18.186047,85.209305,154.22481,172.06976,54.88372,-123.565895,-195.05426,-203.0,-185.63567,-179.24031,-163.32558,-138.08527,-125.60465,-122.06977,-115.48837,-114.08527,-119.441864,-116.0,-116.21706,-106.18604,-108.23256,-99.24806,-103.23256,-103.15504,-100.92248,-96.0,0.029,0.031068966,0.0329116,0.03158558,0.03025956,0.030355485,0.030797493,0.031843033,0.033398896,0.03495476,0.034232408,0.033441827,0.03140279,0.027782097,0.025805593,0.025422754,0.025039913,0.02784033,0.03098602,0.027043803,0.023101585,0.021368748,0.020492699,0.020905355,0.022974322,0.025349572,0.028025942,0.031043887,0.035021942,0.039,0.104,0.10348276,0.102852665,0.10064264,0.0984326,0.09942194,0.10118997,0.101156965,0.099601105,0.098045245,0.09723241,0.09644183,0.096228175,0.09674542,0.09894407,0.10277247,0.106600866,0.106053226,0.10500777,0.10719789,0.10938801,0.1087375,0.1069854,0.106,0.106,0.10577507,0.10532901,0.10546395,0.107231975,0.109,0.29,0.31068966,0.3258746,0.26399374,0.20211285,0.19355486,0.19797492,0.22107586,0.25997242,0.29886895,0.33070368,0.3623269,0.37771827,0.37254587,0.3816644,0.4046348,0.4276052,0.37792727,0.32010874,0.3507704,0.38143212,0.36159366,0.32217148,0.30679017,0.3223074,0.33899716,0.3568396,0.37231976,0.38115987,0.39,0.32,0.2734483,0.23147336,0.25357366,0.275674,0.29421943,0.3118997,0.32632276,0.3379917,0.3496607,0.3691898,0.3889543,0.306449,0.09438004,0.05609829,0.18626392,0.31642956,0.2447901,0.14989127,0.11922958,0.088567875,0.13365641,0.20812054,0.2477366,0.2425642,0.20626068,0.13935147,0.10739812,0.17369907,0.24,0.54,0.5244828,0.51,0.51,0.51,0.47089654,0.42227587,0.4295062,0.48396137,0.53841656,0.5323241,0.5244183,0.4903375,0.42309612,0.40360847,0.4304073,0.45720607,0.47893554,0.5000466,0.51318735,0.526328,0.4889686,0.43202546,0.42716068,0.48922965,0.51325214,0.4998703,0.5015988,0.5457994,0.59,0.44,0.30034482,0.17235737,0.20771787,0.24307837,0.26421943,0.2818997,0.31107587,0.34997243,0.38886896,0.37848613,0.36662742,0.3531548,0.33763757,0.31639153,0.2895927,0.26279393,0.31680658,0.38007766,0.40197888,0.4238801,0.41106245,0.38478097,0.38358033,0.41461483,0.41875356,0.3964505,0.38,0.38,0.38,-0.18,-0.16965517,-0.1529279,-0.046846393,0.05923511,0.008902822,-0.07949843,-0.12843035,-0.14398897,-0.15954758,-0.10243061,-0.04313709,-0.051071167,-0.14417462,-0.22499321,-0.29390442,-0.36281565,-0.289524,-0.20017086,-0.24835353,-0.29653618,-0.25003105,-0.16680646,-0.10868305,-0.08282098,-0.07899715,-0.09683961,-0.137837,-0.2439185,-0.35,0.99,0.82448274,0.67029464,0.67471474,0.6791348,0.65156114,0.6162006,0.6463669,0.7319393,0.81751174,0.75859267,0.69534624,0.72160673,0.8612619,0.93388814,0.94154495,0.94920176,0.90739506,0.8602951,0.9435197,1.0267444,1.0815626,1.125365,1.0798349,0.9194901,0.8534957,0.8802594,0.8559248,0.68796235,0.52,1.03,1.1748276,1.311768,1.3382884,1.3648088,1.2953479,1.2025267,1.1663227,1.1779917,1.1896607,1.2091898,1.2289543,1.2103375,1.1430961,1.108056,1.1042275,1.1003991,1.1662743,1.24,1.24,1.24,1.2273749,1.209854,1.1615224,1.0735914,1.0682379,1.1440684,1.2046396,1.2223197,1.24,0.0,0.0,0.0,0.0,0.0,0.0,0.0,0.0,0.0,0.0,0.0,0.0,0.0,0.0,0.0,0.0,0.0,0.0,0.0,0.0,0.0,0.0,0.0,0.0,0.0,0.0,0.0,0.0,0.0,0.0
-137.0,-124.92248,-118.06201,-113.139534,-111.310074,-113.23256,-113.0,-111.21706,-110.62791,-107.72093,-101.310074,-103.0,-99.0,-101.0,-103.0,-89.37209,-73.00775,-83.31783,-96.0,-94.0,-91.0,-88.34884,-47.96124,727.2248,-515.8837,-160.1783,-92.86822,-74.93023,-68.30232,-62.751938,-46.744186,-24.193798,21.44186,-91.0,-84.0,-90.08527,-87.88372,-91.86822,-91.87597,-67.76744,-62.55814,-78.89922,-80.74419,-85.666664,-77.41085,-74.906975,71.08527,596.32556,-400.76746,-152.76744,-99.42635,-69.37209,-66.612404,-46.782948,-31.813953,-9.062016,40.496124,119.860466,176.28682,144.30232,-21.67442,-172.15504,-202.8062,-203.0,-181.0155,-173.97675,-146.88373,-129.92249,-119.89147,-117.65116,-120.0,-111.503876,-117.76744,-118.0,-110.558136,-108.48837,-105.46512,-103.968994,-104.04651,-96.0,-99.0,-87.0,-84.81396,-84.0,-79.906975,-77.0,-79.0,-85.04651,-78.35659,-65.75969,-60.0,-71.93023,-73.147285,-82.88372,-74.71318,-80.5814,122.30232,534.124,-387.7054,-149.30232,-95.496124,-79.82946,-63.744186,-57.821705,-34.87597,-4.4651165,31.372093,113.10853,169.11627,148.06201,-0.68217057,-159.51163,-202.2093,-193.49612,-180.32558,-165.51938,-146.81395,-139.44186,-123.0,-117.22481,-113.4186,-120.0,-108.0,-117.53488,-106.15504,-101.12403,-103.139534,-94.15504,-91.07752,-96.0,0.023,0.021955023,0.02130094,0.024796866,0.02829279,0.028079724,0.026926069,0.025396552,0.022337617,0.019278683,0.020191535,0.021502508,0.020806897,0.018884137,0.016991222,0.016554233,0.016117241,0.016645364,0.017527364,0.018405642,0.019279623,0.019820249,0.018797506,0.01946405,0.026111886,0.029496238,0.02381536,0.018134482,0.016023956,0.014,0.114,0.11295502,0.11181191,0.10962696,0.10744201,0.107,0.107,0.10734483,0.10909279,0.11084075,0.11179436,0.112668335,0.113,0.113,0.113008775,0.113445766,0.11388276,0.114322685,0.114763685,0.11540564,0.116279624,0.11753925,0.12060748,0.12254953,0.12050404,0.118884325,0.11844733,0.11801034,0.11750599,0.117,0.41,0.41,0.41,0.41,0.41,0.40079725,0.38926068,0.37224138,0.33291224,0.29358307,0.3217743,0.35673353,0.39147586,0.42608553,0.4592978,0.42433855,0.38937932,0.38968047,0.40291047,0.40188715,0.38440752,0.37269625,0.3880374,0.38873807,0.3376009,0.31041065,0.34973982,0.38906896,0.35541925,0.32,0.43,0.3411769,0.25473353,0.19355486,0.13237618,0.15681103,0.20295724,0.24258621,0.25569594,0.26880565,0.27,0.27,0.23897931,0.18898758,0.13982445,0.13108464,0.12234483,0.17485605,0.249826,0.26160502,0.20042633,0.1670763,0.264237,0.33211666,0.29632062,0.28272414,0.3307931,0.37886208,0.24167696,0.1,0.49,0.56314844,0.62510973,0.56830096,0.5114922,0.53681105,0.58295727,0.6113793,0.56768024,0.5239812,0.5120564,0.50331664,0.4689793,0.41898757,0.37210658,0.47698432,0.5818621,0.5777317,0.53363174,0.52014107,0.5419906,0.54741746,0.4758254,0.41099048,0.3700807,0.3608213,0.43947962,0.51813793,0.5298802,0.54,0.32,0.13712893,-0.022100313,0.06966771,0.16143574,0.19533794,0.21456552,0.22741379,0.21430407,0.20119436,0.23574609,0.27507523,0.28045517,0.2650731,0.25008777,0.25445768,0.2588276,0.2825878,0.31345776,0.35028213,0.3939812,0.42910126,0.42398754,0.42900953,0.4699193,0.49074608,0.45578682,0.4208276,0.4249401,0.43,-0.13,-0.22404797,-0.30435738,-0.23880878,-0.17326018,-0.11705379,-0.06321655,-0.038965516,-0.13510345,-0.23124138,-0.25985894,-0.28170845,-0.24704827,-0.17782897,-0.11061442,-0.14120376,-0.1717931,-0.18968049,-0.20291047,-0.18971787,-0.1460188,-0.11269626,-0.12803742,-0.13211666,-0.096320614,-0.0642163,-0.042366773,-0.020517241,-0.02,-0.02,0.9,0.71712893,0.5466144,0.50728524,0.46795613,0.46,0.46,0.45827585,0.44953606,0.44079623,0.44794357,0.4566834,0.51249653,0.59709793,0.6803511,0.69783074,0.71531034,0.7103195,0.69708955,0.6433511,0.5428433,0.46719003,0.5080998,0.56027144,0.6523184,0.6991787,0.62052035,0.5418621,0.4856588,0.43,1.31,1.2107271,1.1211286,1.1342382,1.1473479,1.1009187,1.0393903,0.9908621,0.995232,0.9996019,1.0873793,1.1835172,1.2343172,1.2573904,1.2792101,1.2398809,1.2005517,1.1803195,1.1670896,1.1681129,1.1855925,1.1982025,1.187975,1.2047763,1.317278,1.3849624,1.3281536,1.2713448,1.3490417,1.43,0.0,0.0,0.0,0.0,0.0,0.0,0.0,0.0,0.0,0.0,0.0,0.0,0.0,0.0,0.0,0.0,0.0,0.0,0.0,0.0,0.0,0.0,0.0,0.0,0.0,0.0,0.0,0.0,0.0,0.0
-130.0,-77.263565,-71.84496,-62.139534,-61.56589,-40.612404,-28.255814,10.627907,70.5969,144.65117,176.60464,84.10853,-96.860466,-190.0155,-203.0,-190.67442,-181.75969,-168.36433,-140.60464,-127.11628,-119.550385,-113.976746,-117.612404,-117.42635,-116.0,-117.22481,-107.1938,-109.74419,-101.263565,-105.75194,-105.674416,-98.4031,-97.51163,-85.46512,-87.0,-82.91473,-80.325584,-78.147285,-80.76744,-85.18604,-67.65891,-65.72868,-60.0,-82.333336,-75.41085,-82.60465,-75.565895,-75.35659,568.8605,-221.06976,-157.1783,-86.0,-74.06977,-72.139534,-65.0,-49.031006,-24.922482,3.5348837,64.379845,140.37985,175.86046,93.65891,-74.63566,-185.60464,-200.02325,-192.96124,-173.93024,-158.8062,-137.0,-131.37209,-117.57365,-119.5969,-118.23256,-112.34109,-108.736435,-114.69768,-107.10853,-106.0,-102.16279,-94.449615,-90.68217,87.139534,-100.023254,-192.86821,-195.58139,-183.0,-171.33333,-161.55814,-141.27132,-132.34108,-114.81396,-113.0,-106.852715,-112.11628,-112.08527,-111.0,-104.46512,-101.0,-99.0,-97.60465,-96.0,-92.69768,-85.74419,-87.0,-82.0,-85.11628,-79.0,-84.27132,-85.62791,-69.34109,-60.062016,-70.60465,-81.209305,-78.503876,-76.30232,-68.08527,-49.248062,777.8372,-520.08527,-165.31783,-91.209305,-73.75194,-67.325584,-50.465115,-43.0,-16.620155,20.11628,95.10078,160.70543,176.0,0.026,0.025482032,0.024937361,0.024034483,0.023131603,0.023,0.023,0.023,0.023,0.023217056,0.025413793,0.02761053,0.02412399,0.019412693,0.018183699,0.017289028,0.019139197,0.022299273,0.023043195,0.020971324,0.012326479,-0.0021195824,-0.009531473,-0.0017208538,0.0060897646,0.011410313,0.015924707,0.01821269,0.018606344,0.019,0.146,0.14392813,0.142,0.142,0.142,0.14392819,0.14618538,0.14624524,0.14506428,0.14417365,0.14593104,0.14768842,0.14584666,0.14322928,0.14177555,0.14043353,0.1406112,0.14151408,0.143196,0.14578584,0.16546442,0.20022525,0.22042063,0.20909524,0.19776984,0.17487915,0.14824423,0.13429849,0.13114925,0.128,0.38,0.40589836,0.4265549,0.37689656,0.3272382,0.350851,0.38696614,0.4402538,0.5032386,0.5539224,0.4924138,0.43090516,0.50613356,0.61082906,0.5546959,0.48312226,0.44777602,0.42971843,0.44631216,0.50328857,0.5803575,0.67515975,0.76221675,0.8325123,0.9028079,0.83133185,0.7139576,0.6429848,0.6114924,0.58,0.06,0.018562613,-0.008725087,0.1537931,0.3163113,0.31686175,0.2897754,0.29761103,0.3251669,0.3530388,0.38379312,0.4145474,0.45014673,0.48679018,0.36347336,0.22479938,0.20139197,0.23299272,0.22607985,0.17428312,0.13321418,0.10161341,0.042972084,-0.07418719,-0.19134647,-0.0904081,0.08113888,0.16,0.16,0.16,0.23,0.2869764,0.33874723,0.32068965,0.30263206,0.29228726,0.28325847,0.31773794,0.3767862,0.42131773,0.33344826,0.24557881,0.23861335,0.24908291,0.241837,0.23289028,0.20249605,0.1618665,0.14717604,0.16271506,0.1795919,0.19764948,0.2235769,0.2665353,0.3094937,0.27907625,0.22490351,0.18085793,0.14542897,0.11,0.41,0.37374228,0.33749446,0.30137932,0.26526415,0.34098387,0.43578616,0.42723036,0.36030897,0.30173644,0.31931034,0.33688423,0.33569333,0.33045855,0.3340815,0.33855486,0.34,0.34,0.3232559,0.28699818,0.24841823,0.20778868,0.20962234,0.30334976,0.39707717,0.35861436,0.27735525,0.2527614,0.2763807,0.3,-0.01,0.015898367,0.038747232,0.020689655,0.0026320785,0.015425499,0.033483073,0.019873103,-0.01161931,-0.03479064,0.017931035,0.07065271,0.06707997,0.051375642,0.013266457,-0.026993731,-0.024720026,-0.0021480543,0.03631216,0.09328856,0.13198988,0.15456185,0.18234263,0.22139573,0.2604488,0.19838342,0.103581145,0.074888274,0.102444135,0.13,0.65,0.48425046,0.34284088,0.52793103,0.7130212,0.68215436,0.6144385,0.6252221,0.6803338,0.73781407,0.81689656,0.89597905,0.7118929,0.47109318,0.47857052,0.509884,0.47721606,0.41401455,0.37521598,0.36485663,0.44392914,0.60193294,0.70753145,0.69972086,0.6919102,0.6661278,0.634527,0.5710814,0.4805407,0.39,1.28,1.3576951,1.4281209,1.4010345,1.3739481,1.37,1.37,1.3674841,1.3635476,1.352186,1.2731035,1.194021,1.2704402,1.3803705,1.3777555,1.3643354,1.36,1.36,1.355216,1.3448566,1.3735716,1.4367732,1.4651889,1.4183251,1.3714614,1.4043341,1.4630212,1.509142,1.544571,1.58,0.0,0.0,0.0,0.0,0.0,0.0,0.0,0.0,0.0,0.0,0.0,0.0,0.0,0.0,0.0,0.0,0.0,0.0,0.0,0.0,0.0,0.0,0.0,0.0,0.0,0.0,0.0,0.0,0.0,0.0
778.0,-538.3643,-181.04651,-100.53488,-77.310074,-62.23256,-61.34884,-39.91473,-10.511628,17.767443,98.496124,161.55814,161.1628,25.51938,-142.37985,-200.69768,-194.50388,-185.36433,-169.04651,-151.34883,-137.93024,-123.0,-114.70543,-114.93023,-120.0,-108.0,-115.0155,-107.16279,-102.13178,-104.65116,-96.674416,-93.5969,-96.0,6.72093,-153.97675,-201.62791,-187.76744,-181.8527,-166.0,-152.1628,-138.13954,-122.91473,-111.69768,-111.666664,-111.41085,-111.0,-108.860466,-107.35659,-106.0,-99.48062,-99.0,-99.0,-94.387596,-89.89147,-87.0,-84.441864,-83.736435,-82.23256,-77.20155,-90.65891,-84.0,-62.162792,-58.0,-73.95349,-77.03876,-76.976746,-76.88372,-70.15504,193.68217,415.83722,-289.969,-130.65117,-93.209305,-76.07752,-63.52713,-47.186047,-38.32558,-6.868217,48.023254,127.27132,177.68217,-81.04651,-92.10078,-89.0,-88.39535,-84.0,-61.333332,665.2558,-424.10852,-147.031,-82.69768,-68.76744,-63.720932,-56.90698,-43.170544,-26.271318,12.744186,73.60465,156.86821,179.58139,55.224808,-127.29457,-197.90698,-200.0155,-184.93799,-176.74419,-162.06976,-147.3876,-131.62791,-117.24031,-117.41085,-111.0,-113.790695,-112.503876,-107.16279,-106.0,-106.99225,-103.93023,-101.852715,-101.0,-94.0,-93.62791,-89.21706,-87.37209,-87.0,-82.310074,-87.0,-84.0,-86.95349,-84.0,0.019,0.017228214,0.015456426,0.017665336,0.021255536,0.020946708,0.019617869,0.018289028,0.016960189,0.015627965,0.014286934,0.013047553,0.014226363,0.0154051725,0.018540835,0.023669692,0.022132915,0.015045768,0.009214069,0.006485517,0.0037569655,0.005583992,0.009160076,0.01121311,0.011652065,0.01253176,0.0150961885,0.016429467,0.014214734,0.012,0.14,0.13867116,0.13734232,0.13776152,0.1387873,0.13882445,0.13860297,0.13838151,0.13816004,0.138124,0.13857102,0.13907926,0.14104393,0.14300862,0.14425409,0.14476697,0.14548339,0.14636928,0.15519615,0.18365103,0.21210593,0.20223506,0.17764948,0.16159025,0.15456694,0.14846824,0.14590381,0.14365768,0.14232884,0.141,0.65,0.65,0.65,0.64238477,0.63212705,0.6282445,0.6260298,0.62381506,0.62160033,0.6125593,0.5857387,0.56,0.56,0.56,0.5396733,0.49864247,0.48725078,0.5005392,0.5268414,0.58531034,0.64377934,0.6373901,0.6060993,0.5985244,0.6160826,0.6151107,0.5433067,0.48429468,0.46214733,0.44,0.08,0.115435734,0.15087147,0.0914628,-0.00085662433,0.0063322885,0.039553292,0.07277429,0.1059953,0.1399209,0.17568174,0.20873192,0.177297,0.14586207,0.11475499,0.08398185,0.038579937,-0.019003134,-0.033053793,0.06049655,0.1540469,0.18645999,0.1954002,0.15950917,0.07610749,0.028079854,0.11527042,0.19369279,0.2468464,0.3,0.22,0.29530093,0.3706019,0.3252704,0.23807986,0.22877742,0.2398511,0.25092477,0.26199844,0.26627967,0.25286934,0.23968299,0.23182425,0.22396551,0.24286751,0.2890272,0.28824764,0.24838245,0.24919173,0.35053793,0.45188415,0.40571022,0.3028978,0.26491767,0.2956446,0.30192015,0.21472958,0.16597492,0.22798747,0.29,0.37,0.29912853,0.22825706,0.23284574,0.2636189,0.28755486,0.3097022,0.33184952,0.35399687,0.35015818,0.27863652,0.21174361,0.25496662,0.29818967,0.32254085,0.32766968,0.29374608,0.22730407,0.20694621,0.30049655,0.3940469,0.35863018,0.2736982,0.28327742,0.39301646,0.4863811,0.5171543,0.5194608,0.4397304,0.36,-0.07,-0.10100627,-0.13201255,-0.14,-0.14,-0.09786834,-0.044714734,0.008438871,0.06159248,0.09007909,0.054318253,0.022219133,0.07723025,0.13224138,0.09901997,-0.024072595,-0.07274922,-0.059460815,-0.023053793,0.07049655,0.1640469,0.1544701,0.10529896,0.06295123,0.027834732,0.03615971,0.21054083,0.29778057,0.13389029,-0.03,0.6,0.52912855,0.45825705,0.5846897,0.7795862,0.7796238,0.72868496,0.67774606,0.6268072,0.5726384,0.510057,0.45158508,0.49087876,0.5301724,0.49410164,0.3812668,0.363837,0.42584953,0.4722455,0.48004138,0.48783726,0.5578298,0.651702,0.6978689,0.69347936,0.6942541,0.7147695,0.70147336,0.5907367,0.48,1.28,1.4306018,1.5812038,1.5705009,1.5038258,1.5128213,1.5416129,1.5704044,1.599196,1.5951977,1.5057956,1.4201585,1.4240879,1.4280173,1.4045917,1.3533031,1.3396677,1.3573856,1.3756138,1.3951035,1.4145931,1.41031,1.3968997,1.3814756,1.3639174,1.3797786,1.5233866,1.5991912,1.4795957,1.36,0.0,0.0,0.0,0.0,0.0,0.0,0.0,0.0,0.0,0.0,0.0,0.0,0.0,0.0,0.0,0.0,0.0,0.0,0.0,0.0,0.0,0.0,0.0,0.0,0.0,0.0,0.0,0.0,0.0,0.0
-101.0,-99.0,-96.093025,-96.0,-91.18604,-84.23256,-87.0,-82.0,-86.62791,-79.0,-80.24031,-88.147285,-76.39535,-63.589146,-68.08527,-79.69768,-77.496124,-74.790695,-70.60465,-64.86822,660.938,-357.83722,-137.10077,-81.13178,-72.74419,-68.83721,-52.984497,-43.0,-21.658915,10.542636,80.48837,151.13179,179.52713,-89.04651,-85.4186,-89.0,-85.325584,-81.13178,90.07752,563.76746,-419.1938,-156.93799,-96.0,-70.333336,-64.04651,-50.90698,-38.860466,-14.44186,38.139534,112.06977,177.62791,151.06976,-25.596899,-175.29457,-202.51163,-193.73643,-178.65892,-169.81395,-159.20155,-140.42636,-123.48837,-113.16279,-116.07752,-112.95349,-111.0155,-112.9845,-103.06977,-103.0,-110.83721,-106.0,-99.17054,-95.79845,-93.65116,-95.34109,-91.0,-84.48837,-87.0,-84.5814,-84.0,-84.0,-90.51938,-88.790695,-90.45737,-87.0,-100.39535,-84.45737,-72.0,-69.18604,-90.27132,-85.139534,-87.790695,-84.94574,-77.0,388.60464,30.930233,-210.75969,-105.209305,-88.906975,-73.36434,-68.25581,-57.248062,-36.47287,-14.023255,35.341084,118.75969,171.02325,123.83721,-52.852715,-183.55814,-203.0,-191.47287,-182.39536,-168.10852,-154.23256,-143.1628,-124.08527,-119.00775,-116.0,-116.34109,-115.53488,-116.27907,-111.24806,-108.0,-105.72093,-106.0,-103.0,-102.81396,-98.906975,-102.93799,-91.0,0.047,0.04461655,0.042233102,0.037701994,0.030868713,0.027168024,0.031230722,0.034627035,0.029462896,0.02429876,0.023516608,0.026249921,0.028190022,0.028718268,0.030062955,0.032340717,0.03449478,0.036316987,0.037275862,0.027796239,0.018316614,0.02446579,0.033135742,0.038269594,0.036012538,0.03423137,0.036367074,0.036841564,0.031920783,0.027,0.158,0.15760276,0.15720552,0.157,0.157,0.15738934,0.15874358,0.15988524,0.15829627,0.15670732,0.15650554,0.15741664,0.15761995,0.15656346,0.15642518,0.15733628,0.16146345,0.17421892,0.18589655,0.18454231,0.18318808,0.17926711,0.17493212,0.17053919,0.16602507,0.162,0.162,0.1628425,0.16642125,0.17,0.32,0.36766896,0.41533792,0.46198672,0.5075419,0.49976802,0.3598307,0.23286897,0.2725931,0.31231725,0.31988928,0.30166718,0.29570067,0.31154805,0.34976274,0.41354,0.45876306,0.45420754,0.4537931,0.50344825,0.55310345,0.5294581,0.49399015,0.46415675,0.44610032,0.4415684,0.54835373,0.63210624,0.64105314,0.65,0.4,0.1974069,-0.005186207,-0.11219867,-0.11675419,-0.13168025,-0.17230721,-0.20024551,-0.065183446,0.06987862,0.07186333,-0.032913636,-0.08289802,-0.035355832,0.00062954763,0.02340715,0.027630497,-0.017924707,-0.05965517,-0.055141065,-0.05062696,0.017870827,0.09668856,0.12516615,0.048426334,-0.010745273,0.07468298,0.15579683,0.22289841,0.29,0.12,0.18753104,0.25506207,0.24162923,0.14140779,0.06610658,0.052564263,0.042008277,0.069815174,0.09762207,0.11252768,0.1170832,0.09909758,0.04099046,0.031259093,0.0768143,0.10628915,0.092622586,0.08758621,0.18689655,0.2862069,0.27285168,0.24132457,0.20831348,0.17220062,0.14925472,0.23468298,0.2957875,0.27789375,0.26,0.29,0.4012276,0.51245517,0.51063585,0.3876368,0.29740438,0.28837618,0.2811476,0.29703724,0.3129269,0.35033217,0.40499842,0.44190022,0.4471827,0.4478741,0.44331858,0.4325783,0.40524518,0.37827587,0.35570532,0.3331348,0.35714832,0.38867542,0.3983135,0.36220062,0.33694103,0.40101224,0.44684064,0.43342033,0.42,-0.26,-0.14877242,-0.037544828,0.0046093008,-0.027279342,-0.043510973,-0.02094044,-0.0040165517,-0.059630346,-0.115244135,-0.1273616,-0.10458399,-0.051995598,0.053653706,0.08023727,0.016459981,-0.016393546,0.033717178,0.08241379,0.11401254,0.14561129,0.11945813,0.08399015,0.08191223,0.14962383,0.21057843,0.21591769,0.19683132,0.09841566,0.0,0.87,0.7428828,0.6157655,0.5324106,0.49596646,0.48168024,0.5223072,0.5597131,0.5557407,0.5517683,0.5398893,0.5216672,0.53090245,0.5890095,0.58811134,0.51977855,0.4724739,0.48158494,0.49586207,0.57260185,0.6493417,0.66339356,0.66733444,0.6597743,0.62817556,0.5861179,0.45797554,0.36842498,0.40421247,0.44,1.35,1.3897241,1.4294482,1.4895761,1.5715754,1.6053417,1.5195737,1.4422952,1.4740745,1.5058538,1.5073617,1.484584,1.4623991,1.4412693,1.4321259,1.4366814,1.4672129,1.5674343,1.6451724,1.4510658,1.2569592,1.3046579,1.3913574,1.4514608,1.4559749,1.462892,1.4895884,1.4826188,1.3663094,1.25,0.0,0.0,0.0,0.0,0.0,0.0,0.0,0.0,0.0,0.0,0.0,0.0,0.0,0.0,0.0,0.0,0.0,0.0,0.0,0.0,0.0,0.0,0.0,0.0,0.0,0.0,0.0,0.0,0.0,0.0
60.0,147.29457,185.62791,87.976746,-102.10078,-195.3876,-202.53488,-187.45737,-177.75194,-163.58139,-150.91473,-134.1473,-119.25581,-116.4031,-111.0,-115.30232,-111.496124,-109.68217,-106.0,-104.47287,-106.449615,-104.37209,-101.0,-94.0,-92.11628,-90.22481,-89.387596,-87.0,-84.82946,-87.0,-84.0,-85.441864,-86.51938,-94.0,-87.94574,-90.79845,-93.4186,-74.9845,-66.10853,-83.04651,-85.89922,-87.0,-89.0,-80.0,-45.620155,731.02325,-519.02325,-170.26357,-94.093025,-77.0,-70.0,-61.046513,-49.35659,-29.713179,4.395349,67.72868,149.10077,171.34883,63.341084,-118.82171,-202.30232,-203.0,-188.07751,-181.0,-166.0,-148.9845,-131.90698,-124.92248,-116.0,-118.0,-113.0,-116.20155,-113.0,-108.0,-103.0,-106.0,-101.35659,-99.0,-98.37209,-96.674416,-99.31783,-97.39535,-87.25581,-72.57365,-64.88372,-53.0,-57.0,-9.232558,77.565895,135.79845,141.06976,65.17054,-108.612404,-199.18605,-208.37209,-184.32558,-185.60464,-148.47287,-142.5969,-146.51163,-125.75194,-104.96124,-128.8372,-123.0,-123.87597,-110.976746,-118.71318,-114.06977,-110.023254,-108.93023,-105.94574,-88.48837,-96.0,-87.496124,-91.69768,-83.08527,-85.99225,-75.48837,-79.0,-82.310074,-63.395348,-50.372093,-64.45737,-77.18604,-66.612404,-65.310074,-67.139534,73.06201,630.093,-398.0,-0.022,-0.023364758,-0.024729516,-0.022114294,-0.018515294,-0.015042882,-0.011864279,-0.008685676,-0.0055070734,-0.0023284703,0.0036748422,0.011706411,0.01973798,0.0132842995,0.001151504,-0.009158621,-0.019075861,-0.025869038,-0.030616654,-0.03136113,-0.03045956,-0.03,-0.03,-0.03252452,-0.041167986,-0.049850944,-0.05891509,-0.06865768,-0.08082884,-0.093,0.044,0.04309016,0.042180322,0.042641267,0.043441046,0.042915266,0.03931285,0.03571043,0.032108016,0.0285056,0.025373967,0.02258038,0.01978679,0.04704182,0.08607777,0.12711787,0.16858996,0.19265077,0.20531107,0.209,0.209,0.20297818,0.19069535,0.1785454,0.1667175,0.15549944,0.1501676,0.14481881,0.13940941,0.134,-0.15,-0.022622587,0.10475483,0.120380975,0.10838432,0.094257295,0.07518568,0.05611406,0.03704244,0.017970823,-0.014390481,-0.05629432,-0.09819815,-0.11757887,-0.12812912,-0.052122258,0.04254232,0.15969552,0.29157373,0.3587492,0.39931974,0.4512243,0.514913,0.5985321,0.73045874,0.8555061,0.9141565,0.96984327,1.0149217,1.06,1.03,1.1164347,1.2028693,1.210381,1.1983843,1.1957427,1.2148143,1.2338859,1.2529576,1.2720292,1.2840651,1.291049,1.298033,1.1105282,0.84677184,0.71470535,0.6110251,0.56681216,0.561537,0.56319433,0.5677022,0.54769695,0.502205,0.41552356,0.22900665,0.06350389,0.100826845,0.13196865,0.14098433,0.15,-0.31,-0.34184435,-0.3736887,-0.35114294,-0.31515294,-0.28553346,-0.27069998,-0.2558665,-0.241033,-0.22619952,-0.20780475,-0.18685284,-0.16590092,-0.103158474,-0.024031548,-0.035959247,-0.06751411,-0.009867938,0.106184885,0.14638871,0.15540439,0.21575767,0.3294875,0.38342613,0.29244226,0.22301446,0.36164257,0.4857492,0.5578746,0.63,0.1,0.0317621,-0.0364758,0.04298387,0.15895161,0.21766725,0.14349985,0.06933245,-0.004834954,-0.07900236,-0.11406508,-0.121049054,-0.12803303,-0.08831622,-0.030289803,-0.07562696,-0.14324452,-0.00742113,0.26161042,0.37194356,0.41702193,0.468994,0.5281335,0.55804175,0.517099,0.48650724,0.5558213,0.60803133,0.59901565,0.59,-0.87,-0.8336065,-0.7972129,-0.8060317,-0.82602614,-0.83361924,-0.81242853,-0.79123783,-0.7700471,-0.7488565,-0.7948786,-0.88916224,-0.9834458,-0.99484223,-0.97374177,-0.86245453,-0.7317273,-0.5939288,-0.45150036,-0.3141693,-0.17893417,0.026048718,0.3035495,0.5186017,0.5822904,0.64050055,0.6458324,0.64310974,0.61155486,0.58,0.36,0.5510661,0.74213225,0.7639683,0.74397385,0.7146861,0.6638285,0.6129708,0.56211317,0.5112555,0.51642305,0.56181884,0.6072147,0.68820983,0.7831621,0.7592069,0.7096207,0.6613096,0.6138334,0.5840282,0.56148905,0.46747863,0.29915848,0.20524518,0.29167986,0.36149055,0.27084908,0.2187022,0.3043511,0.39,1.07,1.138238,1.2064759,1.1783175,1.126332,1.0893619,1.0872428,1.0851238,1.0830047,1.0808856,1.0881301,1.1020981,1.1160661,1.0631585,0.98403156,0.9996677,1.0357304,1.1583859,1.3377403,1.3261129,1.2359561,1.19,1.19,1.1753844,1.1253432,1.0920134,1.2199777,1.2914546,1.1607273,1.03,0.0,0.0,0.0,0.0,0.0,0.0,0.0,0.0,0.0,0.0,0.0,0.0,0.0,0.0,0.0,0.0,0.0,0.0,0.0,0.0,0.0,0.0,0.0,0.0,0.0,0.0,0.0,0.0,0.0,0.0
-101.0,-76.89147,-71.78294,-59.76744,-40.503876,-20.069767,25.767443,104.147285,166.99225,141.97675,-21.612404,-168.94574,-203.0,-193.99225,-184.91473,-172.13954,-158.76744,-145.68217,-126.60465,-121.52713,-116.0,-117.34884,-114.023254,-117.28682,-112.25581,-108.0,-104.209305,-106.0,-103.0,-100.79845,-97.39535,-100.92248,-92.51163,-104.74419,-91.25581,-74.0,-56.09302,-53.0,-46.751938,26.534883,110.88372,148.35658,122.88372,-11.666667,-159.55814,-209.09302,-207.86046,-180.18605,-168.34883,-141.20155,-150.42636,-124.18604,-114.29457,-121.968994,-123.81396,-128.969,-120.0,-115.06977,-122.496124,-106.42635,-112.860466,-112.72868,-87.620155,-98.81396,-96.0,-91.023254,-90.906975,-82.0,-88.620155,-74.34884,-79.42635,-76.496124,-54.76744,-55.658916,-74.736435,-66.18604,-71.64341,-67.5814,-59.488373,504.86047,-125.35659,-110.23256,-109.64341,-106.0,-101.0,-99.63566,-103.0,-100.558136,-82.0,-72.75969,-96.76744,-91.05426,-91.86822,-90.906975,-82.91473,410.3101,-92.39535,-196.03876,-95.06977,-81.906975,-67.39535,-65.0,-48.837208,-30.83721,-7.426357,51.069767,126.441864,159.0,109.34884,-73.0155,-186.51938,-203.60464,-196.31783,-186.49612,-161.7907,-154.65117,-133.00775,-121.48837,-118.34109,-113.0,-116.27907,-120.0,-116.0,-111.18604,-107.84496,-106.0,-101.0,-103.0,-96.04651,-99.0,-0.027,-0.024888482,-0.02342884,-0.027488714,-0.03154859,-0.033213858,-0.034579564,-0.0459279,-0.0617163,-0.06528276,-0.055358622,-0.045434482,-0.04903815,-0.053306896,-0.058268964,-0.063231036,-0.063237615,-0.062335424,-0.057012413,-0.049073104,-0.039834484,-0.019986207,-0.00013793104,-0.00043720342,-0.0031686176,-0.005122512,-0.006736193,-0.011618809,-0.028309405,-0.045,0.148,0.16172487,0.17457178,0.17998496,0.18539812,0.17467067,0.16192408,0.15893668,0.16028997,0.15911311,0.15514345,0.1511738,0.15049523,0.1499163,0.14856301,0.14720972,0.14395048,0.1403417,0.13401242,0.1260731,0.11806489,0.109494045,0.100923195,0.09309459,0.08535559,0.07963246,0.074791424,0.07090219,0.070451096,0.07,0.27,0.7292553,1.1147461,0.8756646,0.6365831,0.6787852,0.7561753,0.76438874,0.74183387,0.7677379,0.847131,0.92652416,0.81895083,0.709442,0.7004201,0.69139814,0.73193103,0.7815517,0.74763036,0.6642676,0.6126395,0.8201442,1.0276489,0.9606359,0.860484,0.84122515,0.8573619,0.8817367,0.9358683,0.99,0.23,0.09275129,-0.021899687,0.054786835,0.13147335,0.034799114,-0.083562165,-0.13561128,-0.15816614,-0.20396414,-0.27541792,-0.34687173,-0.27933237,-0.21223198,-0.24831975,-0.28440753,-0.14133543,0.034592476,0.010223448,-0.13268414,-0.26246083,-0.28501567,-0.30757055,-0.25313193,-0.18939893,-0.20648164,-0.25892627,-0.32151723,-0.42075863,-0.52,0.92,1.0994791,1.2490407,1.1452883,1.0415361,1.0704619,1.1159854,1.0987774,1.0536677,1.0130179,0.97729105,0.94156414,0.9046662,0.868884,0.85084015,0.8327962,0.91005015,1.0047805,1.0075806,0.9559752,0.91098434,0.9200063,0.9290282,0.7837678,0.61988294,0.6092879,0.6657668,0.7236928,0.7868464,0.85,-0.4,-0.27858767,-0.18048276,-0.27972415,-0.37896553,-0.33739954,-0.27821892,-0.24126646,-0.21420063,-0.16980965,-0.106295176,-0.04278069,-0.09552458,-0.14776802,-0.111680254,-0.07559247,-0.14623824,-0.23645768,-0.28496277,-0.3087807,-0.32901567,-0.31999373,-0.3109718,-0.31812403,-0.32722872,-0.33561257,-0.34368098,-0.34510973,-0.32255486,-0.3,-0.02,0.006393984,0.0018871473,-0.2642602,-0.53040755,-0.45479912,-0.33643782,-0.38117868,-0.49846396,-0.53358346,-0.47800827,-0.4224331,-0.5209538,-0.620837,-0.6343699,-0.64790285,-0.65,-0.65,-0.67244416,-0.708171,-0.7291724,-0.62993103,-0.53068966,-0.6662322,-0.83011705,-0.9192879,-0.9757668,-1.0444514,-1.1572257,-1.27,0.19,0.1847212,0.18571787,0.23984952,0.2939812,0.4699399,0.6611389,0.76683384,0.8344984,0.8624524,0.84657377,0.83069515,0.5574248,0.2983699,0.43369907,0.5690282,0.677674,0.7814263,0.7377048,0.6067062,0.4845862,0.43496552,0.38534483,0.5059222,0.64704525,0.6507121,0.5942333,0.5245705,0.40728527,0.29,0.25,0.4083639,0.5542884,0.59488714,0.6354859,0.7573395,0.8893578,0.9331223,0.9376332,0.91547036,0.86386484,0.8122593,0.87057227,0.93390596,0.9970596,1.0602132,1.0166333,0.95347965,1.0122951,1.1432937,1.2491724,1.1499311,1.0506897,0.98313195,0.9193989,0.89719373,0.8931595,0.88902193,0.884511,0.88,0.0,0.0,0.0,0.0,0.0,0.0,0.0,0.0,0.0,0.0,0.0,0.0,0.0,0.0,0.0,0.0,0.0,0.0,0.0,0.0,0.0,0.0,0.0,0.0,0.0,0.0,0.0,0.0,0.0,0.0
-152.0,-140.07751,-153.56589,-123.23256,-101.434105,-129.84496,-123.0,-128.91473,-115.00775,-119.72093,-118.60465,-108.51163,-110.441864,-110.9845,-83.95349,-96.0,-88.503876,-93.209305,-85.60465,-83.47287,-79.51938,-79.0,-83.31783,-68.434105,-51.88372,-61.937984,-78.1938,-64.093025,-67.82946,-68.65116,9.069767,698.1163,-453.93024,-109.53488,-103.36434,-104.37209,-99.88372,-102.147285,-104.76744,-91.76744,-82.0,-80.35659,-97.74419,-95.333336,-92.41085,-81.4186,-44.775192,687.2248,-524.48834,-171.94574,-89.05426,-76.37209,-60.387596,-59.248062,-43.813953,-21.736435,13.627907,85.62791,150.28682,154.42636,35.534885,-134.50388,-197.8062,-206.95349,-193.0155,-180.92249,-157.0,-144.68993,-134.62015,-118.139534,-115.74419,-116.20155,-118.23256,-117.736435,-113.0,-106.0,-107.64341,-105.031006,-103.0,-102.10078,-96.72093,-72.976746,-68.74419,-57.131783,-36.488373,-8.27907,49.0,125.06977,162.1783,80.209305,-95.976746,-194.1628,-199.1473,-189.90698,-176.0,-165.21706,-150.53488,-138.47287,-126.36434,-121.39535,-120.75194,-118.263565,-115.906975,-114.790695,-109.16279,-112.25581,-109.06977,-107.31783,-101.65116,-103.93023,-100.41085,-95.441864,-99.68217,-103.0,-85.62791,-74.65116,-82.99225,-91.93023,-96.51163,-92.91473,-87.27907,-80.24031,729.155,-445.25583,-156.24806,-97.05426,-84.88372,-72.310074,-74.07752,-58.0,-0.029,-0.029,-0.028982293,-0.028545512,-0.028108729,-0.032008857,-0.037346408,-0.039226055,-0.037686918,-0.036147784,-0.036402088,-0.036846884,-0.03598533,-0.034438003,-0.034,-0.034,-0.033607554,-0.032837987,-0.032068416,-0.032474972,-0.032996293,-0.03762124,-0.042275585,-0.044567667,-0.04352503,-0.04081191,-0.03640439,-0.034021713,-0.038510855,-0.043,-0.019,-0.02002069,-0.020840634,-0.0169096,-0.012978565,-0.011665928,-0.011221132,-0.010806513,-0.01042173,-0.010036946,-0.01,-0.01,-0.007294204,-0.0031680118,-0.0010254593,0.00033387044,0.005316913,0.013782157,0.0222474,0.029649612,0.036948092,0.028527724,0.019994758,0.013486837,0.009837598,0.008,0.008,0.008408684,0.010204342,0.012,-0.21,-0.2304138,-0.24769804,-0.19091643,-0.13413483,-0.06320784,0.012407466,0.020977011,-0.03674056,-0.094458126,-0.0034988928,0.103252135,0.09603082,0.02898019,0.035987753,0.072236545,0.15867816,0.29335248,0.42802683,0.40200222,0.36029664,0.32148966,0.28270346,0.25135335,0.23050055,0.20905957,0.18702194,0.17510855,0.19755428,0.22,1.53,1.2799311,1.0401771,1.0445449,1.0489128,1.1134735,1.1979848,1.2167816,1.1706076,1.1244335,1.0717494,1.018374,0.99661773,0.99146,1.0224847,1.0677956,0.9703038,0.73558563,0.50086755,0.62249166,0.7788876,0.8570207,0.9345931,1.0081016,1.0758731,1.0552979,0.9451097,0.9090421,1.124521,1.34,0.36,0.41613793,0.47017708,0.47454488,0.4789127,0.5000443,0.526732,0.54773945,0.5631308,0.57852215,0.61216706,0.64775074,0.6667645,0.67708,0.67350304,0.6644409,0.70513135,0.7936316,0.88213193,0.92324805,0.95974046,0.8791283,0.7976772,0.756485,0.7721246,0.7975047,0.83276486,0.8487612,0.7993806,0.75,-1.02,-0.82606894,-0.64035416,-0.64908975,-0.6578254,-0.78026575,-0.94039226,-0.9638889,-0.8523016,-0.7407143,-0.7541253,-0.78081304,-0.8441159,-0.92663974,-0.8882791,-0.8021882,-0.78550905,-0.83553094,-0.8855528,-0.8472525,-0.8003337,-0.79229796,-0.7845407,-0.7454134,-0.6620022,-0.64406896,-0.69255173,-0.72693485,-0.7134674,-0.7,-1.98,-2.000414,-2.0219479,-2.0699937,-2.1180398,-2.1132965,-2.0910566,-2.0722606,-2.0568693,-2.041478,-2.0601044,-2.0823443,-2.062942,-2.02168,-2.0002546,-1.9866613,-2.023169,-2.1078215,-2.192474,-2.1287541,-2.0505562,-2.0268939,-2.003622,-1.996485,-2.0121245,-2.017812,-2.0134044,-2.0059133,-1.9879565,-1.97,0.15,0.33882758,0.5159273,0.41546753,0.31500778,0.2231857,0.13422652,0.13450192,0.2230022,0.31150246,0.33206263,0.3454065,0.26544386,0.13650037,0.11299387,0.13111827,0.1635468,0.20972085,0.2558949,0.31699666,0.37955505,0.21825655,0.055354483,-0.01838339,0.033748608,0.064376175,0.073191226,0.09736909,0.17368455,0.25,0.53,0.64227587,0.7505312,0.7636347,0.7767381,0.74993354,0.7099019,0.6919349,0.6957827,0.69963056,0.7080418,0.71693766,0.74029344,0.77123994,0.73452145,0.6710861,0.65373564,0.6806705,0.70760536,0.66250277,0.61037076,0.6639145,0.71821517,0.76513165,0.801624,0.82875234,0.84638244,0.8722605,0.9261303,0.98,0.0,0.0,0.0,0.0,0.0,0.0,0.0,0.0,0.0,0.0,0.0,0.0,0.0,0.0,0.0,0.0,0.0,0.0,0.0,0.0,0.0,0.0,0.0,0.0,0.0,0.0,0.0,0.0,0.0,0.0
-256.0,-119.25581,-90.47287,-73.441864,-65.0,-49.844963,-36.88372,-14.48062,38.976746,114.34884,159.0,130.00775,-43.7907,-175.43411,-201.08527,-198.8372,-187.50388,-167.8372,-156.1628,-135.52713,-125.51938,-119.34884,-113.0,-117.28682,-120.0,-116.0,-112.1938,-106.83721,-106.0,-101.0,-103.0,-97.558136,-99.0,-72.04651,-58.945736,-46.20155,-29.093023,15.472868,79.139534,152.27907,148.45737,2.3178294,-150.39536,-205.66667,-198.0,-182.51163,-174.57364,-158.08527,-147.51163,-132.72093,-120.674416,-114.46512,-118.968994,-118.35659,-118.0,-116.0,-110.60465,-113.0,-106.20155,-106.17054,-102.860466,-99.21706,-99.07752,-96.0,-105.96124,-98.93799,-78.95349,-74.1938,-91.27132,-91.558136,-88.82946,-95.29457,-89.0,66.860466,637.5349,-435.83722,-176.27132,-119.12403,-89.11628,-75.12403,-63.31783,-91.0,-96.0,-98.99225,-90.39535,-87.0,-91.0,-101.60465,-72.54263,-58.75969,-78.976746,-86.94574,-82.0,-82.0,-80.62791,-29.24031,686.9535,-509.20154,-146.89148,-95.18604,-92.34884,-54.55039,-41.23256,-58.806202,-56.062016,1.7209302,54.65116,116.17829,134.18605,49.744186,-126.387596,-203.60464,-208.1628,-183.1938,-188.37209,-157.25581,-159.4031,-145.8372,-124.53488,-103.325584,-112.72093,-122.13178,-104.08527,-123.46512,-97.16279,-89.51163,-84.139534,-98.62791,-74.12403,-60.0,-0.041,-0.043662217,-0.045780566,-0.04397994,-0.04217931,-0.042613573,-0.043295,-0.04397643,-0.04465786,-0.042614017,-0.037822023,-0.033030033,-0.025842633,-0.018640125,-0.0071765264,0.005543499,0.0123572415,0.014734069,0.016512496,0.0060639037,-0.0043846886,-0.012751946,-0.020738598,-0.025878353,-0.030921776,-0.047926333,-0.068183385,-0.07457779,-0.0702889,-0.066,0.002,0.004129774,0.0057257055,0.0034749217,0.001224138,0.0014090477,0.0018633344,0.002317621,0.0027719077,0.003596496,0.004794494,0.0059924917,-0.0011573668,-0.008359875,0.0096469475,0.035086997,0.02993931,0.0018135172,-0.025784245,-0.04259285,-0.059401456,-0.07235298,-0.08459918,-0.08278257,-0.080490105,-0.08247743,-0.085628524,-0.087880805,-0.089440405,-0.091,0.47,0.48064888,0.48725706,0.46474922,0.44224137,0.41954762,0.39683327,0.37411895,0.3514046,0.3499416,0.36990824,0.38987488,0.3005329,0.21050157,0.11281557,0.012872509,-0.018689655,0.0011172413,0.0055868397,-0.30332807,-0.61224294,-0.64199483,-0.6206971,-0.66878355,-0.7192178,-0.54950154,-0.31992164,-0.27505022,-0.37252513,-0.47,1.12,1.2318131,1.3195769,1.234047,1.1485173,1.0909142,1.0363998,0.9818855,0.9273711,0.949708,1.0495411,1.1493742,1.2797272,1.4102727,1.1382791,0.7475925,0.62750345,0.7106924,0.77770644,0.5142202,0.25073394,0.11097145,-0.0061661103,-0.06765325,-0.12725735,0.10066458,0.40677115,0.6611105,0.8755553,1.09,0.8,0.7574045,0.7298746,0.81090283,0.89193106,0.8611405,0.8179832,0.774826,0.7316688,0.71795326,0.7339266,0.74989986,0.6247461,0.4987022,0.4664916,0.46194875,0.4667862,0.47867036,0.4946631,0.59460616,0.6945492,0.84503895,1.004772,1.0233046,1.0370594,1.0612351,1.0882446,1.1418382,1.2159191,1.29,-0.47,-0.45935112,-0.45219436,-0.47020063,-0.4882069,-0.48795477,-0.48568332,-0.4834119,-0.48114046,-0.47801167,-0.47401837,-0.47002503,-0.56394047,-0.6584734,-0.5361563,-0.34989876,-0.18404138,-0.033508964,0.11233154,0.16230308,0.2122746,0.053451985,-0.1435521,-0.070172414,0.012356322,0.097244516,0.18277429,0.21119197,0.19559598,0.18,-1.73,-1.8258399,-1.9072571,-1.8847492,-1.8622414,-1.8784071,-1.8988501,-1.9192929,-1.9397359,-1.9619299,-1.9858899,-2.0098498,-2.0323668,-2.0548747,-1.8740556,-1.6332837,-1.5232137,-1.5113297,-1.5040272,-1.5903417,-1.6766561,-1.7170078,-1.7489544,-1.8697413,-1.9935344,-1.924442,-1.8028997,-1.7940402,-1.8720201,-1.95,0.37,0.31143123,0.25945142,0.25494984,0.2504483,0.27249762,0.29748338,0.32246915,0.3474549,0.36,0.36,0.36,0.50314736,0.6471975,0.75016767,0.841025,0.92524135,1.0044689,1.0757608,0.9849035,0.8940462,0.8709974,0.8603485,0.8821743,0.905099,0.8392163,0.74918497,0.716606,0.728303,0.74,0.87,0.8380534,0.81,0.81,0.81,0.79159284,0.77114993,0.75070703,0.7302641,0.70409346,0.67214686,0.6402002,0.7607806,0.8823229,0.96262574,1.0307688,1.0351173,0.99154204,0.9413097,0.7550522,0.56879467,0.5805117,0.6284316,0.66547894,0.7021584,0.6639906,0.60547024,0.5293538,0.43967688,0.35,0.0,0.0,0.0,0.0,0.0,0.0,0.0,0.0,0.0,0.0,0.0,0.0,0.0,0.0,0.0,0.0,0.0,0.0,0.0,0.0,0.0,0.0,0.0,0.0,0.0,0.0,0.0,0.0,0.0,0.0
-142.0,-129.89148,-122.906975,-118.23256,-116.24806,-113.387596,-113.27907,-110.674416,-111.24806,-110.5814,-106.310074,-102.65891,-105.441864,-99.4031,-94.434105,-97.16279,-103.0,-89.15504,-76.16279,-80.47287,-94.449615,-98.023254,-89.387596,-88.28682,-85.27907,525.5892,-137.89148,-170.86046,-105.620155,-94.45737,-77.34884,-76.5969,-58.0,-93.558136,-97.5814,-91.28682,-87.88372,-89.29457,-95.71318,-91.74419,-70.0,-67.62791,-87.860466,-84.0,-82.0,-79.906975,-79.0,270.2946,179.13954,-223.34108,-112.41085,-108.62791,-85.35659,-35.139534,-51.697674,-51.178295,-49.31783,30.790697,79.78294,140.37985,109.39535,-29.418604,-184.29457,-218.67442,-209.96124,-166.13179,-182.67442,-149.46512,-136.72868,-147.81395,-119.65891,-97.51163,-111.5814,-121.68217,-113.503876,-112.674416,-67.0,-94.25581,-83.04651,-95.17829,-74.5969,-66.48837,-81.17054,-90.42635,-83.39535,-89.72868,-80.0,57.255814,599.67444,-429.3876,-163.86046,-110.94574,-83.147285,-72.88372,-61.08527,-45.744186,-26.11628,16.55814,86.023254,148.74419,151.29457,12.914729,-150.60464,-197.34108,-184.93799,-181.2093,-160.78294,-143.70543,-145.25581,-122.48062,-129.41086,-116.558136,-119.31783,-119.00775,-116.0,-108.0,-116.99225,-101.37209,-107.65891,-100.689926,-103.0,-106.24806,-90.78294,-78.30232,-86.612404,-91.18604,-96.0,-96.093025,-82.031006,65.0,0.014,0.0226615,0.031323,0.032635737,0.032184012,0.023060344,0.007975985,0.0005175129,0.007951398,0.015385284,0.02113793,0.026424065,0.026187599,0.025275862,0.023092376,0.020357165,0.019407066,0.020215027,0.020935737,0.018677115,0.016418496,0.020784326,0.02665674,0.027073415,0.023867631,0.018429015,0.012161852,0.009397108,0.010198554,0.011,-0.011,-0.004161974,0.0026760518,0.010921003,0.019503761,0.024577586,0.027239531,0.031517513,0.038951397,0.046385285,0.040551726,0.031036684,0.025937995,0.02137931,0.02,0.02,0.019592935,0.018784974,0.01819279,0.024968652,0.031744514,0.049561128,0.06988872,0.059376344,0.028387098,0.018041007,0.015355079,0.014595662,0.015797831,0.017,-0.41,-0.5513192,-0.6926384,-0.76735425,-0.82607836,-0.91310346,-1.0195813,-1.0661498,-0.9957236,-0.9252973,-0.91413796,-0.91942406,-0.887504,-0.85103446,-0.80820626,-0.76261944,-0.7420353,-0.74607515,-0.747558,-0.6617304,-0.5759028,-0.4459122,-0.30587775,-0.3559622,-0.5322803,-0.55714506,-0.5258092,-0.51198554,-0.51599276,-0.52,0.45,0.4819108,0.5138216,0.5345705,0.5526395,0.5153017,0.43987992,0.4098751,0.46856368,0.52725226,0.6351724,0.7567535,0.5425277,0.28724137,0.3053812,0.44214174,0.5710597,0.692254,0.80897176,0.7728339,0.73669595,0.6747962,0.6070376,0.60889876,0.6569855,0.6112302,0.5306524,0.5455951,0.6577976,0.77,0.84,0.7579437,0.6758874,0.70006895,0.7497586,0.75159484,0.7205388,0.6589248,0.5376351,0.41634536,0.39827585,0.40884814,0.35313192,0.28931034,0.27953812,0.29321417,0.3325652,0.39720213,0.46347022,0.58543575,0.7074013,0.75944203,0.7955799,0.67192805,0.4421802,0.43550482,0.5116061,0.5599277,0.57996386,0.6,-0.15,-0.16823474,-0.18646947,-0.16085893,-0.124721006,-0.1362931,-0.18065886,-0.18084985,-0.094773285,-0.008696714,-0.03551724,-0.09366471,-0.124372035,-0.15172414,-0.109130025,-0.03619108,-0.028494533,-0.085051864,-0.14282759,-0.2422069,-0.3415862,-0.35631976,-0.3518025,-0.2600927,-0.110489435,-0.17447965,-0.31772912,-0.34234706,-0.24617353,-0.15,-2.29,-2.1714742,-2.0529485,-1.8879373,-1.7117649,-1.64,-1.64,-1.5883248,-1.4357345,-1.2831441,-1.2168965,-1.1746075,-1.17,-1.17,-1.1986144,-1.2396425,-1.3068124,-1.3997281,-1.4916708,-1.550395,-1.6091192,-1.664163,-1.71837,-1.7528439,-1.7742158,-1.6787853,-1.5400125,-1.517653,-1.6138265,-1.71,0.58,0.70308447,0.82616895,0.7079373,0.53176486,0.5415086,0.67904246,0.8760005,1.1890062,1.5020119,1.5741379,1.579424,1.6368681,1.7006897,1.6150807,1.4646441,1.3065517,1.1409196,0.9788433,0.9381881,0.89753294,0.8531975,0.80802506,0.87027436,1.0038487,1.03347,1.0245169,0.95646274,0.8282314,0.7,0.28,0.36205631,0.44411263,0.5947774,0.7619154,0.98775864,1.2539532,1.5890008,2.0585093,2.528018,2.6382759,2.648848,2.593132,2.5293102,2.5417938,2.5873806,2.4980571,2.2758677,2.0528026,1.799837,1.5468714,1.3270282,1.1147178,1.0364219,1.0471079,1.06959,1.0964493,1.1278698,1.163935,1.2,0.0,0.0,0.0,0.0,0.0,0.0,0.0,0.0,0.0,0.0,0.0,0.0,0.0,0.0,0.0,0.0,0.0,0.0,0.0,0.0,0.0,0.0,0.0,0.0,0.0,0.0,0.0,0.0,0.0,0.0
-548.0,-123.71318,-78.05426,-93.860466,-65.63566,-36.697674,-59.813953,-53.542637,-14.906977,47.09302,106.10078,143.75969,76.95349,-99.68217,-201.08527,-214.2093,-197.8062,-184.84496,-164.81395,-160.41086,-137.27132,-129.06976,-110.88372,-111.71318,-118.60465,-109.12403,-125.9845,-104.72093,-77.4186,-85.65116,-92.5814,-78.15504,-63.52713,-68.5814,-89.10853,-87.91473,-84.790695,-84.13178,-83.17829,471.72092,-117.565895,-165.26357,-100.04651,-90.666664,-73.81396,-69.11628,-56.43411,-37.35659,-8.348837,39.953487,117.60465,152.0,109.52713,-67.41085,-174.04651,-205.0,-191.68217,-167.1628,-154.50388,-146.57364,-135.48837,-118.10853,-125.1938,-117.95349,-113.03876,-117.9845,-112.88372,-106.27132,-110.565895,-103.209305,-102.65891,-103.0,-106.23256,-95.07752,-93.558136,-73.62791,-89.89147,-91.968994,-99.0,-89.42635,-72.91473,-100.48837,-107.89922,-88.42635,-98.88372,-75.41085,-71.666664,-82.48837,-92.17829,-94.0,-94.0,-91.05426,-12.077519,674.7442,-492.9535,-167.68993,-113.860466,-90.00775,-81.5969,-70.0,-56.147285,-29.03876,8.139535,80.51938,141.12402,139.97675,3.6046512,-153.99225,-201.62791,-190.17055,-186.58914,-172.39536,-159.52713,-149.74419,-126.62791,-124.51938,-121.612404,-119.62791,-127.147285,-116.0,-115.5814,-108.37209,-112.78294,-106.0,-99.54263,-103.0,-117.30232,-94.21706,-77.0,-79.0,0.039,0.053354636,0.06770927,0.04455299,0.005403986,-0.040392913,-0.0960715,-0.14191312,-0.102339394,-0.06276568,-0.063565664,-0.11904989,-0.14846125,-0.14498134,-0.13763745,-0.10718823,-0.076739006,-0.06783641,-0.06290538,-0.05586207,-0.04077586,-0.025689656,-0.05150306,-0.08247497,-0.10039655,-0.08351724,-0.06663793,-0.04975862,-0.03287931,-0.016,0.04,0.07784404,0.11568807,0.1187659,0.1070212,0.090378046,0.06645365,0.04939533,0.091955744,0.13451615,0.15857153,0.15756273,0.15815407,0.160764,0.16480733,0.17742202,0.1900367,0.20865434,0.22837849,0.23978621,0.21952759,0.19926897,0.19326502,0.18905896,0.18874139,0.1987931,0.20884483,0.21889655,0.22894828,0.239,-1.4,-1.1738057,-0.9476115,-0.89524835,-0.9169978,-0.6850775,-0.07609301,0.42411894,-0.02015205,-0.46442303,-0.6900073,-0.619391,-0.5165264,-0.37298006,-0.29487187,-0.6080639,-0.92125595,-0.5440331,-0.039550345,0.35013792,0.30272415,0.25531036,0.27376807,0.30053392,0.27448276,0.107586205,-0.059310343,-0.2262069,-0.39310345,-0.56,1.23,1.0951535,0.9603069,0.874255,0.80900663,1.2056122,2.2887347,3.2484334,3.1364322,3.0244312,3.011416,3.1324725,3.2115407,3.23764,3.3403955,3.9015312,4.462667,3.7845407,2.877989,2.1851034,2.305793,2.4264827,2.2634373,2.064605,1.8460345,1.5748276,1.3036207,1.0324138,0.7612069,0.49,-0.19,-0.10300221,-0.016004428,0.24482442,0.5797659,0.5805631,0.08467574,-0.38544664,-0.63184905,-0.87825143,-0.82290536,-0.35885546,-0.1,-0.1,-0.15297374,-0.5227143,-0.8924549,-0.66175175,-0.3203724,0.011862069,0.30927587,0.60668963,0.78260845,0.94320357,1.0165517,0.8572414,0.69793105,0.5386207,0.37931034,0.22,-0.87,-0.87,-0.87,-0.86695033,-0.86260045,-0.8460044,-0.8112053,-0.78925335,-0.8788542,-0.9684551,-0.90431404,-0.6319369,-0.28573236,0.15360646,0.50133187,0.30123696,0.10114204,0.13405517,0.20991725,0.30496553,0.47306895,0.6411724,0.8195856,0.9992992,1.0498276,0.75586206,0.46189654,0.16793104,-0.12603448,-0.42,-1.96,-1.7164062,-1.4728124,-1.8117051,-2.3989403,-2.5488136,-2.0485764,-1.61041,-1.711211,-1.812012,-1.7457447,-1.4531915,-1.1322777,-0.77558684,-0.50490034,-0.74849415,-0.99208796,-0.62324965,-0.14152552,0.20413794,0.031724136,-0.14068966,-0.29581758,-0.4487653,-0.54448277,-0.4875862,-0.43068966,-0.3737931,-0.31689656,-0.26,0.65,0.35420752,0.05841506,0.23837078,0.62116104,0.6750554,0.24006644,-0.1688922,-0.35182732,-0.53476244,-0.8028173,-1.1861628,-1.3961531,-1.3874533,-1.3905947,-1.4645429,-1.538491,-1.4154842,-1.2561738,-1.147931,-1.2341379,-1.3203448,-1.0312014,-0.69471633,-0.43293104,-0.37034482,-0.30775863,-0.24517241,-0.18258621,-0.12,0.64,0.5747517,0.5095033,1.0358906,1.8145207,2.3622239,2.5666687,2.7052755,2.2722046,1.8391339,1.6392736,1.7552861,1.9296362,2.1775799,2.472265,3.0464504,3.620636,3.6907835,3.6680248,3.5612414,3.1345172,2.707793,2.4155283,2.1402225,1.9637932,2.0510345,2.1382759,2.2255173,2.3127587,2.4,0.0,0.0,0.0,0.0,0.0,0.0,0.0,0.0,0.0,0.0,0.0,0.0,0.0,0.0,0.0,0.0,0.0,0.32027587,0.6995862,0.91034484,0.47931033,0.048275862,0.0,0.0,0.0,0.0,0.0,0.0,0.0,0.0
9.0,72.4186,145.21706,158.34883,44.155037,-134.48062,-187.76744,-187.45737,-188.26357,-163.30232,-146.22481,-150.29457,-126.51163,-128.4031,-117.565895,-121.83721,-116.99225,-116.0,-108.0,-114.47287,-102.379845,-106.65116,-99.68217,-103.0,-107.25581,-89.77519,-85.35659,-84.093025,-92.69768,-96.0,-97.60465,-83.03876,2.015504,-99.0,-109.310074,-93.51163,-91.209305,-74.86822,-69.94574,-93.23256,-90.24031,-94.0,-90.74419,-95.333336,353.50388,48.23256,-206.41086,-114.449615,-98.4186,-81.88372,-78.57365,-67.62791,-44.937984,-16.139534,32.418606,109.75969,145.0,111.37209,-73.15504,-195.52713,-198.13954,-186.10852,-181.1938,-166.11627,-154.03876,-144.89923,-128.04651,-123.1938,-113.27132,-118.34884,-119.65891,-115.69768,-115.4186,-108.39535,-107.70543,-106.0,-97.24806,-99.77519,-112.860466,-84.75194,-79.72093,-108.0,-105.18604,-103.0,-105.093025,-99.0,-95.333336,-106.0,-90.35659,-75.10078,-78.976746,-92.76744,-91.0,-90.11628,-83.08527,-73.5969,664.2093,-403.5659,-150.44962,-100.4186,-87.0,-74.17054,-65.83721,-53.806202,-36.100777,-6.4651165,51.44186,124.83721,154.97675,53.054264,-118.74419,-196.65117,-189.31783,-177.24031,-166.0,-159.43411,-148.00775,-136.62791,-123.0,-125.0,-116.60465,-117.75194,-108.0,-113.27907,-106.15504,-107.689926,-105.674416,-99.27907,-94.0,-94.0,0.095,0.09234984,0.089699686,0.08654447,0.083208084,0.07987169,0.0765353,0.07319891,0.06544502,0.05741108,0.05234112,0.053385984,0.058327448,0.06882207,0.07931669,0.07729153,0.072874606,0.07188312,0.073417425,0.085781194,0.10477398,0.11479017,0.108587675,0.10351034,0.0999768,0.09667075,0.094581015,0.09386808,0.09743404,0.101,0.168,0.16888338,0.16976677,0.1715347,0.17361996,0.1757052,0.17779043,0.17987569,0.17928047,0.17851534,0.17680608,0.17314905,0.1703589,0.16880414,0.16724938,0.16922508,0.17187524,0.17800435,0.18669873,0.21164452,0.24653825,0.27084154,0.27601027,0.26652414,0.23693073,0.21175306,0.21018577,0.20856597,0.20678298,0.205,-1.19,-1.2385862,-1.2871724,-1.24782,-1.1769217,-1.1060234,-1.035125,-0.9642267,-0.9276215,-0.8931903,-0.8938784,-0.9670189,-0.98435587,-0.9221655,-0.85997516,-0.7647053,-0.663116,-0.552294,-0.43466425,-0.36260188,-0.3184326,-0.2679017,-0.20587674,-0.19234483,-0.24534796,-0.2990545,-0.35652205,-0.4,-0.4,-0.4,-0.4,-0.43975234,-0.4795047,-0.42400768,-0.33434215,-0.24467663,-0.1550111,-0.06534557,-0.042011946,-0.02288352,-0.021939192,-0.058509454,-0.12968552,-0.25017932,-0.3706731,-0.42337617,-0.46312854,-0.48,-0.48,-0.44986206,-0.40127587,-0.3479017,-0.28587675,-0.2797931,-0.35046396,-0.3943604,-0.29509825,-0.2427871,-0.33639354,-0.43,0.02,0.024416927,0.028833855,0.083714664,0.15669824,0.2296818,0.30266538,0.37564895,0.35841432,0.33546022,0.34558398,0.42394882,0.47641104,0.49195862,0.5075062,0.42841378,0.33124137,0.23112522,0.12883848,0.111918494,0.14725392,0.18289068,0.2190719,0.25489655,0.29023197,0.32,0.32,0.3037235,0.23686175,0.17,-0.86,-0.88208467,-0.90416926,-0.89618766,-0.8774204,-0.85865325,-0.83988607,-0.82111883,-0.88115937,-0.946196,-1.0445791,-1.2117575,-1.3003834,-1.277062,-1.2537407,-1.0497429,-0.8112288,-0.71883124,-0.73417425,-0.70712227,-0.65411913,-0.60895085,-0.5779384,-0.56931037,-0.59139496,-0.6050612,-0.5737152,-0.5630212,-0.61651057,-0.67,-0.03,-0.17134169,-0.31268337,-0.30395886,-0.24140151,-0.17884417,-0.116286814,-0.053729467,-0.12554982,-0.20588923,-0.21906562,-0.09368187,0.010452414,0.084303446,0.15815449,0.24416928,0.33250785,0.5024682,0.73261344,0.82,0.82,0.79974324,0.742887,0.7286207,0.77278996,0.8083537,0.7979051,0.79,0.79,0.79,1.4,1.3160784,1.2321568,1.1593547,1.0905416,1.0217286,0.9529155,0.8841024,0.667741,0.4420255,0.34116796,0.49789765,0.64289105,0.77115864,0.8994262,1.0942978,1.3018935,1.2604755,1.0354446,0.9554796,0.9643135,0.9939398,1.0611335,1.0571724,0.9555831,0.87493885,0.90628475,0.93,0.93,0.93,2.82,2.9348402,3.0496802,2.955689,2.7867842,2.6178792,2.4489744,2.2800696,2.2448168,2.218037,2.2392287,2.359388,2.4540415,2.5123448,2.5706482,2.67642,2.7912602,2.8429437,2.848058,2.8691788,2.9000971,2.9734042,3.123298,3.204414,3.191163,3.1890545,3.246522,3.2965107,3.3232553,3.35,0.0,0.0,0.0,0.0,0.0,0.0,0.0,0.0,0.0,0.0,0.0,0.0,0.0,0.0,0.0,0.0,0.0,0.0,0.0,0.0,0.0,0.0,0.0,0.0,0.0,0.0,0.0,0.0,0.0,0.0
-89.0,-79.07752,-70.0,-59.67442,-32.56589,1.0852714,67.4186,136.08527,144.00775,38.372093,-131.8217,-204.1473,-193.69768,-187.5969,-174.91473,-160.53488,-151.25581,-130.15504,-128.04651,-125.64341,-118.620155,-124.62791,-116.0,-114.06977,-109.88372,-111.77519,-106.0,-103.06977,-103.0,-109.74419,-97.74419,-77.0,-80.51163,-108.0,-103.0,-104.62791,-101.88372,-100.147285,-96.94574,-102.976746,-80.89922,-70.72868,-86.558136,-89.666664,-89.63566,-85.51163,-82.0,70.620155,595.4186,-421.6744,-166.24806,-111.53488,-88.612404,-70.35659,-60.813953,-48.736435,-26.922482,10.372093,81.5814,145.72093,133.53488,-22.635658,-164.68217,-198.04651,-188.0,-168.97675,-163.93024,-153.92249,-139.72868,-131.37209,-123.17054,-115.1938,-119.53488,-116.68217,-113.441864,-112.18604,-103.0,-104.64341,-111.95349,-95.550385,-99.96124,-99.0,-92.64341,-90.42635,50.627907,590.72095,-455.66666,-170.81395,-113.08527,-89.0,-70.0,-64.94574,-50.868217,-31.813953,13.403101,76.45737,143.30232,142.91473,-9.75969,-153.18605,-192.75194,-195.17055,-178.93024,-164.22481,-152.77519,-142.60464,-132.49612,-121.976746,-116.65116,-118.620155,-118.82171,-108.83721,-108.790695,-107.24031,-111.0,-97.08527,-102.5969,-101.0,-101.34109,-97.75969,-99.325584,-92.24031,-92.69768,-98.72093,-98.22481,-72.93023,-69.76744,-78.84496,-84.18604,-84.0,0.123,0.11790039,0.11280077,0.11277444,0.11369313,0.11186593,0.10866152,0.10506612,0.099553935,0.09404176,0.097661346,0.10082852,0.09902423,0.097219944,0.09861341,0.10045081,0.09717053,0.09170847,0.08920356,0.08960734,0.090063855,0.092381865,0.094699875,0.093415044,0.09159436,0.0947771,0.100384824,0.10418697,0.09959348,0.095,0.365,0.29777777,0.23055555,0.21457893,0.20814805,0.206,0.206,0.20576653,0.20438848,0.20301044,0.2009078,0.19895713,0.19850606,0.19805498,0.20001677,0.20231351,0.20395736,0.20532288,0.20538932,0.20417798,0.203,0.203,0.203,0.20181128,0.20044577,0.2035073,0.20871449,0.21267478,0.2108374,0.209,0.14,-0.036168583,-0.21233717,-0.26710534,-0.29925972,-0.30466482,-0.2966538,-0.28844354,-0.27925655,-0.2700696,-0.29615244,-0.3204287,-0.32493943,-0.32945013,-0.32193294,-0.31274596,-0.29085267,-0.26354232,-0.23778643,-0.21355951,-0.19127715,-0.2376373,-0.28399745,-0.28207523,-0.27297178,-0.3050731,-0.35714483,-0.38861752,-0.32430875,-0.26,-0.21,-0.2980843,-0.38616857,-0.38063905,-0.35767162,-0.41135448,-0.5034814,-0.5846694,-0.6122303,-0.6397912,-0.51969874,-0.40742776,-0.38036346,-0.35329917,-0.23706105,-0.10844353,-0.12105956,-0.19388714,-0.20760845,-0.16319244,-0.12293742,-0.22956577,-0.33619413,-0.20339185,-0.03497806,-0.028562758,-0.10066207,-0.17626068,-0.26813033,-0.36,0.16,0.22954023,0.29908046,0.22093958,0.115289465,0.096005514,0.12003862,0.13533059,0.10776969,0.08020879,0.08523049,0.0904287,0.094939426,0.09945014,0.14436887,0.19489719,0.21,0.21,0.22424917,0.25251392,0.27795658,0.20378034,0.12960409,0.17151096,0.23068339,0.22032276,0.17626207,0.15219551,0.22109775,0.29,-1.04,-0.9426437,-0.8452874,-0.7835337,-0.7284119,-0.7313407,-0.7633848,-0.7853306,-0.7577697,-0.7302088,-0.6672341,-0.614287,-0.6593942,-0.7045014,-0.71,-0.71,-0.767442,-0.84937304,-0.82486093,-0.6956507,-0.57153255,-0.6271647,-0.68279696,-0.6503762,-0.60485893,-0.61428136,-0.650331,-0.6678045,-0.5989022,-0.53,0.73,0.86444443,0.9988889,0.9851503,0.9438089,0.92466486,0.9166538,0.9029959,0.8616545,0.8203132,0.8879964,0.95214355,0.9746971,0.9972507,1.0040336,1.008627,1.0419122,1.0874295,1.1140711,1.1221468,1.1292337,1.1014177,1.0736015,1.1135862,1.1636552,1.1853958,1.1934069,1.2089434,1.2594717,1.31,0.66,0.77590036,0.89180076,0.9061278,0.9015343,0.8653214,0.81324965,0.7925688,0.9257798,1.0589908,1.101844,1.1361417,1.0955452,1.0549487,0.98142993,0.9033407,0.91510344,0.9651724,0.93707454,0.8320912,0.7321711,0.8109834,0.88979566,0.9713229,1.0532539,1.0341352,0.9660414,0.91894335,0.9694717,1.02,3.47,3.49318,3.51636,3.4967668,3.4692059,3.4359918,3.3999422,3.3715565,3.3807435,3.3899305,3.3429255,3.3025723,3.3296366,3.356701,3.4326036,3.5152862,3.581486,3.6406584,3.6618576,3.6457064,3.6292336,3.6014175,3.5736015,3.6413229,3.723254,3.717625,3.6695585,3.6267478,3.6083739,3.59,0.0,0.0,0.0,0.0,0.0,0.0,0.0,0.0,0.0,0.0,0.0,0.0,0.0,0.0,0.0,0.0,0.0,0.0,0.0,0.0,0.0,0.0,0.0,0.0,0.0,0.0,0.0,0.0,0.0,0.0
-200.0,-125.75969,-94.37209,-87.0,-76.689926,-66.84496,-54.813953,-40.131783,-12.511628,39.34884,114.25581,156.48837,80.76744,-96.06977,-190.60464,-191.8372,-179.75969,-166.0,-160.44186,-150.52713,-135.62015,-123.0,-125.0,-111.565895,-116.74419,-108.0,-114.790695,-107.16279,-105.17054,-102.147285,-103.81396,-94.0,-98.53488,-99.0,-89.0,-89.0,469.51163,-137.93024,-175.60464,-107.18604,-94.976746,-81.37209,-70.0,-57.333332,-45.953487,-10.046512,38.11628,102.30232,157.2093,97.81396,-82.08527,-184.02325,-199.031,-188.89148,-171.81395,-159.29457,-152.0,-140.0,-123.70543,-123.0,-119.72093,-116.10853,-118.07752,-112.88372,-112.96124,-106.03876,-105.88372,-96.1938,-101.0,-99.27907,-89.17054,-90.79845,-105.4186,-82.0,-96.0,-93.18604,-98.503876,-65.0,-76.37209,-94.449615,-82.48062,-135.72093,-130.0,-136.42636,-130.0,-132.77519,-124.666664,-126.25581,-118.0,-117.24031,-114.81396,-109.23256,-113.0,-104.325584,-104.79845,-106.0,-101.0,-99.99225,-96.0,-92.39535,-103.75194,-99.03876,-85.25581,-68.209305,-89.449615,-89.60465,-94.71318,-91.0,-89.0,91.263565,514.1085,-379.5814,-161.48837,-117.503876,-93.30232,-83.565895,-67.60465,-55.55814,-32.705425,5.294574,66.51163,130.0155,133.41086,4.9302325,-157.51163,-202.68993,-205.0,-186.21706,-176.10852,-164.0,0.106,0.104119584,0.10223916,0.102,0.102,0.103324264,0.10637994,0.10943562,0.1124913,0.114935406,0.11457455,0.1142137,0.113150544,0.11106756,0.108972415,0.10524577,0.10151912,0.10059906,0.100133225,0.10316888,0.10760711,0.11074322,0.10965297,0.106335886,0.099693485,0.09933426,0.11410656,0.124727935,0.10686397,0.089,0.206,0.2064701,0.2069402,0.20270649,0.19778731,0.19581494,0.19769534,0.19957577,0.20145619,0.20325838,0.2047018,0.20614521,0.20547098,0.20172161,0.1980207,0.20081568,0.20361066,0.20359907,0.20313323,0.20328808,0.20369156,0.20489876,0.2087146,0.20966795,0.20634675,0.21686736,0.26072258,0.29642898,0.27621448,0.256,-0.16,-0.2352167,-0.31043342,-0.31284413,-0.3046455,-0.293888,-0.2797849,-0.26568174,-0.25157863,-0.24258378,-0.25701797,-0.27145216,-0.27660218,-0.26827025,-0.26031035,-0.3022351,-0.34415987,-0.37004703,-0.39333856,-0.37407276,-0.33775997,-0.29972854,-0.25611886,-0.2509323,-0.3031226,-0.2790494,-0.071314074,0.11298956,0.13649479,0.16,0.15,0.023071812,-0.10385638,-0.14146759,-0.16606344,-0.16981335,-0.14630812,-0.12280291,-0.09929769,-0.06966489,-0.011928121,0.045808647,0.08,0.08,0.08,0.08,0.08,0.12811285,0.18401253,0.1193375,0.0063643767,-0.06459281,0.0008217168,-0.0075734355,-0.12618774,-0.23708916,-0.32941598,-0.3801044,-0.1450522,0.09,0.14,0.15880418,0.17760836,0.17284414,0.16464552,0.163056,0.17010756,0.17715913,0.18421069,0.1945216,0.21978144,0.24504128,0.26509672,0.27759463,0.28993103,0.2806144,0.2712978,0.24193417,0.20932601,0.20864241,0.22074668,0.23641966,0.26367572,0.25716475,0.20022988,0.18708916,0.27941597,0.35342297,0.30171147,0.25,-0.42,-0.49991775,-0.5798355,-0.5864221,-0.5823228,-0.5840747,-0.5934768,-0.6028788,-0.6122809,-0.6154784,-0.59021854,-0.5649587,-0.5567956,-0.5734595,-0.5901724,-0.61346394,-0.63675547,-0.6640564,-0.6920063,-0.67695355,-0.64467555,-0.6225679,-0.6334703,-0.60765004,-0.5269923,-0.49031687,-0.55956197,-0.62239164,-0.64119583,-0.66,1.14,1.1729074,1.2058146,1.2207338,1.2330317,1.227776,1.1995697,1.1713635,1.1431572,1.131627,1.1965809,1.2615347,1.3067956,1.3234595,1.3396207,1.2883793,1.2371379,1.2821223,1.3426802,1.36,1.36,1.3484446,1.2993838,1.2757088,1.2899425,1.3,1.3,1.3083707,1.3741854,1.44,0.78,0.78470105,0.78940207,0.79715586,0.8053545,0.80083203,0.77967733,0.7585226,0.7373679,0.708373,0.64341915,0.5784653,0.5858705,0.69835156,0.8103448,0.8569279,0.903511,0.78971785,0.6499686,0.6157616,0.6238311,0.6428393,0.69735146,0.77567047,0.88954026,0.9605188,0.9282044,0.9083708,0.9741854,1.04,3.73,3.7441032,3.7582064,3.709909,3.6525185,3.6149068,3.6031542,3.5914013,3.5796487,3.5603108,3.5061827,3.4520545,3.4522793,3.5314326,3.6101034,3.6240783,3.6380532,3.6159437,3.5879936,3.65202,3.752889,3.810741,3.728973,3.68,3.68,3.6718733,3.6441753,3.6373394,3.7736697,3.91,0.0,0.0,0.0,0.0,0.0,0.0,0.0,0.0,0.0,0.0,0.0,0.0,0.0,0.0,0.0,0.0,0.0,0.0,0.0,0.0,0.0,0.0,0.0,0.0,0.0,0.0,0.0,0.0,0.0,0.0
154.0,22.992249,-136.05426,-190.23256,-197.68993,-182.45737,-168.25581,-153.78294,-146.13179,-136.02325,-120.46512,-117.65891,-119.62791,-116.8062,-110.34884,-110.30232,-109.75969,-111.0,-99.60465,-101.58915,-101.0,-102.34884,-93.72868,-93.27907,-97.27907,-86.65116,-97.209305,-93.18604,-80.48837,-67.24806,-76.325584,-90.23256,-84.0,-130.97675,-132.63567,-133.37209,-131.11627,-125.13178,-128.0,-121.18604,-118.0,-114.093025,-109.74419,-112.333336,-109.58915,-107.39535,-101.0,-103.81396,-101.0,-96.72093,-96.0,-93.37209,-106.0,-91.89147,-79.81396,-77.23256,-97.94574,-88.76744,-91.30232,-89.17054,-89.0,542.8605,-266.86823,-129.11627,-91.47287,-89.0155,-82.0,-78.65116,-61.782948,-49.372093,-14.976745,26.11628,96.558136,145.0,95.63566,-64.93023,-189.78294,-205.0,-198.53488,-183.0,-164.0,-137.95349,-123.54263,-126.565895,-120.0,-120.0,-118.0,-114.95349,-112.27132,-107.24031,-104.81396,-106.0,-99.852715,-97.674416,-91.0,-93.63566,-91.0,-91.0,-89.96124,-93.674416,-93.24806,-74.17054,-68.25581,-81.9845,-87.0,-84.0,-82.71318,-80.023254,148.65117,398.0775,-327.969,-140.62791,-98.63566,-77.0,-71.53488,-58.43411,-46.00775,-22.860466,13.612403,78.58915,137.90698,136.73643,-5.4883723,-155.65117,-197.6124,-195.62015,-183.0,-169.06201,-149.07751,-142.0,0.064,0.062480602,0.06085329,0.05510721,0.04936113,0.049040284,0.05040348,0.054250784,0.060030866,0.06581095,0.071572855,0.07732369,0.08056583,0.08277586,0.0800774,0.0712843,0.06379785,0.05755299,0.05036552,0.04064138,0.032738872,0.028760815,0.025021242,0.025410207,0.025799172,0.029178005,0.03574837,0.04191202,0.04645601,0.051,0.164,0.16197413,0.15977429,0.15093417,0.14209405,0.13063745,0.11836868,0.10324765,0.0859074,0.06856716,0.06005117,0.05691435,0.05098934,0.043917242,0.036308143,0.028032282,0.027430877,0.034121796,0.038445372,0.036398184,0.03345862,0.028596552,0.023957517,0.023179587,0.022401655,0.03344082,0.057094127,0.08019529,0.10109765,0.122,0.54,0.8995905,1.253837,1.4041191,1.5544013,1.437425,1.2374896,1.1136677,1.0490668,0.9844659,0.72938824,0.358198,0.13412853,-0.029413793,-0.14768893,-0.2097579,-0.212553,-0.15902562,-0.13247913,-0.17854084,-0.20159248,-0.1750721,-0.15403587,-0.22793931,-0.30184275,-0.3738987,-0.4439826,-0.45804706,-0.24902353,-0.04,-0.02,0.6029526,1.2128214,1.3233229,1.4338244,1.5189494,1.5961972,1.7332602,1.9168628,2.1004653,2.173248,2.178476,2.1643417,2.1422415,2.0976963,2.0252824,2.0151598,2.0642266,2.0681088,1.9503957,1.841975,1.7535737,1.6625655,1.5264276,1.3902897,1.3623734,1.4499782,1.4661908,1.1980954,0.93,-0.38,-0.5471336,-0.71011287,-0.7145329,-0.71895295,-0.8066903,-0.92029005,-1.0025078,-1.0603087,-1.1181095,-1.2471857,-1.4197108,-1.5420282,-1.6436896,-1.6976926,-1.6925201,-1.6671275,-1.6225214,-1.59,-1.59,-1.5493636,-1.4211818,-1.2949021,-1.2015504,-1.1081986,-1.0176266,-0.93002176,-0.81804705,-0.6090235,-0.4,-1.07,-0.66989225,-0.27717867,-0.16667712,-0.05617555,-0.2345891,-0.5026845,-0.72708464,-0.9174873,-1.10789,-1.365139,-1.6631368,-1.6529185,-1.5158966,-1.299248,-0.98373073,-0.73850995,-0.5600854,-0.38978946,-0.24136843,-0.1582163,-0.21567711,-0.27127448,-0.2946124,-0.31795034,-0.32576266,-0.31700218,-0.3191202,-0.3645601,-0.41,0.66,0.37131464,0.09609404,0.3347774,0.5734608,-0.42762166,-1.8135386,-2.4945767,-2.6271787,-2.7597806,-2.748287,-2.6489544,-2.388257,-2.0611725,-1.5915737,-0.945022,-0.67345774,-0.7582094,-0.82277316,-0.83300906,-0.73770845,-0.4150439,-0.106388964,-0.040264826,0.025859311,-0.10101895,-0.43391737,-0.7246246,-0.8473123,-0.97,1.16,0.80547416,0.45492163,0.25601882,0.057115987,0.3290203,0.74706733,0.96250784,1.0203086,1.0781095,1.2656507,1.5322803,1.6319216,1.6628621,1.7769113,1.9941525,2.081702,2.0460172,2.0532777,2.1761088,2.2403824,2.1785016,2.1221242,2.1610208,2.1999173,1.9127928,1.2776576,0.7928005,0.90640026,1.02,2.29,2.4723275,2.6571097,2.9355736,3.2140377,3.5262005,3.8488238,4.0435424,4.138744,4.233945,4.201791,4.0920024,3.8595736,3.5766897,3.3323183,3.1357667,3.021702,2.986017,2.9752522,3.03155,3.0952225,3.1747837,3.2550979,3.3484497,3.4418013,3.6679683,4.0359087,4.296255,4.1281276,3.96,0.0,0.0,0.0,0.0,0.0,0.0,0.0,0.0,0.0,0.0,0.0,0.0,0.0,0.0,0.0,0.0,0.0,0.0,0.0,0.0,0.0,0.0,0.0,0.0,0.0,0.0,0.0,0.0,0.0,0.0
-101.0,-96.0,-93.906975,-101.23256,-102.565895,-86.76744,-69.72093,-87.434105,-93.13178,-95.72093,-91.0,-89.0,-15.55814,699.031,-519.65894,-179.62791,-116.496124,-91.790695,-82.558136,-69.11628,-57.069767,-37.744186,-0.24806201,53.91473,121.95349,139.96124,31.635658,-134.8372,-200.17055,-205.0,-189.74419,-179.63567,-164.0,-128.41861,-126.5814,-123.0,-120.0,-118.852715,-118.0,-113.0,-109.139534,-104.093025,-103.0,-102.666664,-101.0,-96.0,-93.139534,-89.54263,-91.0,-93.27907,-89.0,-98.37209,-87.77519,-73.64341,-72.860466,-86.558136,-87.0,-84.0,-82.0,-77.17054,605.02325,-379.02325,-122.496124,-83.0,-74.17054,-70.0,-64.88372,-52.88372,-40.457363,-11.023255,38.046513,107.91473,149.0,92.27907,-81.21706,-184.62791,-205.0,-185.41861,-174.95349,-161.75194,-146.51938,558.06976,-373.55038,-143.76744,-84.139534,-77.41085,-67.0,-60.604652,-56.35659,-31.48062,-0.6744186,56.91473,129.37985,161.0,80.387596,-98.11628,-197.27907,-210.0,-197.4031,-185.32558,-169.89923,-150.03876,-132.93024,-124.1938,-123.77519,-121.139534,-121.06977,-121.023254,-120.0,-122.06977,-113.88372,-108.83721,-102.31783,-102.503876,-99.93023,-98.34884,-91.60465,-94.37209,-91.0,-87.0,-91.0,-96.620155,-72.75969,-65.46512,-76.22481,-89.0,-79.23256,-83.93799,-72.07752,-31.0,0.102,0.09794207,0.09388414,0.092247024,0.09270815,0.09196552,0.08914751,0.086329505,0.083511494,0.08069348,0.07845801,0.07641268,0.07387931,0.07025616,0.06663301,0.066,0.066,0.066886425,0.067817144,0.06636965,0.06434069,0.06491188,0.07054789,0.07480627,0.07388401,0.07268672,0.06513206,0.060807083,0.07040354,0.08,0.206,0.17962345,0.1532469,0.1365536,0.1282533,0.12188594,0.11885116,0.115816385,0.11278161,0.10974683,0.11085039,0.11330479,0.114501916,0.11289163,0.111281335,0.11144065,0.11197459,0.11155678,0.11109143,0.11002179,0.10880441,0.10688474,0.10359706,0.1029373,0.11215988,0.12077623,0.11538004,0.11538863,0.13869432,0.162,-0.06,-0.10463724,-0.14927448,-0.17494044,-0.184163,-0.17647214,-0.13962127,-0.10277041,-0.06591954,-0.029068671,0.0015878754,0.03022247,0.028831417,-0.03960591,-0.10804324,-0.10237387,-0.08101633,-0.15534641,-0.23445745,-0.20761104,-0.15485793,-0.08494891,0.018378032,0.09128213,0.049780563,0.005077036,-0.113639034,-0.1824635,-0.03623175,0.11,0.06,0.26289654,0.4657931,0.65880877,0.84326017,0.95920426,0.95703655,0.95486885,0.95270115,0.95053345,0.96233594,0.97869855,1.0024521,1.0427094,1.0829666,1.1869438,1.3044102,1.2878393,1.2645713,1.1491365,1.0111669,0.9391188,0.9954789,1.0448433,1.0678997,1.0891049,1.0675201,0.9768562,0.5884281,0.2,-0.51,-0.50594205,-0.50188416,-0.50494045,-0.514163,-0.5398939,-0.59408635,-0.64827883,-0.70247126,-0.75666374,-0.773084,-0.77717465,-0.77626437,-0.7641872,-0.75211,-0.7279673,-0.7012704,-0.67340714,-0.6454856,-0.6726069,-0.7131862,-0.73203385,-0.70855045,-0.67934483,-0.6286207,-0.577091,-0.50694054,-0.43020815,-0.32510406,-0.22,-1.29,-1.2615945,-1.233189,-1.2150595,-1.205837,-1.1665783,-1.0755349,-0.9844916,-0.8934483,-0.80240494,-0.8015879,-0.8302225,-0.89109194,-1.0239409,-1.1567898,-1.18,-1.18,-1.1090857,-1.0346283,-0.8928331,-0.7345738,-0.6140677,-0.5671009,-0.55034167,-0.6471787,-0.7364197,-0.6500807,-0.5627897,-0.47139484,-0.38,-0.6,-0.62434757,-0.6486952,-0.71928525,-0.8299561,-0.9198939,-0.97408634,-1.0282788,-1.0824713,-1.1366637,-1.2548554,-1.3939377,-1.5024521,-1.5427094,-1.5829666,-1.5194955,-1.4340653,-1.4964821,-1.566286,-1.5213076,-1.4482648,-1.3872541,-1.3496807,-1.2657555,-1.0075235,-0.778573,-1.2264564,-1.584837,-1.5574185,-1.53,0.46,0.38695723,0.31391448,0.26023823,0.22334796,0.2413793,0.35409963,0.4668199,0.57954025,0.69226056,0.45477754,0.10298109,-0.012988506,0.39763546,0.8082594,0.8711869,0.86050814,0.86,0.86,0.87304276,0.8892745,0.7725415,0.39680716,0.020570533,-0.35755485,-0.7005319,-0.23106383,0.16721031,0.25860515,0.35,1.92,1.8794206,1.8388414,1.8471724,1.8978965,1.8480371,1.6247642,1.4014913,1.1782184,0.9549455,0.8599082,0.8067297,0.7836973,0.8279803,0.87226325,1.0694809,1.2990744,1.3853464,1.4644574,1.6006455,1.7507889,1.8531865,1.8625798,1.7896019,1.4068652,1.0523074,1.3490976,1.6011868,1.6605934,1.72,0.0,0.0,0.0,0.0,0.0,0.0,0.0,0.0,0.0,0.0,0.0,0.0,0.0,0.0,0.0,0.0,0.0,0.0,0.0,0.0,0.0,0.0,0.0,0.0,0.0,0.0,0.0,0.0,0.0,0.0
-91.0,-90.968994,-91.15504,-95.76744,-76.689926,-69.76744,-79.46512,-87.0,-84.0,-83.72093,-81.53488,19.658915,641.9535,-488.7054,-168.84496,-103.674416,-77.0,-70.52713,-59.44186,-48.52713,-27.899225,6.5581393,67.503876,130.34883,143.7907,24.744186,-137.51163,-195.09302,-200.65892,-183.0,-170.06976,-151.5969,-143.51163,558.67444,-467.36435,-163.89148,-102.69768,-75.72093,-69.94574,-59.2093,-44.418606,-23.914728,18.767443,90.666664,152.23256,149.8372,4.3565893,-151.23256,-210.72093,-207.72093,-191.12402,-177.46512,-162.55038,-142.89148,-124.139534,-125.0,-116.92248,-124.76744,-120.0,-118.17054,-118.139534,-120.16279,-111.07752,-110.93023,-99.0155,-103.0,-96.0,-98.8062,-94.10853,-91.0,-88.82946,-89.20155,-96.5814,-87.68217,-70.0,-62.813953,-84.89147,-86.4186,-78.04651,-82.42635,-72.0,-118.976746,-120.0,-118.57365,-120.0,-117.36434,-112.333336,-113.0,-103.0,-104.860466,-99.790695,-100.12403,-96.9845,-96.790695,-89.91473,-88.89147,-98.558136,-76.96124,-68.441864,-83.27907,-87.89922,-83.13178,-84.0,-80.209305,14.713179,639.67444,-481.2093,-166.90698,-96.16279,-77.449615,-60.589146,-59.44186,-46.31783,-22.984497,12.744186,73.310074,158.1783,169.13954,-34.52713,-156.969,-170.02325,-191.51163,-200.0,-205.18605,-186.15504,-166.62015,-140.32558,-135.06201,-163.73643,-113.0,0.065,0.069099374,0.07319874,0.074,0.074,0.0742422,0.07463985,0.07479897,0.07266691,0.07053485,0.067213796,0.06083699,0.054921456,0.053993613,0.053065773,0.04887041,0.044425752,0.03448339,0.017935464,0.004948832,0.0011776048,0.015122113,0.05327428,0.08660932,0.10526486,0.11345173,0.10388652,0.0951933,0.090596646,0.086,0.094,0.09172257,0.089445144,0.11868307,0.15557744,0.1716954,0.17447893,0.1740516,0.14278136,0.111511126,0.08925517,0.090166144,0.09084291,0.08898723,0.087131545,0.08287041,0.07842575,0.07746156,0.080679215,0.08239933,0.08024435,0.10036666,0.15092976,0.19360931,0.21226485,0.22366206,0.2227511,0.22070926,0.21335463,0.206,-0.14,-0.09900627,-0.058012538,-0.0060250782,0.04863323,0.116018064,0.19157088,0.25128883,0.15889949,0.06651015,-0.008931034,-0.040815048,-0.07628352,-0.15051086,-0.22473818,-0.19621246,-0.15984705,-0.11703259,-0.06646947,-0.016484983,0.032002226,0.07553939,0.11231256,0.12551357,0.06688188,0.043517243,0.079956114,0.101932935,0.055966467,0.01,0.87,0.91554856,0.9610972,0.63285893,0.21381192,0.08633005,0.145977,0.2,0.2,0.2,0.24337931,0.3982445,0.5474617,0.63560665,0.7237516,0.7224917,0.7144105,0.70164824,0.68326163,0.692525,0.77333707,0.68403035,0.3622651,0.110781364,0.07347029,0.038172413,0.0062884013,0.016301803,0.22315091,0.43,-0.69,-0.6535611,-0.61712223,-0.5367085,-0.4456113,-0.32038587,-0.17325671,-0.048041087,-0.13332355,-0.21860601,-0.29148275,-0.3324765,-0.36842912,-0.3498723,-0.33131546,-0.30747497,-0.28323138,-0.22615312,-0.12962353,-0.08252503,-0.16333704,-0.17503639,-0.09229674,-0.06950844,-0.22941306,-0.32324138,-0.30502194,-0.28515977,-0.2575799,-0.23,-0.95,-0.88623196,-0.8224639,-0.80633545,-0.8017806,-0.90172416,-1.0687356,-1.1955417,-0.9361409,-0.67674005,-0.45682758,-0.33840126,-0.22568008,-0.17464879,-0.1236175,-0.086212456,-0.04984705,-0.019560266,0.0034229674,-0.008531702,-0.110893585,-0.17971212,-0.20269535,-0.22921863,-0.2665297,-0.31365517,-0.3774232,-0.43322682,-0.45161343,-0.47,-1.54,-1.5809938,-1.6219875,-1.5383856,-1.424514,-1.1256896,-0.70816094,-0.32162386,-0.23278797,-0.14395207,-0.26372415,-0.91962385,-1.5046839,-1.3237548,-1.1428257,-1.0061123,-0.8727725,-0.78120846,-0.73983866,-0.69798666,-0.6548869,-0.5853243,-0.47960138,-0.45926267,-0.69911957,-0.8854828,-0.9811348,-1.0253116,-0.8276558,-0.63,-0.68,-0.40670845,-0.13341692,0.04459561,0.19946082,0.17038588,0.023256704,-0.12541208,-0.28887013,-0.4523282,-0.42072412,0.11219436,0.5752586,0.28298852,-0.009281609,-0.23272525,-0.4509177,-0.56791204,-0.5633154,-0.582525,-0.66333705,-0.69446063,-0.6576874,-0.65370506,-0.74964786,-0.78296554,-0.7100878,-0.6403195,-0.5851598,-0.53,0.67,0.7565423,0.84308463,0.9662727,1.0983636,1.0991379,1.0156322,0.9369846,0.90500367,0.87302274,0.9635517,1.3689342,1.7364656,1.6947126,1.6529598,1.6575084,1.6655896,1.630329,1.5429927,1.4830034,1.4937782,1.5291363,1.598086,1.6144423,1.4705282,1.38,1.38,1.4025878,1.5312939,1.66,0.0,0.0,0.0,0.0,0.0,0.0,0.0,0.0,0.0,0.0,0.0,0.0,0.0,0.0,0.0,0.0,0.0,0.0,0.0,0.0,0.0,0.0,0.0,0.0,0.0,0.0,0.0,0.0,0.0,0.0
-210.0,-199.92249,-187.84496,-170.90698,-153.56589,-136.45737,-123.18604,-124.78294,-118.620155,-122.5814,-122.53488,-120.0,-120.558136,-115.39535,-110.34884,-104.83721,-101.496124,-101.94574,-96.83721,-93.11628,-95.379845,-91.0,-87.0,-91.0,-99.139534,-76.28682,-67.9845,-71.18604,-89.0,-81.75194,-82.93023,-74.5969,-51.658916,-117.023254,-118.94574,-120.0,-121.674416,-117.147285,-111.0,-109.976746,-104.860466,-101.72868,-102.30232,-91.333336,-101.0,-91.906975,-91.0,-98.28682,-94.51163,-72.0,-69.325584,-88.5814,-84.5814,-86.46512,-84.0,-74.736435,362.4031,4.0465117,-177.51938,-94.16279,-83.46512,-70.48837,-58.07752,-55.11628,-36.069767,-11.891473,38.511627,107.58915,154.37985,121.23256,-99.325584,-165.79845,-176.58139,-200.0,-205.29457,-196.37209,-184.21706,-156.67442,-139.37209,-137.69768,-153.55038,-121.27907,-123.0,-119.434105,-116.48837,-115.04651,-115.0,-107.74419,-104.17829,-99.0,-100.209305,-97.23256,-89.852715,-91.790695,-88.08527,-92.4186,-84.0,-89.0,-96.0,-66.51163,-72.20155,-74.0,-95.16279,-84.0,-70.0,-79.023254,-60.612404,728.42633,-491.74417,-168.46512,-93.93023,-61.44186,-59.47287,-62.51938,-65.48837,-28.170542,11.968992,84.209305,141.71318,170.89923,60.720932,-82.674416,-202.06976,-197.72093,-179.55038,-198.8217,-171.13954,-156.75194,-152.13954,-116.0,-0.021,-0.025215518,-0.029431034,-0.028588431,-0.026956618,-0.025039861,-0.022719393,-0.021238245,-0.022157993,-0.02289571,-0.0216619,-0.020428091,-0.021190431,-0.023013359,-0.025064537,-0.027385004,-0.029605485,-0.031597067,-0.03358865,-0.03251341,-0.030639846,-0.03,-0.03,-0.031302273,-0.03399303,-0.035,-0.035,-0.03519062,-0.03559531,-0.036,0.176,0.17693678,0.17787357,0.17270662,0.16658732,0.16588041,0.17284182,0.17823824,0.17915799,0.18059097,0.18758257,0.19457415,0.19640478,0.19549333,0.1952129,0.195677,0.19587891,0.19548059,0.19508228,0.19685824,0.1992002,0.20030282,0.20076269,0.20334409,0.20818746,0.20970958,0.20924549,0.21090621,0.21495311,0.219,0.42,0.5324138,0.6448276,0.5435456,0.40892103,0.39913002,0.5662037,0.67332286,0.6089404,0.55730027,0.6436669,0.73003364,0.77785647,0.8052004,0.83490354,0.8673901,0.8827342,0.85883516,0.8349362,0.88203067,0.9476054,0.97,0.97,0.9752091,0.9859721,0.9580544,0.9070041,0.9238428,1.0169214,1.11,0.15,0.112528734,0.07505747,0.048826475,0.024349278,0.031123063,0.08217336,0.11047022,0.07368025,0.035133164,-0.022444632,-0.080022424,-0.17440198,-0.28833488,-0.29677317,-0.18074976,-0.12058648,-0.1883003,-0.2560141,-0.34804597,-0.44640803,-0.40126646,-0.28169906,-0.24865003,-0.30784667,-0.34742486,-0.3752705,-0.42431173,-0.49715587,-0.57,0.27,0.2606322,0.25126436,0.22176863,0.18913236,0.21032585,0.3077855,0.369279,0.32789028,0.28235212,0.19187272,0.10139333,0.040239204,-0.0053339545,-0.010838342,0.030930085,0.032147706,-0.05946511,-0.15107793,-0.10681992,-0.027193487,-0.07267711,-0.18304703,-0.17488629,-0.040348496,-0.050987028,-0.1484467,-0.14853242,-0.039266206,0.07,0.06,0.16304597,0.26609194,0.14237209,-0.0167297,-0.077355266,0.0015406517,0.077868335,0.14684953,0.22042893,0.34380993,0.46719092,0.548689,0.6079341,0.6250965,0.59260994,0.5627342,0.53883517,0.5149362,0.53229886,0.5604023,0.6184514,0.6920313,0.6909318,0.6102091,0.600329,0.63281554,0.65953106,0.6797655,0.7,-0.3,-0.22037356,-0.14074713,-0.35585093,-0.61694103,-0.6970294,-0.5206738,-0.2887461,0.10214733,0.4700813,0.58934957,0.70861787,0.69643056,0.6143989,0.56361276,0.54968995,0.51456964,0.43092316,0.3472767,0.39689654,0.4812069,0.5493668,0.60915047,0.56707263,0.41639033,0.37742487,0.4052705,0.4771862,0.5985931,0.72,0.45,0.43126437,0.41252872,0.38882646,0.36434928,0.3692028,0.41561216,0.42260188,0.31683072,0.23390524,0.39841324,0.5629212,0.5694066,0.49193227,0.41167668,0.32813984,0.30754006,0.4310182,0.55449635,0.50938696,0.42039272,0.38091537,0.36711913,0.42771828,0.56763756,0.5735337,0.4992787,0.39328277,0.2516414,0.11,1.23,1.2908908,1.3517816,1.2576613,1.1393548,1.1698545,1.4111831,1.5494984,1.393141,1.2593861,1.3704289,1.4814718,1.4634545,1.3768655,1.359807,1.4247801,1.4808987,1.5167472,1.5525957,1.56,1.56,1.4964075,1.3998338,1.3656273,1.3979163,1.4129041,1.4175451,1.3818759,1.3009379,1.22,0.0,0.0,0.0,0.0,0.0,0.0,0.0,0.0,0.0,0.0,0.0,0.0,0.0,0.0,0.0,0.0,0.0,0.0,0.0,0.0,0.0,0.0,0.0,0.0,0.0,0.0,0.0,0.0,0.0,0.0
-82.0,-69.95349,-79.24806,-88.906975,-82.12403,-84.0,-81.72093,-46.75969,717.7752,-550.7442,-160.86046,-85.5814,-74.93023,-61.5969,-58.43411,-48.837208,-27.015503,5.6899223,64.74419,151.12402,164.10077,5.27907,-143.86821,-166.49612,-185.46512,-200.0,-206.1938,-187.1628,-171.65892,-143.8527,-136.06976,-155.17055,-121.565895,-125.0,-121.4186,-124.08527,-114.674416,-113.0,-108.87597,-111.0,-99.75969,-99.0,-97.04651,-95.666664,-94.41085,-89.0,-88.42635,-91.81396,-86.23256,-90.51938,-90.57365,-60.0,-72.387596,-80.57365,-90.139534,-78.031006,-73.47287,-92.60465,182.00775,391.49612,-290.5814,-139.76744,-89.46512,-66.88372,-60.0,-78.9845,-47.720932,-18.418604,46.465115,92.74419,149.42636,146.35658,7.9534883,-140.66667,-201.8217,-202.18605,-167.031,-185.28682,-156.90698,-164.87598,-135.91473,-84.0,-101.54263,-71.147285,-76.093025,-80.58915,-89.0,-77.69768,-91.449615,-89.75969,-79.25581,535.7597,-283.3411,-158.72093,-96.71318,-85.325584,-74.558136,-72.99225,-51.36434,-39.255814,-4.0465117,44.10853,115.790695,161.9845,108.82946,-63.55814,-188.22481,-225.70543,-208.25581,-206.55038,-187.41086,-155.39536,-144.2093,-133.9845,-132.69768,-131.56589,-128.0,-125.93023,-125.0,-119.689926,-120.4186,-112.75194,-115.674416,-107.81396,-99.54263,-106.0,-107.674416,-106.15504,-77.18604,-82.0,0.064,0.05810803,0.05221606,0.04632409,0.04084121,0.03547692,0.030112626,0.0018397018,-0.026924511,-0.048286133,-0.06149523,-0.07166243,-0.07633031,-0.07922414,-0.07559592,-0.07196771,-0.06546515,-0.057917096,-0.053252768,-0.050404936,-0.048435573,-0.051236298,-0.05397311,-0.051938944,-0.04990478,-0.0466427,-0.042396918,-0.039106004,-0.037053,-0.035,0.213,0.20679793,0.20059586,0.19439378,0.19383176,0.19490461,0.19597748,0.21712023,0.23869339,0.2403463,0.2200609,0.19403303,0.15762359,0.12882759,0.12802131,0.12721504,0.10970359,0.08611592,0.07175831,0.06321481,0.055637024,0.053303085,0.050919328,0.04481683,0.03871433,0.049358033,0.07341746,0.08020562,0.06460281,0.049,-0.44,-0.37177718,-0.3035544,-0.23533157,-0.012060623,0.25615406,0.52436876,0.7372911,0.94902766,1.1700073,1.4011666,1.5666243,1.6133031,1.5836207,1.273207,0.9627931,0.7174138,0.49568966,0.33511862,0.21306865,0.10637023,0.08303085,0.06096805,0.13419804,0.20742802,0.29238445,0.38673514,0.45430395,0.48715198,0.52,2.08,2.3094766,2.5389535,2.7684302,2.8643603,2.9215796,2.9787986,2.952622,2.9246566,2.8359134,2.6802347,2.5251398,2.3710997,2.1974137,1.9515016,1.7055893,1.6227036,1.599116,1.6898419,1.8525752,1.9849184,1.9522432,1.919516,1.882901,1.8462859,1.5890316,1.1550183,0.9779438,1.1339719,1.29,-0.56,-0.54139376,-0.5227876,-0.5041813,-0.39741656,-0.26509732,-0.1327781,-0.52111524,-0.9206182,-1.177146,-1.2762142,-1.2635281,-1.0488058,-0.87913793,-0.8751066,-0.8710752,-0.6520653,-0.3548606,-0.185087,-0.09558368,0.00323049,0.15260254,0.3005378,0.34122112,0.38190445,0.42095378,0.45869407,0.49787995,0.53893995,0.58,1.33,1.4757488,1.6214975,1.7672462,1.6752363,1.5143076,1.3533788,0.85328364,0.34591487,-0.0030667644,-0.17761555,-0.19690381,0.06449728,0.23724137,0.084050156,-0.06914107,-0.33831254,-0.6496698,-0.7749921,-0.78312874,-0.7943557,-0.82236296,-0.8508067,-0.9118317,-0.9728567,-1.0,-1.0,-1.0,-1.0,-1.0,1.43,1.2253315,1.0206631,0.8159947,0.76445496,0.7573026,0.75015014,0.6913327,0.63140726,0.78184885,1.1639692,1.3717641,1.2644029,1.1231035,0.8570345,0.5909655,0.15677549,-0.33856568,-0.64481807,-0.8319614,-0.9878221,-0.97381854,-0.96155965,-1.0795413,-1.1975229,-1.2290462,-1.191306,-1.146756,-1.0933781,-1.04,0.92,1.0006269,1.0812539,1.1618809,1.1134593,1.0276307,0.941802,0.28292638,-0.38823858,-0.6883639,-0.5798606,-0.38698003,-0.04155717,0.28689656,0.5529655,0.81903446,0.7481695,0.55475056,0.48998418,0.50625753,0.48588023,0.26649,0.051075608,0.13244227,0.21380892,0.18451944,0.06658107,0.0017879949,0.0058939974,0.01,2.58,2.496272,2.412544,2.328816,2.2905924,2.265559,2.2405255,2.24,2.24,2.1636684,2.0032723,1.8717387,1.7923847,1.7653449,1.9306301,2.0959153,1.7802348,1.2896111,1.0550712,0.9818412,0.8953176,0.7366098,0.578279,0.44809237,0.31790572,0.30190757,0.37738812,0.4539719,0.53198594,0.61,0.0,0.0,0.0,0.0,0.0,0.0,0.0,0.0,0.0,0.0,0.0,0.0,0.0,0.0,0.0,0.0,0.0,0.0,0.0,0.0,0.0,0.0,0.0,0.0,0.0,0.0,0.0,0.0,0.0,0.0
-89.0,-96.0,-73.565895,-70.18604,-74.0,-94.15504,-84.0,-70.0,-74.99225,-88.325584,647.8062,-378.3721,-136.72093,-81.83721,-60.43411,-58.465115,-57.48062,-73.04651,-33.2093,1.8914728,76.65116,126.093025,160.8217,81.379845,-56.976746,-188.46512,-196.2093,-189.62791,-189.24806,-172.65117,-152.72093,-156.67442,-119.52713,-86.558136,-94.565895,-78.34109,-75.674416,-85.72093,-84.87597,-86.25581,-85.139534,-89.72868,7.4418607,626.3333,-469.49612,-179.37209,-107.550385,-81.18604,-73.48837,-68.20155,-45.67442,-24.139534,7.255814,81.82946,143.41861,161.44186,44.984497,-135.60464,-214.78294,-217.5969,-203.13954,-188.92249,-174.54263,-147.1628,-146.9845,-130.03876,-128.04651,-129.92249,-130.0,-123.139534,-119.82946,-123.0,-115.4186,-113.0,-111.968994,-110.18604,-101.89147,-102.612404,-114.95349,-98.30232,-80.20155,-145.2093,-130.0,-118.852715,-120.0,-116.0,-116.0,-109.74419,-116.17829,-108.0,-109.976746,-100.17829,-101.852715,-97.674416,-99.0,-95.05426,-97.46512,-88.9845,-97.558136,-87.25581,-90.10078,-88.13178,-97.74419,-89.82171,-69.71318,-63.65116,-82.71318,-88.612404,-79.976746,-83.379845,-74.0,410.65115,-40.294575,-173.33333,-93.74419,-81.12403,-67.4186,-53.930233,-43.341084,-29.620155,4.3488374,46.75969,120.82946,179.13954,139.09302,-27.031008,-167.65117,-198.06201,-198.07751,-178.0,-0.033,-0.034907497,-0.036815,-0.03131857,-0.013678582,0.0005462069,-0.012528552,-0.025603311,-0.031208009,-0.029657397,-0.02921976,-0.02960126,-0.029982759,-0.030734345,-0.03150345,-0.029831976,-0.023714107,-0.01820188,-0.021260815,-0.02431975,-0.024703339,-0.02432184,-0.023931034,-0.023490034,-0.023049036,-0.024367172,-0.02590538,-0.02599185,-0.022495925,-0.019,0.109,0.105185,0.10137001,0.11420026,0.15433122,0.18730621,0.16307946,0.13885269,0.12541601,0.122314796,0.120780244,0.12039874,0.12001724,0.119632825,0.11924828,0.12023887,0.123734795,0.12679812,0.12373918,0.12068025,0.12,0.12,0.12048276,0.12356976,0.12665676,0.12563282,0.12409462,0.122873984,0.12243699,0.122,1.11,1.098555,1.08711,1.1067257,1.1772857,1.2263173,1.1032606,0.98020416,0.9305599,0.9512347,0.9775807,1.0081007,1.0386207,1.0436717,1.0475173,1.0623887,1.097348,1.1331724,1.1812414,1.2293104,1.2311002,1.2196552,1.203793,1.1641032,1.1244131,1.0687311,1.0110483,0.98512226,1.0375612,1.09,0.43,0.39185002,0.35370004,0.29158178,0.19015186,0.10897931,0.18973517,0.27049103,0.3205599,0.3412347,0.33241928,0.30189928,0.27137932,0.2846869,0.30006897,0.2805768,0.19754858,0.12894043,0.26440752,0.3998746,0.3825342,0.32149425,0.2637931,0.22410314,0.18441316,0.22101517,0.26716137,0.30126017,0.3056301,0.31,0.9,0.86948,0.83896005,0.8584182,0.95984817,1.0452965,1.0029958,0.96069515,0.92680013,0.90095663,0.9119759,0.9501259,0.9882759,0.9936717,0.9975172,0.9860627,0.94673353,0.9117304,0.93794984,0.96416926,0.97,0.97,0.9624138,0.91390383,0.8653939,0.8805076,0.90358067,0.9288213,0.95941067,0.99,-0.38,-0.35329503,-0.32659003,-0.29663715,-0.26135716,-0.22572413,-0.18726897,-0.1488138,-0.13791992,-0.15342604,-0.16879037,-0.18405035,-0.19931035,-0.2771062,-0.35786206,-0.41154858,-0.4159185,-0.41394356,-0.32217556,-0.23040752,-0.21889983,-0.23034483,-0.23379311,-0.19410314,-0.15441316,-0.14658207,-0.14273655,-0.14756113,-0.17378056,-0.2,-0.81,-0.76422006,-0.71844006,-0.69,-0.69,-0.7015448,-0.8053738,-0.90920275,-0.89136076,-0.7569744,-0.710988,-0.73006296,-0.74913794,-0.7426565,-0.7349655,-0.72845143,-0.7240815,-0.7145204,-0.63149214,-0.54846394,-0.61009854,-0.7131035,-0.80344826,-0.8254983,-0.84754825,-0.78847724,-0.71925795,-0.6611787,-0.63058937,-0.6,-0.48,-0.39225507,-0.30451012,-0.25835177,-0.28040177,-0.3059862,-0.35982344,-0.41366068,-0.36608082,-0.22135706,-0.15340723,-0.14196223,-0.13051724,-0.122656554,-0.11496552,-0.13168025,-0.19285893,-0.24625078,-0.18944201,-0.13263322,-0.16449918,-0.22172414,-0.26655173,-0.24450174,-0.22245176,-0.20291035,-0.18368275,-0.16369906,-0.14184953,-0.12,0.46,0.49051997,0.52103996,0.5333186,0.5156786,0.505131,0.5512772,0.59742343,0.58568037,0.5184872,0.48560482,0.47797483,0.47034484,0.45531312,0.43993104,0.42070848,0.39448902,0.37634483,0.47248277,0.5686207,0.53363436,0.46114942,0.4048276,0.43569756,0.46656755,0.4939255,0.52084416,0.5450407,0.5625204,0.58,0.0,0.0,0.0,0.0,0.0,0.0,0.0,0.0,0.0,0.0,0.0,0.0,0.0,0.0,0.0,0.0,0.0,0.0,0.0,0.0,0.0,0.0,0.0,0.0,0.0,0.0,0.0,0.0,0.0,0.0
-74.0,-54.89147,-42.782948,-8.581395,27.984497,104.70543,159.46512,132.00775,-31.813953,-178.65117,-228.22481,-213.29457,-209.06976,-186.4031,-157.91473,-142.69768,-138.0155,-134.2093,-130.55814,-128.0,-128.44962,-125.0,-118.68217,-121.93023,-111.74419,-114.16279,-106.8062,-103.06977,-106.0,-104.147285,-108.674416,-83.23256,-83.00775,-137.44186,-128.94574,-117.08527,-117.76744,-116.0,-113.05426,-116.023254,-109.89922,-106.72868,-109.74419,-99.0,-103.0,-96.0,-100.42635,-94.0,-96.76744,-90.03876,-96.674416,-82.4186,-91.0,-94.75194,-100.674416,-84.441864,-62.658916,-77.60465,-79.30232,-87.34109,-77.139534,-79.27132,-55.736435,774.0,-577.2403,-170.82945,-89.16279,-77.0,-58.0,-49.65116,-40.31783,-22.790697,27.39535,76.08527,140.53488,178.23256,83.12403,-102.91473,-192.09302,-200.67442,-188.31783,-164.2093,-155.64342,-146.42636,-135.60464,-121.41085,-126.0,-116.69768,-122.449615,-111.0,-116.790695,-108.0,-112.147285,-101.88372,-100.08527,-101.10853,-102.023254,-92.51163,-97.441864,-99.93023,-90.60465,-91.17054,-89.0,-93.17829,-101.0,-72.60465,-67.496124,-83.31783,-92.906975,-95.379845,-88.93799,-87.558136,0.5426357,646.64343,-502.53488,-173.18605,-99.550385,-75.139534,-58.0,-58.0,-45.418606,-19.248062,21.39535,77.69768,150.8372,164.31007,50.55814,-128.26357,-204.76744,-210.0,0.032,0.02964508,0.02729016,0.026200254,0.026643151,0.023940083,0.008190511,-0.007559061,-0.019419266,-0.020951834,-0.022484401,-0.020033844,-0.015563857,-0.011665708,-0.008536718,-0.0058549535,-0.00508867,-0.0043223863,-0.0011516602,0.0037653258,0.006545397,0.0052167038,0.0042296997,0.00695495,0.0096802,0.015796583,0.025097437,0.033713065,0.04035653,0.047,0.099,0.10292487,0.10684973,0.1124043,0.11993357,0.122607484,0.105146,0.08768452,0.06923509,0.04816229,0.027089491,0.02,0.02,0.019618774,0.018724777,0.017709907,0.01617734,0.014644773,0.01218742,0.009058429,0.0077576716,0.009972161,0.0122297,0.01495495,0.0176802,0.018086364,0.016314773,0.016598862,0.02279943,0.029,1.13,1.0515027,0.97300535,0.9500253,0.9943151,1.0007312,0.8500832,0.69943506,0.5438807,0.3752983,0.20671593,0.14406769,0.13512771,0.13762452,0.15550447,0.15477012,0.07431035,-0.006149425,-0.037410602,-0.03294061,-0.058791522,-0.1429421,-0.217703,-0.1904505,-0.163198,-0.17740905,-0.23055679,-0.2517273,-0.18086365,-0.11,0.24,0.27139893,0.30279788,0.25792155,0.12062322,0.093149915,0.5211274,0.9491049,1.3228899,1.552775,1.7826601,1.880763,1.912053,1.9204694,1.8981194,1.8596935,1.7524137,1.6451341,1.5585696,1.4870498,1.4248465,1.3805568,1.3488598,1.4539766,1.5590935,1.6899431,1.8449572,1.8595002,1.46975,1.08,0.8,0.8117746,0.8235492,0.83801013,0.85572606,0.8473832,0.73097336,0.61456347,0.49645868,0.37385333,0.25124794,0.20110153,0.18769157,0.15331417,0.090734355,0.050878488,0.108349755,0.16582102,0.122675605,0.006455939,-0.106368236,-0.21266371,-0.30868742,-0.29311457,-0.27754173,-0.2517273,-0.21629548,-0.16944322,-0.089721605,-0.01,-0.55,-0.5029016,-0.4558032,-0.41998735,-0.39784247,-0.3627048,-0.2736855,-0.18466617,-0.17031199,-0.35422003,-0.5381281,-0.58813536,-0.5702554,-0.5447509,-0.50899106,-0.48580188,-0.5164532,-0.54710454,-0.5651788,-0.5741188,-0.61636823,-0.7226637,-0.8206563,-0.8284427,-0.83622915,-0.8171591,-0.77286935,-0.7365739,-0.7232869,-0.71,-1.3,-1.2293524,-1.1587048,-1.1540431,-1.2293357,-1.3172731,-1.4576498,-1.5980264,-1.7146744,-1.7683141,-1.821954,-1.8607631,-1.892053,-1.9138123,-1.9227523,-1.9292748,-1.9254433,-1.9216119,-1.9795562,-2.082366,-2.1651535,-2.2094433,-2.2509844,-2.262664,-2.2743437,-2.2411704,-2.1658778,-2.1191363,-2.1545682,-2.19,0.06,0.044300534,0.028601065,0.08007593,0.21294527,0.32,0.32,0.32,0.29379585,0.1980104,0.10222496,0.031439975,-0.02666986,-0.027595785,0.048394,0.11580186,0.1464532,0.17710455,0.1848212,0.17588122,0.18818411,0.24133186,0.29721913,0.38286987,0.46852058,0.45061374,0.3354603,0.27169883,0.35584942,0.44,0.7,0.7274741,0.75494814,0.7820152,0.80858904,0.8326608,0.8463561,0.86005133,0.851133,0.7821675,0.713202,0.7166954,0.7569253,0.7742816,0.76087165,0.7456486,0.7226601,0.69967157,0.715894,0.7605939,0.8112148,0.8732205,0.927703,0.9004505,0.873198,0.90111357,0.9808352,1.013733,0.9118665,0.81,0.0,0.0,0.0,0.0,0.0,0.0,0.0,0.0,0.0,0.0,0.0,0.0,0.0,0.0,0.0,0.0,0.0,0.0,0.0,0.0,0.0,0.0,0.0,0.0,0.0,0.0,0.0,0.0,0.0,0.0
-91.0,-96.04651,-90.78294,-89.093025,-87.12403,-96.23256,-93.34884,-73.24031,-59.11628,-83.72093,-85.08527,-81.48837,-82.37209,-74.0,209.60464,310.90698,-281.66666,-130.02325,-90.69768,-73.46512,-56.44961,-44.34884,-31.635658,-5.2248063,41.720932,110.75194,169.06201,152.69768,5.2170544,-153.03876,-199.06976,-200.5969,-180.51938,-157.97675,-150.41861,-142.28682,-134.2093,-119.147285,-125.05426,-124.04651,-116.75969,-112.27132,-116.69768,-110.0,-107.58915,-103.0,-101.852715,-99.0,-95.790695,-95.51938,-96.0,-89.51163,-100.031006,-89.0,-89.0,-98.558136,-94.92248,-73.53488,-73.093025,-94.976746,-84.34884,-87.48837,-93.88372,-79.18604,325.6434,31.581396,-180.1628,-95.147285,-83.07752,-69.16279,-59.829456,-49.79845,-34.255814,-13.891473,50.503876,112.72093,162.42636,134.44186,-26.55814,-173.72093,-212.0,-93.23256,-94.54263,-105.139534,-92.37209,-80.41085,-80.666664,-90.74419,-96.0,-88.24031,-90.976746,-78.17829,472.969,-120.25581,-182.10077,-111.65116,-86.790695,-92.434105,-75.441864,-63.255814,-46.147285,-15.511628,30.04651,111.29457,160.12402,123.790695,-29.108526,-179.81395,-212.0,-203.0,-189.47287,-174.0,-164.0,-137.48062,-132.7907,-137.0,-121.00775,-125.0,-121.36434,-124.08527,-128.0,-118.0,-114.91473,-108.93023,-107.84496,-112.689926,-100.76744,-107.93799,-105.95349,-108.0,-0.01,-0.0095258625,-0.009051724,-0.009341728,-0.009725301,-0.010108872,-0.010492445,-0.010876017,-0.008559495,-0.0049533756,-0.0013472559,-0.007194407,-0.014048873,-0.017602025,-0.016662449,-0.015275034,-0.012817103,-0.010359173,0.006790069,0.026453517,0.046994865,0.068785034,0.08044413,0.08467928,0.08891444,0.093149595,0.09738476,0.1,0.1,0.1,0.248,0.2565345,0.26506898,0.2654874,0.26491204,0.2643367,0.26376134,0.26318598,0.26397622,0.26541865,0.2668611,0.26955065,0.27237308,0.2708162,0.26329958,0.25787917,0.2574695,0.25705987,0.25210288,0.24636772,0.20117389,0.0998496,0.040890977,0.012977444,-0.01493609,-0.042849623,-0.070763156,-0.096508764,-0.11875438,-0.141,1.27,1.2510345,1.232069,1.2402519,1.251759,1.2632662,1.2747734,1.2862805,1.2851189,1.2779068,1.2706945,1.3027939,1.3390822,1.3241823,1.2396203,1.201749,1.275487,1.3492248,1.4299586,1.5118897,1.1687233,0.22085106,-0.2611006,-0.4016308,-0.542161,-0.6826912,-0.82322145,-0.9822442,-1.1711221,-1.36,-0.02,-0.048448276,-0.07689655,-0.124424644,-0.17428903,-0.22415343,-0.2740178,-0.32388222,-0.25458232,-0.12836814,-0.0021539582,-0.01915015,-0.05140646,-0.056070864,-0.0231857,-0.008457931,-0.037133794,-0.06580965,-0.37082207,-0.7231255,-0.6826412,-0.08341159,0.27665284,0.4614597,0.6462665,0.83107334,1.0158802,1.1829791,1.3214896,1.46,0.11,0.24275862,0.37551725,0.36607903,0.339229,0.3123789,0.28552887,0.2586788,0.28660756,0.34069937,0.39479116,0.4218626,0.44605485,0.45403036,0.43993673,0.43362483,0.44591448,0.45820415,0.30958897,0.13343725,0.01875642,-0.008481291,-0.05443998,-0.11411719,-0.1737944,-0.23347162,-0.29314882,-0.37655738,-0.49827868,-0.62,0.36,0.44060344,0.5212069,0.50949633,0.486482,0.46346766,0.44045332,0.41743898,0.41976202,0.4341865,0.44861096,0.44271246,0.4346484,0.42403036,0.40993673,0.39395863,0.37347585,0.3529931,0.3954731,0.44872826,0.297854,-0.14339691,-0.33222193,-0.3360721,-0.33992222,-0.34377235,-0.3476225,-0.37568682,-0.4428434,-0.51,0.61,0.7617241,0.9134483,0.96246415,0.9989035,1.0353429,1.0717822,1.1082217,1.1004759,1.071627,1.042778,1.0035623,0.96324193,0.92806077,0.89987344,0.8993324,0.96487725,1.0304221,0.81263447,0.54635864,-0.16093543,-1.4955833,-2.0200052,-1.9507027,-1.8814001,-1.8120974,-1.7427949,-1.7610062,-1.9205031,-2.08,0.13,0.2437931,0.3575862,0.3529136,0.333735,0.31455636,0.29537776,0.27619916,0.24071394,0.1974405,0.15416707,0.2520255,0.3649226,0.40811136,0.35643467,0.28496,0.16616,0.04736,0.2783531,0.56920826,0.7939692,0.9247102,1.012218,1.0680451,1.1238722,1.1796993,1.2355263,1.3197682,1.449884,1.58,1.41,1.3293966,1.2487931,1.2861333,1.3379155,1.3896978,1.44148,1.4932623,1.490476,1.461627,1.432778,1.4555063,1.4837307,1.468162,1.3929958,1.3351669,1.3187807,1.3023945,1.4259255,1.5734013,1.5385693,1.244402,1.1722155,1.2626938,1.3531722,1.4436505,1.5341289,1.4952798,1.2476399,1.0,0.0,0.0,0.0,0.0,0.0,0.0,0.0,0.0,0.0,0.0,0.0,0.0,0.0,0.0,0.0,0.0,0.0,0.0,0.3497931,0.7594483,0.77512836,0.23037417,0.0,0.0,0.0,0.0,0.0,0.0,0.0,0.0
-91.0,-98.95349,-100.93799,-84.558136,-93.689926,-89.0,-89.65116,-101.0,-76.13178,-71.023254,-82.310074,-98.95349,-94.37209,-85.41085,-88.565895,-44.302326,674.35657,-523.1938,-155.04651,-83.42635,-70.10078,-58.0,-58.0,-46.930233,-20.255814,9.302325,70.64341,143.27907,166.82945,78.27132,-100.04651,-197.2093,-211.00775,-91.0,-99.689926,-101.91473,-82.88372,-74.13178,-85.76744,-95.209305,-94.75969,-87.0,-92.04651,-28.333334,714.5969,-505.09302,-181.8062,-117.94574,-86.65116,-76.4031,-70.89922,-56.046513,-34.937984,1.6821705,56.418606,139.49612,159.65892,72.34884,-113.24806,-203.55038,-205.48837,-198.27132,-181.27132,-174.0,-164.0,-144.97675,-128.2093,-131.72868,-125.0,-129.86046,-123.5969,-117.209305,-116.23256,-106.0,-119.70543,-103.48837,-106.35659,-104.06201,-106.0,-106.87597,-103.72093,-91.76744,-96.0,-99.0,-94.0,-84.95349,-58.666668,700.7442,-478.87598,-161.37209,-99.25581,-84.05426,-80.27907,-63.32558,-50.426357,-38.379845,6.837209,51.620155,132.9845,174.93024,94.72868,-88.20155,-196.11627,-210.0,-179.87598,-181.72093,-163.8527,-150.97675,-140.0,-123.0,-115.06201,-119.441864,-106.95349,-118.496124,-116.37209,-109.91473,-106.99225,-108.558136,-105.147285,-101.310074,-94.69768,-106.88372,-98.13178,-89.46512,-78.84496,-72.310074,-90.5814,-90.78294,-91.07752,-87.0,0.05,0.04232602,0.03465204,0.032642517,0.032186966,0.032464698,0.033252873,0.03390829,0.032147467,0.030386647,0.02922692,0.030294772,0.03207304,0.035232916,0.03917837,0.048657995,0.058137618,0.051316947,0.043029103,0.044851314,0.04667352,0.052636832,0.059504036,0.05373462,0.046981517,0.045168012,0.050450478,0.051972415,0.049986206,0.048,0.1,0.09458307,0.08916614,0.08907244,0.0904391,0.090535305,0.08974712,0.08894497,0.08788848,0.08683199,0.08713459,0.09247386,0.096306585,0.0972094,0.102264576,0.13657178,0.17087899,0.1168573,0.054796267,0.04204081,0.029285353,0.024831988,0.022190755,0.021631448,0.021234207,0.021433603,0.022490095,0.023205517,0.02360276,0.024,-0.06,-0.010344828,0.039310344,-0.0071970895,-0.08008542,-0.093735635,-0.06614943,-0.04036684,-0.047410123,-0.05445341,-0.04638487,0.017686319,0.044670846,-0.00047021944,-0.03326646,0.020902822,0.0750721,-0.06405722,-0.22349256,-0.44215754,-0.6608225,-0.6696478,-0.6326706,-0.59683037,-0.5610786,-0.5595121,-0.6070543,-0.58067584,-0.48533794,-0.39,0.42,0.39742947,0.37485895,0.42362228,0.49195507,0.48979473,0.43856323,0.38871607,0.36406457,0.33941305,0.31092325,0.26820913,0.2491975,0.27628213,0.31627274,0.44718182,0.5780909,1.007766,1.4625467,1.6219898,1.7814331,1.9184006,2.0504622,2.1263392,2.1978428,2.1966398,2.0909905,2.0358896,2.0279448,2.02,0.48,0.5477116,0.6154232,0.5692281,0.49178424,0.48788178,0.5351724,0.57834923,0.54665446,0.51495963,0.49,0.49,0.5022633,0.53837615,0.57,0.57,0.57,0.36351797,0.13745333,-0.021989876,-0.1814331,-0.18398386,-0.15228906,-0.15368551,-0.15765794,-0.16650404,-0.18235143,-0.19,-0.19,-0.19,-0.56,-0.52840126,-0.4968025,-0.46497628,-0.43308762,-0.37817734,-0.30724138,-0.2438518,-0.3178063,-0.39176083,-0.43751946,-0.37878755,-0.33693418,-0.32790595,-0.32729468,-0.38597804,-0.44466144,-0.37316948,-0.29181904,-0.40570706,-0.5195951,-0.6353925,-0.75160676,-0.70840275,-0.65278894,-0.63517606,-0.67215335,-0.6838345,-0.67191726,-0.66,-1.13,-1.0984013,-1.0668025,-1.0564252,-1.0518696,-1.0221182,-0.9748276,-0.93238443,-0.9781658,-1.0239471,-1.0475194,-0.98878753,-0.9362038,-0.8955768,-0.8695392,-0.946279,-1.0230188,-1.2412839,-1.4721829,-1.6088485,-1.745514,-1.7439839,-1.7122891,-1.7910814,-1.8784745,-1.8866397,-1.7809905,-1.7361655,-1.7480828,-1.76,0.55,0.5590282,0.5680564,0.48420435,0.37487188,0.38576356,0.48034483,0.56284666,0.42550257,0.28815848,0.1970189,0.2771079,0.29934168,0.20905957,0.13280565,0.15537618,0.1779467,0.35286868,0.5407276,0.58628285,0.631838,0.6096478,0.5726706,0.6916221,0.8227117,0.9,0.9,0.9164414,0.9482207,0.98,1.43,1.384859,1.3397179,1.3049762,1.2730876,1.2367651,1.1973563,1.1616508,1.1933455,1.2250403,1.2579422,1.295317,1.2985392,1.2353417,1.1917837,1.28658,1.3813761,1.3803961,1.3692724,1.3237172,1.278162,1.2873441,1.308474,1.3247421,1.3406317,1.3846881,1.4692076,1.5038345,1.4919173,1.48,0.0,0.0,0.0,0.0,0.0,0.0,0.0,0.0,0.0,0.0,0.0,0.0,0.0,0.0,0.0,0.0,0.0,0.0,0.0,0.0,0.0,0.0,0.0,0.0,0.0,0.0,0.0,0.0,0.0,0.0
-101.0,-76.95349,-66.78294,-49.67442,-23.069767,20.472868,94.16279,155.08527,138.4031,4.6511626,-167.72093,-212.0,-203.0,-191.99225,-174.0,-164.0,-142.51938,-138.8372,-137.0,-123.52713,-125.0,-125.39535,-127.612404,-128.0,-118.0,-109.87597,-113.968994,-106.83721,-110.17054,-98.24806,-106.93023,-104.441864,-106.99225,-94.0,-94.94574,-96.28682,-90.093025,-87.0,160.031,410.3256,-339.3721,-146.5969,-111.48837,-87.0,-76.54263,-65.0,-45.0,-18.612404,21.44186,89.031006,159.72868,158.18605,10.341085,-138.04651,-213.69768,-205.73643,-182.07751,-171.81395,-152.90698,-147.42636,-130.69768,-124.89147,-117.8062,-127.81396,-105.976746,-111.0,-112.83721,-110.689926,-111.0,-101.0,-105.74419,-99.0,-91.93023,-99.68217,-101.674416,-82.860466,-82.75194,-75.550385,-87.95349,-96.0,-81.27907,-112.48837,-112.45737,-111.57365,-107.39535,-103.95349,-104.0,-99.69768,-102.27132,-103.0,-106.0,-98.94574,-82.0,-84.0,-82.0,-83.05426,-80.46512,-93.51938,-85.36434,-70.93023,-63.852715,-83.13178,-83.16279,-87.0,-85.16279,-74.60465,152.7907,451.062,-353.93024,-152.05426,-103.06201,-84.0,-77.68217,-63.984497,-53.465115,-35.170544,-6.418605,64.04651,136.58914,154.17055,27.093023,-150.92249,-192.67442,-197.72093,-181.3876,-169.55814,-164.0,-149.09302,-135.10852,-123.0,0.005,0.006803135,0.00860627,0.011205775,0.014027755,0.016950157,0.020105643,0.02318484,0.025418453,0.027652066,0.029350389,0.030949945,0.030559316,0.030104397,0.03203228,0.034669846,0.033045977,0.030812364,0.026494253,0.020984674,0.019454345,0.022627862,0.02580138,0.02429421,0.022474533,0.019963602,0.017208813,0.014729516,0.013364758,0.012,0.114,0.11535235,0.1167047,0.115739554,0.114126995,0.113950156,0.11710564,0.119889095,0.11854893,0.117208764,0.11609974,0.11503337,0.116762735,0.11858241,0.12103228,0.12366985,0.122436784,0.12064989,0.12116858,0.12300511,0.124,0.124,0.124,0.124,0.124,0.124,0.124,0.12463113,0.12781556,0.131,-0.09,-0.14860187,-0.20720376,-0.2231511,-0.22718251,-0.2137116,-0.15961756,-0.1044548,-0.037446413,0.029561976,0.026496107,0.010500556,0.045254666,0.081648216,0.118451945,0.15537785,0.13264368,0.1013731,0.09876437,0.112538315,0.11636414,0.10843035,0.10049655,0.15117368,0.205764,0.22872742,0.24053366,0.2364758,0.1682379,0.1,0.22,0.28310972,0.34621945,0.4104177,0.4749201,0.49692476,0.42029154,0.34889096,0.33548927,0.32208762,0.4685428,0.6444939,0.491354,0.32758304,0.37129128,0.47679383,0.5368965,0.5905033,0.5165134,0.36959133,0.2790924,0.25529104,0.23148966,0.25132236,0.27406833,0.18399836,0.05412972,-0.012132237,0.17893389,0.37,0.31,0.33253917,0.35507837,0.3568489,0.3528175,0.3377837,0.29721317,0.26480585,0.32287976,0.3809537,0.34498703,0.29166853,0.37372983,0.46016452,0.5125165,0.55471754,0.5365517,0.50974834,0.4795498,0.4474106,0.42818207,0.42421517,0.42024827,0.41147104,0.40237266,0.4,0.4,0.40270483,0.41635242,0.43,-0.49,-0.5125392,-0.53507835,-0.54,-0.54,-0.53864264,-0.5341348,-0.5259335,-0.47679403,-0.42765456,-0.38398963,-0.34133482,-0.41050932,-0.48329642,-0.5447102,-0.6027366,-0.55528736,-0.4927462,-0.4962931,-0.53761494,-0.5454565,-0.5137214,-0.4819862,-0.5183803,-0.559323,-0.56418175,-0.5563109,-0.533771,-0.4518855,-0.37,-1.2,-1.2180314,-1.2360626,-1.2179422,-1.1897224,-1.1727147,-1.1817304,-1.1985027,-1.3012488,-1.403995,-1.3254727,-1.2135038,-1.1703385,-1.1293957,-1.1240646,-1.1293397,-1.1026437,-1.0713731,-1.0483142,-1.029949,-1.0345434,-1.0662786,-1.0980138,-1.2236698,-1.3555963,-1.2910892,-1.1572852,-1.0554097,-1.0827048,-1.11,0.67,0.5122257,0.35445142,0.35151106,0.39182505,0.43493104,0.48451725,0.5333271,0.57353216,0.61373717,0.6109974,0.6003337,0.441354,0.27758303,0.34567866,0.48283198,0.51954025,0.5418764,0.45943487,0.3171041,0.21818483,0.17058207,0.12297931,0.22234736,0.331528,0.3890914,0.42844555,0.45819676,0.44909838,0.44,1.36,1.3374608,1.3149216,1.3509644,1.4033725,1.4454294,1.4634608,1.4652128,1.2865238,1.1078347,1.1160104,1.1586652,1.2437298,1.3301646,1.3418709,1.3313206,1.3690804,1.4137527,1.4270785,1.4224873,1.3890952,1.3216579,1.2542207,1.3054382,1.3645777,1.3770908,1.3731555,1.3961468,1.5280734,1.66,0.0,0.0,0.0,0.0,0.0,0.0,0.0,0.0,0.0,0.0,0.0,0.0,0.0,0.0,0.0,0.0,0.0,0.0,0.0,0.0,0.0,0.0,0.0,0.0,0.0,0.0,0.0,0.0,0.0,0.0
36.0,120.387596,175.93799,122.441864,-67.54263,-183.0155,-210.0,-184.91473,-186.75969,-167.88373,-149.46512,-140.0,-123.0,-118.58915,-118.434105,-114.51163,-119.503876,-112.84496,-107.39535,-104.47287,-110.06977,-102.62791,-102.31783,-97.21706,-102.34884,-94.10078,-91.9845,-77.83721,-74.82946,-86.04651,-87.25581,-93.5969,-82.968994,-112.023254,-111.0,-113.0,-104.325584,-106.0,-104.23256,-102.209305,-101.0,-103.0,-104.04651,-90.0,-82.0,-82.60465,-83.42635,-79.81396,-85.72093,-96.0,-75.79845,-63.67442,-72.64341,-82.35659,-84.0,-87.0,-82.263565,-72.0,622.0775,-335.0155,-136.72093,-86.76744,-77.93023,-74.23256,-77.0155,-57.976746,-47.88372,-25.612404,13.410852,100.46512,159.5969,115.666664,-52.32558,-182.18605,-193.29457,-193.53488,-180.46512,-164.0,-157.53488,-145.87598,-136.51938,-87.0,-84.0,-82.57365,-80.48837,158.37985,395.33334,-353.65115,-141.12402,-93.88372,-77.0,-62.0,-47.868217,-40.7907,-12.7984495,19.403101,92.18604,156.55814,162.76744,30.232557,-137.81395,-190.82945,-185.09302,-176.8217,-165.93799,-148.86046,-136.78294,-119.70543,-111.65116,-108.0,-116.58915,-112.441864,-108.0,-106.496124,-101.0,-99.86822,-96.0,-95.06977,-89.34109,-89.310074,-87.27907,-87.24806,-87.434105,-86.72093,-82.0,-84.0,-84.0,-79.093025,-83.968994,-94.0,0.026,0.024449365,0.022985423,0.022762226,0.022539029,0.02231583,0.022092633,0.023378758,0.025735725,0.027953655,0.026775172,0.02559669,0.022331225,0.01692534,0.011303821,0.0051105935,-0.0009216642,0.0049494,0.010730008,0.01595378,0.020503135,0.02273511,0.024967086,0.028106928,0.03126036,0.028519796,0.02397318,0.02155884,0.02077942,0.02,0.016,0.01651688,0.016883386,0.015097805,0.013312226,0.011526646,0.009741066,0.010148966,0.012113104,0.014092689,0.016449654,0.018806621,0.020222398,0.020672888,0.0199096,0.015928239,0.012014243,0.013081709,0.015022011,0.022335289,0.04118213,0.099659875,0.15813762,0.14790383,0.13664156,0.122863345,0.10831418,0.09670608,0.087353036,0.078,-0.26,-0.25483122,-0.24912539,-0.23573354,-0.22234169,-0.20894985,-0.195558,-0.19,-0.19,-0.19077241,-0.2104138,-0.23005517,-0.22443214,-0.19289781,-0.17242311,-0.18127058,-0.18971515,-0.16836582,-0.14415994,-0.10236977,-0.036793105,0.11051724,0.25782758,0.22005378,0.17950965,0.13867816,0.09775862,0.09544061,0.12272031,0.15,1.68,1.752363,1.8175219,1.7795783,1.7416348,1.7036912,1.6657476,1.652298,1.6562262,1.6610814,1.6885793,1.7160772,1.73,1.73,1.7711929,1.9215999,2.0673652,1.8698838,1.6926999,1.6404622,1.5386176,1.2663167,0.9940157,1.1009617,1.2135843,1.086871,0.8868199,0.81764644,0.8488232,0.88,0.11,0.08415608,0.058979623,0.0433558,0.027731976,0.012108151,-0.003515674,-0.005404138,0.0024524138,0.012317241,0.07124138,0.13016552,0.14220816,0.10616893,0.07151911,0.040552966,0.0104985,0.04785982,0.08730008,0.13953778,0.16389969,0.09247649,0.021053292,0.06438469,0.109433725,0.22788633,0.36883143,0.4586754,0.5093377,0.56,-0.52,-0.5716878,-0.6198542,-0.61762226,-0.6153903,-0.6131583,-0.61092633,-0.60080826,-0.58509517,-0.56969106,-0.56183445,-0.5539779,-0.58780766,-0.66439104,-0.67153776,-0.49458838,-0.32135308,-0.42276236,-0.50707996,-0.4861849,-0.4800627,-0.5247022,-0.5693417,-0.6543309,-0.7399241,-0.7634802,-0.7680268,-0.8119102,-0.8859551,-0.96,-1.87,-1.916519,-1.9586881,-1.9386003,-1.9185126,-1.8984247,-1.878337,-1.8654041,-1.8575476,-1.8523172,-1.9112414,-1.9701655,-2.004448,-2.0134578,-2.0054612,-1.9523765,-1.9013531,-2.0027623,-2.08051,-2.012601,-1.9428934,-1.8670063,-1.7911191,-1.7633692,-1.7363398,-1.7822031,-1.8504024,-1.8645594,-1.8372797,-1.81,0.66,0.6031434,0.5508746,0.56426644,0.5776583,0.59105015,0.604442,0.62838346,0.65980965,0.68891865,0.6614207,0.63392276,0.6844954,0.8151376,0.9015191,0.87055296,0.83679533,0.59661543,0.40387014,0.5031218,0.5810063,0.5854702,0.5899342,0.63882315,0.6883771,0.6547573,0.5956513,0.5347072,0.47235358,0.41,1.25,1.3637133,1.4702915,1.4747555,1.4792194,1.4836833,1.4881474,1.4785104,1.458869,1.4395366,1.4277518,1.4159669,1.4011041,1.3830844,1.3930196,1.4770706,1.5597863,1.5437744,1.5453302,1.6550293,1.724906,1.6579467,1.5909874,1.5189846,1.4469061,1.4439209,1.4621073,1.5052928,1.5676464,1.63,0.0,0.0,0.0,0.0,0.0,0.0,0.0,0.0,0.0,0.0,0.0,0.0,0.0,0.0,0.0,0.0,0.0,0.0,0.0,0.0,0.0,0.0,0.0,0.0,0.0,0.0,0.0,0.0,0.0,0.0
-91.0,-88.89147,-71.93799,-60.32558,-82.12403,-82.15504,-87.0,-86.674416,-78.13178,18.255814,693.42633,-510.13177,-179.76744,-106.58915,-84.0,-75.16279,-68.0155,-54.47287,-40.2093,-12.4651165,47.92248,126.51163,161.22481,56.31783,-126.23256,-191.1628,-196.2093,-183.90698,-174.09302,-164.0,-150.60464,-138.63567,-129.04651,-85.46512,-84.0,-84.0,-70.30232,586.6124,-337.6589,-149.74419,-82.79845,-70.10078,-70.48837,-59.333332,-45.0,-31.72093,-5.4341087,47.031006,122.37209,167.79845,128.31783,-51.395348,-171.73643,-193.0,-183.0,-171.44186,-159.65892,-145.23256,-128.70543,-116.17054,-108.209305,-112.72868,-111.1938,-111.04651,-108.0,-102.9845,-103.0,-94.07752,-91.0,-93.790695,-89.17054,-89.0,-89.0,-89.263565,-84.0,-86.18604,-84.0,-84.0,-83.5814,-79.674416,-90.20155,-99.51163,-99.10078,-82.0,-67.0,-92.58915,-95.333336,-89.69768,-87.72868,-83.96124,34.11628,591.969,-486.3256,-163.41861,-95.4031,-79.36434,-56.534885,-55.51938,-42.806202,-27.255814,9.705426,72.71318,136.13954,161.0155,63.48062,-111.023254,-190.72093,-199.70543,-193.0,-175.24031,-158.1783,-143.95349,-135.52713,-118.496124,-123.83721,-119.565895,-118.0,-113.558136,-111.34109,-111.310074,-108.0,-106.24806,-101.0,-99.0,-101.0,-96.0,-96.23256,-89.06201,-94.0,-96.0,-0.019,-0.019,-0.019075088,-0.019547213,-0.019963054,-0.01906096,-0.018158866,-0.017618159,-0.017154697,-0.015209831,-0.012522744,-0.007624768,-0.002192807,-0.0015529896,-0.0010895287,-0.005075862,-0.010127586,-0.01439303,-0.018195402,-0.0046178163,0.013624521,0.021205947,0.023059791,0.02453541,0.025621802,0.024946207,0.023329655,0.022733543,0.026866771,0.031,0.013,0.012456804,0.012600709,0.016377699,0.019926108,0.01812192,0.016317734,0.017527364,0.019381208,0.02,0.02,0.021750093,0.023922877,0.02578804,0.027641885,0.02281254,0.016383072,0.016051168,0.019310344,0.018893678,0.017490422,0.015492566,0.013175261,0.01146459,0.010378198,0.010790345,0.012002759,0.013326019,0.015163009,0.017,-0.12,-0.07111235,-0.03225266,-0.046416372,-0.06,-0.06,-0.06,-0.07527365,-0.093812086,-0.1,-0.1,-0.04749722,0.017686319,-0.03811136,-0.098361276,-0.10258934,-0.09340439,-0.15837227,-0.2670115,-0.24574712,-0.18961686,-0.20014869,-0.24649478,-0.26196885,-0.24567297,-0.23736551,-0.23332414,-0.22673981,-0.20836991,-0.19,1.7,1.5424731,1.4077474,1.3935837,1.3872044,1.5631127,1.739021,1.7470895,1.7192819,1.6885179,1.6562729,1.5581201,1.444049,1.4712907,1.503733,1.498884,1.4851066,1.5141861,1.5685058,1.5726246,1.5632695,1.6052231,1.6747422,1.7340934,1.782981,1.7736552,1.7332414,1.7236364,1.8568182,1.99,0.21,0.16111235,0.12976152,0.19113761,0.24981527,0.24530481,0.24079433,0.19036065,0.13011073,0.11716068,0.12790902,0.19125324,0.2673007,0.2834103,0.29731414,0.34816927,0.40787148,0.41290694,0.38574713,0.36893678,0.3549042,0.3017621,0.22760835,0.1953541,0.20621802,0.23107587,0.2634069,0.28755486,0.27377743,0.26,-0.15,-0.23691139,-0.3145053,-0.34283274,-0.3694458,-0.3559144,-0.342383,-0.36291048,-0.39071813,-0.32839325,-0.22090976,-0.19124953,-0.18038562,-0.14870927,-0.116267,-0.1618746,-0.22616927,-0.2705117,-0.30310345,-0.3468774,-0.39365262,-0.40397027,-0.39470103,-0.43015572,-0.5116351,-0.5821517,-0.6468138,-0.6845141,-0.5972571,-0.51,-1.7,-1.6456804,-1.5909894,-1.5343345,-1.478707,-1.4471337,-1.4155604,-1.4367288,-1.4691712,-1.4764197,-1.4710455,-1.4656248,-1.4601928,-1.419769,-1.3780576,-1.3292414,-1.2787242,-1.2736745,-1.2954023,-1.3442528,-1.4003831,-1.4983866,-1.6188865,-1.6398443,-1.5583649,-1.5089241,-1.4765931,-1.4720063,-1.5960032,-1.72,0.94,1.0377753,1.1260071,1.163777,1.1948276,1.0685345,0.9422414,1.0192788,1.1397785,1.2086427,1.2516361,1.2118725,1.1521208,1.1097691,1.0680575,0.9821881,0.88574606,0.8978606,0.97390807,0.9162452,0.8226948,0.7990446,0.8129484,0.8146459,0.803782,0.7736552,0.7332414,0.70815045,0.7540752,0.8,1.87,1.9025918,1.9390106,1.9956654,2.056096,2.2049415,2.353787,2.353271,2.320829,2.2527146,2.1667278,2.2593808,2.3951797,2.3865898,2.372686,2.2254922,2.0463855,1.9834186,1.9888506,1.9346839,1.864521,1.7585986,1.6334641,1.6155099,1.7078532,1.7241931,1.6999449,1.6759248,1.6529623,1.63,0.0,0.0,0.0,0.0,0.0,0.0,0.0,0.0,0.0,0.0,0.0,0.0,0.0,0.0,0.0,0.0,0.0,0.0,0.0,0.0,0.0,0.0,0.0,0.0,0.0,0.0,0.0,0.0,0.0,0.0
149.0,168.81395,62.984497,-119.674416,-188.31007,-187.6124,-180.34883,-168.45737,-151.37985,-139.30232,-122.22481,-112.65891,-108.0,-117.5969,-111.434105,-108.0,-107.503876,-101.0,-101.88372,-96.0,-92.550385,-90.34884,-90.31783,-88.28682,-88.25581,-89.449615,-85.209305,-82.0,-84.0,-84.0,-80.60465,-82.96124,-94.0,-102.023254,-91.36434,-79.28682,-75.37209,-97.72093,-91.05426,-91.0,-89.0,-74.550385,397.74417,-74.666664,-189.51938,-92.674416,-85.88372,-73.25581,-53.511627,-55.720932,-34.12403,-14.511628,32.12403,103.72093,156.23256,140.24031,-11.093023,-160.04651,-202.1938,-193.42636,-188.34883,-166.43411,-154.11627,-137.11627,-128.05426,-118.0155,-122.88372,-122.8062,-117.89147,-113.0,-111.17054,-108.0,-108.0,-102.736435,-99.0,-99.325584,-98.46512,-99.387596,-91.0,-91.674416,-94.48062,-55.837208,-178.86821,-207.99225,-197.41861,-184.18605,-171.33333,-150.25581,-133.09302,-126.860466,-116.0,-126.76744,-119.147285,-129.76744,-110.71318,-118.0,-113.558136,-110.51938,-112.03876,-95.06977,-94.89922,-97.30232,-104.74419,-101.82171,-80.16279,-73.860466,-85.93023,-85.023254,-94.0,-81.06977,-84.06201,88.4186,475.20154,-400.72092,-153.37209,-101.48062,-82.58915,-91.76744,-59.534885,-42.395348,-46.32558,-17.844961,82.441864,140.18605,141.31783,7.7829456,-152.0,-221.78294,-222.0,-236.0,-0.024,-0.022820689,-0.02164138,-0.020184953,-0.01839812,-0.017085517,-0.01747862,-0.017871724,-0.020407524,-0.023981191,-0.022091955,-0.013109752,-0.004395925,0.004091536,0.015022257,0.03155047,0.046385914,0.036976524,0.0295442,0.033117868,0.036691535,0.033767447,0.030229516,0.029667193,0.03417526,0.037049156,0.030776229,0.026426332,0.028213166,0.03,0.002,0.002,0.002,0.015448276,0.044931035,0.06449379,0.048376553,0.03225931,0.019476488,0.008308778,0.005218391,0.012615499,0.05234796,0.11935423,0.15962037,0.13862509,0.117874175,0.10062362,0.0851837,0.079823196,0.0744627,0.072204135,0.07023862,0.069500156,0.07085258,0.07271313,0.07741783,0.08014733,0.07657367,0.073,-0.33,-0.22386207,-0.117724136,0.037805643,0.2522257,0.38664827,0.23333792,0.08002759,-0.015141066,-0.08214734,-0.13149425,-0.1579125,-0.08034169,0.08494044,0.1837116,0.13010658,0.07590609,0.013176816,-0.044761755,-0.07603135,-0.10730094,0.008526896,0.13825104,0.20666245,0.17059791,0.13841526,0.12796038,0.12959248,0.16979624,0.21,1.85,1.8893104,1.9286207,1.7421631,1.2865204,0.9676276,1.140593,1.3135586,1.4392163,1.5419593,1.5287356,1.3649426,1.2391129,1.1453041,1.0338495,0.8819687,0.7348826,0.656471,0.6076865,0.7238307,0.83997494,0.8033076,0.7522041,0.7066625,0.6705979,0.6558474,0.7603962,0.82721,0.773605,0.72,0.3,0.26068965,0.22137931,0.26316613,0.40164578,0.49717242,0.4382069,0.37924138,0.30884013,0.23289968,0.1991954,0.22033,0.24938558,0.28512225,0.29506898,0.24593103,0.20307043,0.2501174,0.30020377,0.36721003,0.4342163,0.4723255,0.50770485,0.5450047,0.58557737,0.61603814,0.589901,0.5753291,0.5976646,0.62,-0.66,-0.66786206,-0.67572415,-0.68407524,-0.6930094,-0.68888277,-0.6377793,-0.5866759,-0.57300943,-0.5774765,-0.56850576,-0.5420875,-0.57604074,-0.6609154,-0.71321315,-0.69087774,-0.67,-0.67,-0.67340124,-0.6957367,-0.7180721,-0.71281654,-0.7049545,-0.71167034,-0.7432268,-0.7676229,-0.75194055,-0.74213165,-0.75106585,-0.76,-1.95,-1.9853793,-2.0207586,-2.0155487,-1.9619436,-1.9285517,-1.967862,-2.0071723,-2.0290282,-2.0424294,-2.0247126,-1.9665926,-1.8988056,-1.8228652,-1.7306364,-1.6010909,-1.4806824,-1.4911371,-1.5074828,-1.5566207,-1.6057587,-1.6423255,-1.6777048,-1.6883297,-1.6567732,-1.6315848,-1.6420397,-1.6404076,-1.6002038,-1.56,0.53,0.44351724,0.35703447,0.3813166,0.5376646,0.64033103,0.5499172,0.45950344,0.47213167,0.5346708,0.5378161,0.463845,0.47119436,0.5471348,0.59321314,0.57087773,0.5452238,0.4720396,0.4059185,0.379116,0.3523135,0.3212662,0.28981793,0.27166718,0.27617526,0.28396186,0.31009904,0.323605,0.29680252,0.27,1.31,1.2706896,1.2313793,1.2405642,1.3075706,1.3625655,1.3743587,1.3861517,1.4712539,1.5918652,1.6278161,1.553845,1.5127304,1.4993292,1.4791411,1.4434044,1.4113647,1.4322743,1.463605,1.5529467,1.6422884,1.610491,1.5672497,1.5216609,1.4720721,1.4331695,1.4540793,1.4476175,1.3538088,1.26,0.0,0.0,0.0,0.0,0.0,0.0,0.0,0.0,0.0,0.0,0.0,0.0,0.0,0.0,0.0,0.0,0.0,0.0,0.0,0.0,0.0,0.0,0.0,0.0,0.0,0.0,0.0,0.0,0.0,0.0
-53.0,-47.844963,-30.782946,2.6511629,59.612404,129.08527,163.53488,92.70543,-85.325584,-184.67442,-202.22481,-193.0,-177.25581,-160.1938,-147.48062,-136.53488,-119.503876,-121.31783,-118.558136,-118.0,-115.06977,-112.34884,-112.31783,-108.0,-107.25581,-101.0,-99.0,-101.0,-96.0,-98.75194,-90.06977,-94.0,-96.0,-119.976746,-206.32558,-198.65892,-201.32558,-173.13179,-158.93024,-139.74419,-131.89923,-121.82171,-118.60465,-121.666664,-119.36434,-125.72093,-111.565895,-116.54263,-105.04651,-111.48062,-105.24806,-98.37209,-95.612404,-98.46512,-107.674416,-92.17829,-81.60465,-76.4186,-88.79845,-86.74419,-87.48837,-88.620155,-79.11628,526.8372,-308.6279,-132.37985,-72.558136,-77.0,-77.27132,-85.60465,-57.31783,-33.302326,-53.837208,19.821705,130.06201,150.30232,100.333336,-68.27132,-195.23256,-219.67442,-223.68217,-69.790695,616.72095,-412.15503,-157.41861,-75.4031,-71.333336,-67.441864,-65.0,-39.100777,-19.27907,10.697675,64.496124,129.93024,180.28682,111.93799,-91.74419,-195.03876,-210.84496,-202.67442,-204.79845,-169.47287,-142.09302,-128.0,-123.77519,-124.860466,-130.71318,-129.31783,-128.0,-125.93023,-106.0,-116.0,-118.94574,-101.95349,-105.30232,-119.74419,-96.4186,-91.558136,-90.65891,-104.91473,-102.72093,-96.10853,-94.21706,-87.65116,632.52716,-457.76746,-150.1628,-85.48837,-65.34109,-82.0,-0.029,-0.030547274,-0.032266457,-0.03662696,-0.04098746,-0.041101765,-0.039931875,-0.03886158,-0.03818122,-0.037500855,-0.03943815,-0.048679214,-0.057920277,-0.05901174,-0.060068343,-0.06222895,-0.064389564,-0.06373711,-0.061976906,-0.061229516,-0.06174527,-0.06418701,-0.06850823,-0.069921024,-0.0590901,-0.051222716,-0.052102815,-0.052982915,-0.0554755,-0.058,0.142,0.14251576,0.14321317,0.14670157,0.15018997,0.15249705,0.15444687,0.156,0.156,0.156,0.1563483,0.15766846,0.15898861,0.15697652,0.15515035,0.15990369,0.16465704,0.16757861,0.16977887,0.17306563,0.17770745,0.1806561,0.18195248,0.18250501,0.17992622,0.17755458,0.17579436,0.17403416,0.1715245,0.169,0.23,0.33315164,0.43159875,0.45776176,0.48392478,0.45407066,0.40727502,0.390763,0.4928173,0.5948716,0.66767794,0.65887696,0.6500759,0.7461152,0.83931655,0.81771046,0.7961044,0.8499873,0.93359697,0.996066,1.0321691,1.1068624,1.2192141,1.2911903,1.1931962,1.1233407,1.1365422,1.1497438,1.125245,1.1,-0.33,-0.08243604,0.14573668,0.07596865,0.006200627,0.001976451,0.017574994,0.03899731,0.08322084,0.12744436,0.092660554,-0.16256881,-0.41779816,-0.38458914,-0.34466916,-0.17614166,-0.007614166,-0.117861435,-0.33788675,-0.40262142,-0.27368188,-0.1662597,-0.079835355,-0.020889878,-0.077623285,-0.13559,-0.1971971,-0.25880417,-0.240196,-0.22,0.59,0.6828365,0.7630721,0.64969903,0.536326,0.54293525,0.5858312,0.6054659,0.5340279,0.4625899,0.40767795,0.39887694,0.39007592,0.31411958,0.23958993,0.22662628,0.21366262,0.19421385,0.17221132,0.13475344,0.07802002,0.07187015,0.11508232,0.14703004,0.13155729,0.13781714,0.20822525,0.27863336,0.13642105,-0.01,-0.24,-0.2090545,-0.17840125,-0.15223825,-0.12607524,-0.08706476,-0.04416877,0.004534116,0.07597212,0.14741012,0.2,0.2,0.2,0.30623257,0.4101367,0.41445792,0.41877913,0.3757988,0.3141917,0.33508343,0.4588654,0.5046909,0.47444236,0.44307008,0.406967,0.4000443,0.4792534,0.5584625,0.56,0.56,-1.23,-1.1371635,-1.0446708,-0.9574608,-0.87025076,-0.7601766,-0.6431875,-0.5416948,-0.5008731,-0.46005136,-0.42419487,-0.40219235,-0.3801898,-0.31929567,-0.25562596,-0.117347,0.020931967,0.07578614,0.09778868,0.13754171,0.1994327,0.26717925,0.34063995,0.41286984,0.47991842,0.51775074,0.46934515,0.42093956,0.31602904,0.21,0.31,0.23779385,0.1787931,0.32268965,0.4665862,0.5,0.5,0.51661044,0.59825385,0.6798973,0.7063303,0.5787156,0.45110092,0.39435437,0.34382728,0.46482137,0.5858155,0.54106927,0.43105662,0.418198,0.52650726,0.52969867,0.43031067,0.35197997,0.36229515,0.393385,0.48579565,0.57820624,0.570098,0.56,1.68,1.6284242,1.5855956,1.6771661,1.7687367,1.8289235,1.8796188,1.9310737,1.9855026,2.0399315,2.0486524,1.9298387,1.811025,1.9819956,2.14959,2.1366262,2.1236627,2.1831446,2.2711546,2.2947533,2.23802,2.190317,2.1514258,2.11604,2.0954096,2.0688643,2.0248592,1.9808542,2.074069,2.17,0.0,0.0,0.0,0.0,0.0,0.0,0.0,0.0,0.0,0.0,0.0,0.0,0.0,0.0,0.0,0.0,0.0,0.0,0.0,0.0,0.0,0.0,0.0,0.0,0.0,0.0,0.0,0.0,0.0,0.0
-108.0,-111.031006,-94.06201,-95.906975,-98.81396,-103.23256,-105.34884,-81.674416,-76.379845,-84.4186,-86.53488,-94.0,-79.558136,-87.58915,-8.325582,659.1163,-538.27905,-171.51163,-97.95349,-79.06201,-85.72093,-64.06977,-46.930233,-40.279068,-33.465115,61.279068,141.1938,149.88373,38.51938,-130.33333,-218.25581,-222.0,-232.47287,61.372093,553.31006,-451.51938,-167.32558,-91.0155,-68.23256,-70.790695,-58.79845,-36.0,-1.8372093,22.666666,99.00775,161.74419,176.58139,31.534883,-157.74419,-205.31783,-197.69768,-205.0,-189.29457,-156.13954,-133.30232,-129.70543,-124.736435,-124.76744,-123.70543,-125.42635,-125.209305,-116.48837,-110.8062,-116.0,-129.92249,-91.093025,-101.16279,-119.45737,-91.16279,-87.139534,-91.68217,-102.79845,-111.0,-88.18604,-91.441864,28.60465,629.6512,-526.8837,-181.81395,-96.30232,-79.4031,59.7907,118.968994,171.00775,126.093025,-25.434109,-166.66667,-208.04651,-194.35658,-181.0,-194.46512,-149.0,-138.27907,-138.90698,-121.62791,-112.620155,-114.46512,-120.51938,-113.0,-114.25581,-117.496124,-103.379845,-69.906975,-78.031006,-96.0,-98.39535,-101.71318,-73.70543,-70.25581,-93.82946,-91.94574,-90.95349,-91.790695,-84.0,129.39536,371.81396,-361.88373,-142.41861,-84.852715,-70.91473,-70.0,-49.379845,-38.0,-7.4651165,36.139534,104.51163,163.53488,147.58914,0.9302326,-166.0,-0.05,-0.050765242,-0.051530484,-0.054640394,-0.061472908,-0.06830542,-0.067915045,-0.06514243,-0.062369816,-0.059386145,-0.05636999,-0.047576085,-0.033973742,-0.028218577,-0.044032536,-0.059846494,-0.06618317,-0.06793831,-0.07794031,-0.10056841,-0.112406835,-0.11109048,-0.11037646,-0.11257039,-0.11476432,-0.11104725,-0.10661878,-0.09729338,-0.08514669,-0.073,0.177,0.17929572,0.18159145,0.18476026,0.18931527,0.19387028,0.19056946,0.18467766,0.17878586,0.1776266,0.17719571,0.18562132,0.2014176,0.20785539,0.18857008,0.16928476,0.122772224,0.06309744,0.02374898,0.015520578,0.005463777,-0.006822208,-0.017903512,-0.023168935,-0.028434357,-0.036510218,-0.04492433,-0.04583251,-0.042416256,-0.039,1.14,1.1246952,1.1093904,1.0985332,1.0947373,1.0909414,1.0326637,0.9564168,0.8801699,0.88493633,0.9021715,0.95789623,1.0456532,1.0400333,0.77775306,0.51547277,0.3087251,0.12882316,-0.11207268,-0.4463515,-0.6596583,-0.7254761,-0.78602344,-0.8211262,-0.85622907,-0.9548659,-1.0611495,-1.0446086,-0.9573043,-0.87,0.04,-0.16278897,-0.36557794,-0.42399016,-0.25317734,-0.08236453,-0.026969016,-0.00964018,0.0076886555,-0.2513855,-0.5530009,-0.57265425,-0.35764948,-0.16707453,-0.0436485,0.07977753,0.53115153,1.141063,1.562829,1.6965406,1.6849794,1.4963018,1.3460234,1.3811263,1.416229,1.3251342,1.2188506,1.0330925,0.8015463,0.57,0.21,0.22913103,0.24826206,0.2790695,0.32841542,0.37776136,0.3066017,0.19569716,0.08479261,0.13347934,0.2067288,0.31423917,0.45026258,0.57572305,0.6721496,0.7685762,0.81478965,0.8367289,0.81952167,0.74238044,0.64859223,0.53450805,0.42945904,0.36802912,0.30659917,0.34743294,0.4005747,0.3718336,0.2959168,0.22,0.56,0.53704274,0.51408553,0.48386425,0.44211,0.4003558,0.39,0.39,0.39,0.3190525,0.23718546,0.20478962,0.21356533,0.17781425,0.019674638,-0.13846496,-0.31127492,-0.49117684,-0.7219132,-1.0304784,-1.1446378,-1.0217779,-0.9230117,-0.94056314,-0.9581145,-0.8809451,-0.7923755,-0.639584,-0.449792,-0.26,0.15,0.23800276,0.32600552,0.3814669,0.38526273,0.38905856,0.3821814,0.37178412,0.3613868,0.20690277,0.03024231,-0.0907118,-0.16530529,-0.2971691,-0.58644885,-0.8757286,-1.1622651,-1.4474754,-1.6484464,-1.7204449,-1.8529295,-2.0591586,-2.250329,-2.368801,-2.487273,-2.468378,-2.4329503,-2.42,-2.42,-2.42,0.41,0.44826207,0.48652413,0.49533114,0.45737275,0.41941434,0.45691153,0.51929533,0.58167917,0.6086704,0.63021433,0.5777349,0.46365073,0.39028922,0.42885983,0.46743047,0.48887378,0.50203735,0.5404783,0.6176196,0.66593164,0.6790952,0.710329,0.82880104,0.947273,0.94814175,0.9348563,0.9757581,1.047879,1.12,1.9,1.9038262,1.9076524,1.871861,1.7731692,1.6744773,1.7803098,1.9535981,2.1268866,2.008105,1.844371,1.7723948,1.7767826,1.8088098,1.9168075,2.0248053,1.8440715,1.5237583,1.2141824,0.9210456,0.7876811,0.849111,0.8744005,0.7252135,0.57602656,0.4730396,0.37561303,0.43392447,0.5819622,0.73,0.0,0.0,0.0,0.0,0.0,0.0,0.0,0.0,0.0,0.0,0.0,0.0,0.0,0.0,0.0,0.0,0.0,0.0,0.0,0.0,0.0,0.0,0.0,0.0,0.0,0.0,0.0,0.0,0.0,0.0
-190.0,-214.87598,-200.15504,-206.81395,-173.50388,-144.6124,-128.0,-124.78294,-127.379845,-131.72093,-128.31007,-128.0,-127.441864,-106.0,-116.0,-116.93023,-114.04651,-103.790695,-112.18604,-102.46512,-93.06977,-89.65116,-101.387596,-101.71318,-104.674416,-95.22481,-91.17829,427.9535,-114.62791,-206.09302,-109.674416,-76.42635,-84.51938,73.69768,143.96124,172.20155,66.65116,-95.4031,-197.1938,-210.0,-186.75969,-186.72093,-169.72093,-144.33333,-143.41086,-128.02325,-111.441864,-120.0,-118.976746,-123.0,-118.42635,-114.95349,-111.387596,-80.387596,-80.37209,-80.82171,-89.92248,-101.0,-92.00775,-78.4031,-73.51163,-100.72868,-93.8062,-89.0,-84.05426,-78.62791,554.5349,-411.062,-137.87598,-66.674416,-58.5969,-67.30232,-52.069767,-44.07752,-26.496124,0.60465115,65.565895,136.26357,166.0,99.53488,-80.93799,-478.25583,-150.8372,-90.88372,-78.51163,-70.41085,-66.333336,-54.302326,-31.0,-10.100775,52.488373,123.8062,143.27907,87.674416,-82.24031,-190.09302,-200.0,-184.48837,-181.84496,-157.25581,-149.24806,-129.73643,-130.0,-123.8062,-121.83721,-117.48837,-118.71318,-117.31783,-110.72093,-103.17054,-108.88372,-106.0,-107.47287,-102.00775,-103.674416,-98.60465,-110.5814,-102.860466,-83.147285,-77.60465,-93.30232,-89.620155,-99.21706,-87.18604,-82.387596,521.876,-315.86047,-137.48837,-80.05426,-60.0,-0.078,-0.07888579,-0.07977159,-0.08028893,-0.080678254,-0.08092451,-0.08048959,-0.08005468,-0.082685895,-0.08575799,-0.08669728,-0.08618911,-0.08517335,-0.08385674,-0.08282062,-0.08230704,-0.08392389,-0.08870798,-0.09263412,-0.08907695,-0.086179376,-0.08750807,-0.08883676,-0.08666603,-0.08400516,-0.080928236,-0.076579064,-0.072229885,-0.07540499,-0.079,-0.016,-0.014671306,-0.013342613,-0.010977475,-0.008252225,-0.006,-0.006,-0.006,-0.004848903,-0.0035322884,-0.0042108893,-0.006243557,-0.004520063,-0.0005702194,0.0012824652,-0.00077182683,-0.0013004038,0.00043926685,0.0019477314,0.0014395644,0.0009402088,0.000497311,5.441316e-05,0.0010002715,0.002140646,0.002892824,0.0024579063,0.0020229884,0.001027146,0.0,0.03,0.043286934,0.056573868,0.08311457,0.114260286,0.13245107,0.08895931,0.045467537,-0.013717868,-0.07515988,-0.10908167,-0.124326676,-0.094178684,-0.03712539,-0.008969186,-0.034647837,-0.06574091,-0.10488351,-0.13790925,-0.117582574,-0.09521671,-0.059784878,-0.024353053,-0.04000543,-0.062812924,-0.08214352,-0.090841874,-0.099540226,-0.06108584,-0.02,0.38,0.5217273,0.6634546,0.67977476,0.65252227,0.6269804,0.60958374,0.592187,0.609185,0.63112855,0.5370744,0.36429763,0.40195298,0.5643354,0.59645265,0.38588774,0.3299596,0.5039267,0.6579093,0.6375826,0.62777287,0.6853496,0.7429263,0.6899837,0.6215612,0.5785741,0.6133675,0.64816093,0.6597285,0.67,0.72,0.7952926,0.87058526,0.8928893,0.8967825,0.89320594,0.8540634,0.8149208,0.7793041,0.7441943,0.7330272,0.7381089,0.734489,0.7257116,0.730763,0.7615774,0.783498,0.79219633,0.8047042,0.8504392,0.8828251,0.82967734,0.77652955,0.79000545,0.8128129,0.825713,0.80831623,0.79091954,0.7559501,0.72,-0.04,-0.097576715,-0.15515344,-0.1295495,-0.07504449,-0.017166821,0.056769185,0.1307052,0.059423197,-0.03273981,-0.09119056,-0.12676226,-0.12622257,-0.104279,-0.093587674,-0.103859134,-0.12049394,-0.146589,-0.16425045,-0.10835209,-0.06239165,-0.08010756,-0.09782347,-0.12333967,-0.14994842,-0.17,-0.17,-0.17,-0.0727146,0.03,-1.83,-1.8565738,-1.8831477,-1.8726641,-1.8493048,-1.8330196,-1.8504163,-1.867813,-1.8124452,-1.7466145,-1.7109183,-1.6956733,-1.706533,-1.7328652,-1.7984337,-1.9370983,-2.013004,-1.9956074,-1.9841815,-2.0248349,-2.052825,-1.9996773,-1.9465296,-1.9233288,-1.9043225,-1.9007176,-1.9442093,-1.9877012,-1.9559501,-1.92,0.86,0.68726987,0.5145397,0.5393437,0.63278085,0.6986766,0.63343894,0.5682013,0.567674,0.5764514,0.607245,0.65298,0.6672445,0.6628558,0.6474431,0.61149305,0.591749,0.5960982,0.5963412,0.5607695,0.5395666,0.61043024,0.6812939,0.56329894,0.41885146,0.3378658,0.4509444,0.564023,0.49217167,0.41,1.04,0.9912812,0.94256246,0.94733596,0.9706952,0.9801864,0.9236471,0.8671078,0.9098809,0.96693414,0.99,0.99,0.9679561,0.93284637,0.89385545,0.8476339,0.8304939,0.856589,0.889931,0.98648274,1.0628251,1.0096773,0.95652956,0.8833152,0.80729026,0.7596459,0.7987884,0.83793104,0.9470139,1.06,0.0,0.0,0.0,0.0,0.0,0.0,0.0,0.0,0.0,0.0,0.0,0.0,0.0,0.0,0.0,0.0,0.0,0.0,0.0,0.0,0.0,0.0,0.0,0.0,0.0,0.0,0.0,0.0,0.0,0.0
-118.0,-113.0,-117.78294,-122.53488,-111.94574,-67.387596,-83.06977,-96.0,-94.86822,-102.72093,-76.22481,-75.29457,-90.30232,-96.9845,-94.48062,-93.30232,-84.0,24.085272,584.9535,-519.093,-170.63567,-87.37209,-67.387596,-70.0,-46.860466,-38.0,-9.984496,24.04651,92.4186,158.49612,157.1628,31.16279,-145.34108,-382.34885,-154.7907,-103.11628,-82.0,-67.0,-60.87597,-45.744186,-24.79845,5.0775194,81.325584,138.33333,139.54263,20.139534,-140.24031,-198.0,-192.55814,-185.27907,-172.57364,-152.41861,-141.35658,-128.0,-128.32558,-120.441864,-123.0,-116.0,-113.503876,-108.852715,-119.51163,-105.72868,-103.1938,-103.06977,-101.05426,-100.96124,-112.88372,-89.46512,-115.72868,-83.65116,-78.23256,-89.0,-100.18604,-96.65891,-90.70543,-87.0,-8.984496,660.64343,-538.3023,-178.78294,-95.51938,-180.55814,-186.10077,-174.56589,-157.48837,-142.0,-128.0,-120.558136,-114.17829,-113.0,-112.209305,-113.05426,-108.0,-106.88372,-101.91473,-102.05426,-99.0,-99.99225,-99.0,-101.139534,-104.147285,-83.13178,-70.83721,-88.1938,-94.0,-95.25581,-94.21706,-87.68217,123.16279,436.36435,-367.4341,-140.62791,-96.790695,-77.75969,-60.465115,-51.08527,-42.410854,-13.674418,19.806202,86.503876,143.60464,143.24031,15.294574,-141.37209,-201.99225,-195.31007,-171.23256,-166.15504,-154.10852,-140.0,-0.083,-0.0770094,-0.07101881,-0.060985222,-0.05012315,-0.043555174,-0.045168024,-0.046780877,-0.04839373,-0.05001168,-0.052873194,-0.055734705,-0.052810982,-0.045301404,-0.042403575,-0.045689017,-0.050028462,-0.056867544,-0.06370662,-0.061194126,-0.05650064,-0.05282541,-0.049628768,-0.045061756,-0.03907116,-0.03772855,-0.046244413,-0.054760277,-0.049088776,-0.041,-0.037,-0.019949844,-0.0028996866,0.042736728,0.09423098,0.12752414,0.1261417,0.12475925,0.1233768,0.121974975,0.11584316,0.10971135,0.10857088,0.11138697,0.10618263,0.09022478,0.07816475,0.07534866,0.072532564,0.074283525,0.077099614,0.079242624,0.081069276,0.0783837,0.07101066,0.065220416,0.06278731,0.060354207,0.058617756,0.057,-0.08,-0.1168652,-0.1537304,-0.07652983,0.024044883,0.066206895,-0.0029153605,-0.072037615,-0.14115988,-0.21,-0.21,-0.21,-0.21,-0.21,-0.21,-0.21,-0.20761357,-0.1995676,-0.19152161,-0.16716476,-0.13900383,-0.1641721,-0.21440509,-0.20383699,-0.13010658,-0.052714482,0.032444138,0.11760276,0.0747102,0.01,0.84,0.6095925,0.37918496,0.37672687,0.42097974,0.48648277,0.5924702,0.69845766,0.80444515,0.9096663,0.8279088,0.74615127,0.68381864,0.6368838,0.55586207,0.42913795,0.3483525,0.37651342,0.40467432,0.45186463,0.50349295,0.5417459,0.57371235,0.6239028,0.69302505,0.7477959,0.7721269,0.79645795,0.76314014,0.72,0.71,0.7192163,0.7284326,0.7199836,0.7079146,0.7007931,0.70309716,0.70540124,0.7077053,0.71020025,0.75925475,0.80830926,0.8064368,0.7641954,0.77007663,0.84047896,0.8816475,0.8534866,0.82532567,0.79716474,0.7690038,0.7444672,0.72163403,0.71904075,0.73747337,0.7681903,0.82496274,0.88173515,0.89,0.89,-0.2,-0.17695925,-0.15391849,-0.25350302,-0.37821564,-0.4822069,-0.546721,-0.6112351,-0.67574924,-0.7397998,-0.6907453,-0.6416908,-0.5833461,-0.5176373,-0.49604088,-0.53358877,-0.5516475,-0.5234866,-0.49532568,-0.5432823,-0.6089911,-0.54922956,-0.43049705,-0.39712226,-0.45242006,-0.49909517,-0.5274814,-0.5558676,-0.54617757,-0.53,-1.84,-1.8492163,-1.8584327,-1.8199344,-1.7716584,-1.7423793,-1.7492915,-1.7562038,-1.763116,-1.7700667,-1.7864182,-1.8027698,-1.8335632,-1.8758045,-1.8939847,-1.8799043,-1.8544883,-1.8021894,-1.7498906,-1.709553,-1.672005,-1.6693196,-1.6830195,-1.6560972,-1.586975,-1.5568911,-1.6096083,-1.6623255,-1.8082246,-1.97,0.74,0.8137304,0.8874608,0.92003286,0.9441708,0.9488965,0.9166395,0.8843824,0.8521254,0.8202002,0.8692547,0.9183092,0.9687995,1.0204278,1.0038825,0.8959323,0.85102355,0.95562124,1.0602189,0.96962965,0.8335185,0.92358184,1.1199472,1.1544546,1.0208182,0.9572855,1.0424441,1.1276028,1.1860749,1.24,1.04,1.0676489,1.0952978,1.1267104,1.1588944,1.1855518,1.2016803,1.2178087,1.2339373,1.2497164,1.1802225,1.1107286,1.0093104,0.8825862,0.8801788,1.0444509,1.1611933,1.1652162,1.1692392,1.1433588,1.1105045,1.1528114,1.2304442,1.2835611,1.31121,1.317007,1.2764552,1.2359035,1.1839252,1.13,0.0,0.0,0.0,0.0,0.0,0.0,0.0,0.0,0.0,0.0,0.0,0.0,0.0,0.0,0.0,0.0,0.0,0.0,0.0,0.0,0.0,0.0,0.0,0.0,0.0,0.0,0.0,0.0,0.0,0.0
-186.0,-185.87598,-160.78294,-151.76744,-131.75194,-130.0,-124.81396,-120.325584,-119.503876,-119.72093,-116.310074,-107.1938,-106.69768,-110.39535,-106.0,-106.46512,-99.99225,-98.63566,-104.65116,-104.53488,-107.89922,-80.62791,-73.06977,-90.78294,-92.139534,-100.22481,-88.1938,-84.906975,325.86823,32.31783,-226.67442,-114.31783,-77.13178,-189.02325,-179.41861,-167.20155,-151.2093,-139.13179,-128.0,-117.209305,-111.0,-111.72868,-107.74419,-112.666664,-106.63566,-106.60465,-103.0,-101.0,-100.48837,-96.72093,-96.674416,-105.37209,-91.325584,-82.35659,-77.53488,-90.70543,-91.39535,-94.23256,-94.20155,-87.0,571.1628,-348.82947,-133.77519,-75.18604,-72.18604,-69.93799,-59.88372,-48.0,-30.457365,2.8372092,38.217052,117.91473,149.34883,109.54263,-58.248062,-172.41861,-202.46512,-184.06201,-171.0,-161.0,-145.0,129.37209,1.6356589,-153.31007,-204.2093,-197.77519,-185.0,-162.86046,-150.1783,-130.48062,-124.209305,-119.17829,-121.27907,-120.0,-118.0,-113.0,-114.46512,-107.00775,-105.5969,-101.93023,-100.10078,-107.52713,-98.93023,-80.209305,-75.51163,-96.0,-90.28682,-94.0,-88.34884,-76.48062,498.4031,-234.95349,-163.05426,-83.147285,-74.88372,-69.17054,-59.410854,-48.372093,-29.68217,-3.5503876,42.76744,112.89922,144.45737,96.69768,-62.503876,-174.63567,-192.86046,-178.15504,-166.07751,-152.0,-0.012,0.0010762251,0.012681505,0.009067711,0.0054539186,0.005,0.005,0.005,0.005,0.009123046,0.014485239,0.019847432,0.015438501,0.010743416,0.00421006,-0.0049073077,-0.011899686,-0.011447962,-0.01093902,-0.003616334,0.0027840945,0.0005458217,-0.0016924511,-0.0013030558,-0.00049509393,-0.006001898,-0.021501424,-0.033293895,-0.029646948,-0.026,0.061,0.06361525,0.0656815,0.06206771,0.058453918,0.061833672,0.066218056,0.07060243,0.074986815,0.0795733,0.08422054,0.088867776,0.08861987,0.08822862,0.087431505,0.08606391,0.083896555,0.078927584,0.07423957,0.10300726,0.12865455,0.12507331,0.12149208,0.108455,0.09391169,0.08288168,0.077411264,0.073176526,0.07408826,0.075,0.01,-0.07891833,-0.15721317,-0.12559247,-0.09397179,-0.08787018,-0.085434414,-0.08299865,-0.08056288,-0.052513026,-0.016765071,0.018982884,0.05040999,0.08171056,0.08863018,0.061278075,0.045015674,0.06760188,0.09017423,0.11109619,0.13820441,0.22325878,0.30831313,0.29212224,0.25980374,0.22234736,0.17676052,0.14,0.14,0.14,0.49,0.4376951,0.37845454,0.24745454,0.11645455,0.18945234,0.29175457,0.3940568,0.49635902,0.45128256,0.36191267,0.2725428,0.31181374,0.35485202,0.3307308,0.212205,0.13805643,0.21936677,0.29978222,0.27362975,0.25474992,0.3039919,0.35323393,0.297275,0.22455846,0.18,0.18,0.19147421,0.2507371,0.31,0.79,0.71154267,0.6419906,0.6645768,0.687163,0.6772211,0.6626065,0.6479919,0.63337725,0.6519896,0.68058795,0.7091863,0.73660874,0.7639967,0.7553654,0.6961025,0.65501565,0.6776019,0.70034844,0.7421924,0.78820443,0.87325877,0.95831317,0.9177292,0.857132,0.8005821,0.75043654,0.7064695,0.68823475,0.67,-0.72,-0.78799635,-0.840047,-0.727116,-0.614185,-0.58935094,-0.5771721,-0.56499326,-0.5528144,-0.5445026,-0.53735304,-0.5302034,-0.545205,-0.56085527,-0.5889497,-0.63453656,-0.68905956,-0.77488714,-0.85930306,-0.7756152,-0.7077726,-0.7883504,-0.86892825,-0.90787774,-0.9401962,-0.90527683,-0.7639576,-0.66588736,-0.7479437,-0.83,-1.81,-1.789078,-1.7692038,-1.7601693,-1.7511348,-1.7031441,-1.6495571,-1.5959703,-1.5423833,-1.5272512,-1.5236765,-1.5201017,-1.52,-1.52,-1.5124202,-1.4941853,-1.4820063,-1.4910407,-1.4994338,-1.4314374,-1.3691363,-1.3601832,-1.3512301,-1.412725,-1.4854416,-1.4911642,-1.3908732,-1.3347137,-1.4623568,-1.59,0.97,0.692784,0.44039813,0.44491535,0.4494326,0.45638946,0.46369675,0.47100407,0.47831136,0.48824608,0.49897048,0.5096949,0.53280747,0.55628294,0.50936097,0.36348307,0.26905957,0.35488716,0.43873686,0.28705263,0.15690897,0.2285337,0.30015844,0.35181665,0.40029436,0.4441221,0.4805916,0.4958779,0.42293894,0.35,1.12,1.140922,1.1580094,1.1354232,1.112837,1.1589859,1.2150085,1.2710311,1.3270538,1.3482461,1.3589705,1.3696948,1.3661988,1.3622862,1.3296804,1.2567415,1.2030094,1.2165611,1.2296516,1.1878077,1.1547499,1.2039919,1.2532339,1.2809083,1.3051472,1.2970515,1.2377887,1.1785258,1.1192629,1.06,0.0,0.0,0.0,0.0,0.0,0.0,0.0,0.0,0.0,0.0,0.0,0.0,0.0,0.0,0.0,0.0,0.0,0.0,0.0,0.0,0.0,0.0,0.0,0.0,0.0,0.0,0.0,0.0,0.0,0.0
-101.0,-99.0,-99.12403,-107.674416,-82.12403,-71.84496,-87.18604,-94.0,-94.24806,-91.69768,-88.689926,4.248062,659.5814,-522.124,-168.84496,-98.30232,-75.24031,-61.47287,-53.604652,-45.937984,-18.209303,16.27907,71.89147,138.56589,148.27907,44.51938,-121.72093,-195.44186,-197.82945,-173.75194,-168.67442,-157.63567,-142.51938,92.023254,-77.15504,-179.31007,-205.88373,-190.13179,-178.87598,-155.18605,-142.65892,-126.093025,-123.0,-116.666664,-123.0,-120.0,-116.57365,-111.54263,-112.27907,-106.48062,-106.449615,-99.4186,-101.0,-108.53488,-88.46512,-73.031006,-85.94574,-94.23256,-91.0,-91.25581,-89.0,-31.44186,732.3876,-576.3953,-180.58914,-93.976746,-74.06977,-65.0,-52.837208,-37.65116,-18.403101,13.713179,68.023254,131.31783,137.49612,38.720932,-124.4186,-186.77519,-190.90698,-174.87598,-160.03876,-12.209302,18.511627,78.310074,135.93024,147.23256,45.333332,-136.86046,-203.10077,-206.24031,-196.02325,-171.0,-151.86821,-135.58139,-131.08527,-124.05426,-125.0,-125.0,-125.0,-121.39535,-114.34884,-114.30232,-108.0,-109.790695,-100.550385,-109.11628,-108.0,-98.093025,-79.976746,-82.968994,-97.47287,-94.558136,-87.52713,-84.74419,-45.90698,693.6279,-553.2093,-163.58139,-85.24806,-67.0,-58.0,-49.24031,-41.43411,-13.116279,7.992248,68.75969,134.11627,145.0,50.868217,-118.0,-0.049,-0.04387685,-0.038753696,-0.03663208,-0.037998736,-0.039365392,-0.04073205,-0.04174384,-0.038197044,-0.034650248,-0.03470516,-0.03789402,-0.03754095,-0.030299569,-0.027100313,-0.029808778,-0.03220393,-0.033271782,-0.03328213,-0.031025078,-0.029842772,-0.03804271,-0.046242643,-0.05286263,-0.05932184,-0.060667712,-0.055250783,-0.050708465,-0.049354233,-0.048,-0.027,-0.028182266,-0.029364532,-0.03,-0.03,-0.03,-0.03,-0.030028462,-0.030422552,-0.030816639,-0.03246156,-0.035194874,-0.034716595,-0.027992457,-0.023633229,-0.022730408,-0.021694105,-0.020092325,-0.019430721,-0.020784954,-0.021765897,-0.019488137,-0.017210377,-0.0195649,-0.022390805,-0.022639498,-0.019479623,-0.017,-0.017,-0.017,-0.41,-0.3784729,-0.34694582,-0.32051882,-0.300019,-0.27951914,-0.2590193,-0.23886152,-0.22309798,-0.20733443,-0.16102499,-0.088136666,-0.06810345,-0.15086207,-0.1669906,-0.08573668,-0.03529477,-0.11538376,-0.14989969,-0.0867022,-0.03889592,-0.1254508,-0.21200569,-0.21633586,-0.21229886,-0.21583073,-0.22937304,-0.22153606,-0.13576803,-0.05,1.4,1.5024631,1.6049261,1.6231288,1.5434072,1.4636855,1.383964,1.3108538,1.3226765,1.3344991,1.34,1.34,1.3839116,1.513222,1.59,1.59,1.5828625,1.5454875,1.5702507,1.7282445,1.8695318,1.8649763,1.8604207,1.808702,1.7521839,1.6869593,1.6102195,1.5431975,1.5115987,1.48,0.03,0.03,0.03,0.033160392,0.039993674,0.046826955,0.053660233,0.057438422,0.021970443,-0.013497537,-0.012948434,0.018940208,0.025948277,-0.015431034,-0.028996864,-0.0019122257,0.02101965,0.026358917,0.03430721,0.04784953,0.04642202,-0.08568808,-0.21779816,-0.16770956,-0.09908046,-0.07749216,-0.11811912,-0.13833855,-0.084169276,-0.03,-0.89,-0.97669953,-1.063399,-1.0857704,-1.0333818,-0.98099333,-0.9286049,-0.8856924,-0.96451014,-1.0433278,-1.08,-1.08,-1.0712177,-1.0453556,-1.0520062,-1.1061755,-1.1520393,-1.1627178,-1.1585141,-1.1224012,-1.0857861,-1.0447865,-1.0037868,-0.9853434,-0.9691954,-0.97943574,-1.0245768,-1.03279,-0.90639496,-0.78,-1.84,-1.8833498,-1.9266995,-1.9552673,-1.9666561,-1.9780449,-1.9894338,-1.9925998,-1.8901368,-1.7876738,-1.7253844,-1.6980512,-1.68,-1.68,-1.7148433,-1.8006113,-1.8587838,-1.8000519,-1.7571285,-1.7481003,-1.7418728,-1.7600949,-1.778317,-1.7909924,-1.8031034,-1.8255486,-1.8616614,-1.8725078,-1.7912539,-1.71,0.56,0.4733005,0.38660097,0.32630497,0.29669407,0.2670832,0.23747233,0.22110017,0.37479475,0.52848935,0.51961404,0.36928186,0.26824352,0.26307112,0.26183385,0.26634797,0.2679607,0.25728217,0.24856426,0.24405016,0.24327745,0.2751661,0.30705473,0.34664142,0.3870115,0.3886207,0.3389655,0.29222572,0.25611284,0.22,0.95,1.0051724,1.0603448,1.0847327,1.0733439,1.0619551,1.0505663,1.0417078,1.065353,1.0889983,1.0926921,1.0790256,1.09986,1.187791,1.2344984,1.2209561,1.2140787,1.2354357,1.25,1.25,1.2471907,1.2198577,1.1925246,1.2119849,1.2362069,1.236395,1.2047962,1.1761129,1.1580564,1.14,0.0,0.0,0.0,0.0,0.0,0.0,0.0,0.0,0.0,0.0,0.0,0.0,0.0,0.0,0.0,0.0,0.0,0.0,0.0,0.0,0.0,0.0,0.0,0.0,0.0,0.0,0.0,0.0,0.0,0.0
-106.0,-103.07752,-102.93799,-99.093025,-103.496124,-102.45737,-81.72093,-70.976746,-96.0,-89.27907,-94.0,-87.34109,-80.51163,293.82947,108.18604,-230.06976,-109.852715,-85.46512,-74.209305,-62.937984,-49.379845,-31.697674,-8.589148,34.705425,100.30232,141.93799,111.310074,-33.279068,-163.55038,-191.34883,-180.67442,-168.5969,-154.51938,-5.4651165,44.96124,107.023254,148.90698,122.08527,-40.418606,-172.30232,-212.0,-201.8217,-186.48837,-167.66667,-147.63567,-130.0,-128.57364,-123.0,-125.0,-125.0,-125.0,-118.4186,-113.0,-111.35659,-106.325584,-111.0,-102.47287,-106.23256,-108.0,-83.023254,-72.48837,-95.51163,-94.07752,-89.11628,-87.0,-76.96124,170.0,316.062,-293.90698,-127.46512,-91.69768,-68.790695,-61.534885,-45.0,-34.23256,-8.186047,34.387596,95.84496,145.0,130.031,-22.937984,-127.441864,-123.64341,-120.86822,-109.51163,-104.58915,-108.333336,-103.558136,-103.0,-96.65891,-107.209305,-82.83721,-75.72093,-82.53488,-91.88372,-97.310074,-93.558136,-83.00775,-29.16279,637.907,-532.7907,-162.37209,-74.860466,-57.162792,-50.0,-42.488373,-27.782946,-4.387597,26.11628,98.558136,155.46512,160.39536,32.604652,-145.58914,-199.53488,-201.08527,-191.6124,-171.93024,-147.8527,-133.24031,-113.4186,-120.620155,-118.54263,-120.0,-120.0,-118.12403,-111.325584,-108.0,-111.031006,-106.0,-0.069,-0.06993072,-0.07086144,-0.06749953,-0.06338677,-0.06335567,-0.065401,-0.064461246,-0.05282727,-0.042,-0.042,-0.042,-0.041508712,-0.040813792,-0.038047023,-0.03528025,-0.0391442,-0.043755487,-0.045602188,-0.04642697,-0.04587398,-0.042184953,-0.038889103,-0.03807752,-0.03726593,-0.033041563,-0.02715394,-0.023246344,-0.021623172,-0.02,-0.035,-0.035,-0.035,-0.033444237,-0.03161634,-0.02693298,-0.020796997,-0.009500791,0.020282188,0.0486395,0.05786207,0.06708464,0.06701743,0.06593793,0.06501567,0.06409342,0.06648652,0.06925329,0.06969891,0.06928652,0.069140755,0.06960188,0.07,0.07,0.07,0.07,0.07,0.06981158,0.069405794,0.069,-0.31,-0.3146536,-0.31930718,-0.3083318,-0.29462254,-0.3198248,-0.36482203,-0.4,-0.4,-0.39328527,-0.2964483,-0.19961129,-0.1605228,-0.13155173,-0.15460815,-0.17766458,-0.1551348,-0.12746708,-0.038704794,0.07264087,0.15703762,0.18009405,0.1905738,0.12158897,0.05260414,0.060449507,0.105738916,0.13,0.13,0.13,1.96,2.0577254,2.1554508,2.1349952,2.0938678,1.9661235,1.7943159,1.5889149,1.2631636,0.9452915,0.7331724,0.5210533,0.5196515,0.53627586,0.48094043,0.42560503,0.4117116,0.40248904,0.4090328,0.42140454,0.44407523,0.4901881,0.5266731,0.50232553,0.47797793,0.45477524,0.43213055,0.39362207,0.33681104,0.28,-0.12,-0.0036602342,0.11267953,0.13777882,0.1469183,0.13102058,0.10238598,0.10335653,0.21038912,0.32087147,0.47765517,0.6344389,0.6794772,0.71093106,0.7247649,0.73859876,0.760721,0.7837774,0.7990328,0.8114045,0.82844514,0.85611284,0.8772276,0.85693794,0.8366483,0.826955,0.8224261,0.8049269,0.77246344,0.74,-0.89,-0.8481177,-0.8062354,-0.84278345,-0.8930506,-0.8774639,-0.828376,-0.794062,-0.81267637,-0.8229655,-0.72151726,-0.62006897,-0.72299594,-0.8365862,-0.7858621,-0.73513794,-0.750721,-0.7737774,-0.7649453,-0.74432576,-0.71592474,-0.6698119,-0.6327724,-0.65306205,-0.6733517,-0.68,-0.68,-0.6630428,-0.6265214,-0.59,-1.91,-1.8820784,-1.854157,-1.8655577,-1.8838366,-1.8574638,-1.808376,-1.7771086,-1.8096837,-1.8431975,-1.8893104,-1.9354233,-1.90561,-1.8727931,-1.9142947,-1.9557962,-1.9890094,-2.0212884,-1.9758031,-1.9015727,-1.8443699,-1.8259248,-1.808891,-1.8007752,-1.7926593,-1.7534606,-1.6991132,-1.643622,-1.5868111,-1.53,0.7,0.6627713,0.6255425,0.5655483,0.5015719,0.4854227,0.493604,0.5639766,0.8571528,1.1315987,1.1546552,1.1777116,0.9883982,0.79527587,0.8736677,0.95205957,0.897837,0.8286677,0.78892344,0.7600561,0.70481193,0.58952975,0.49831724,0.5591862,0.6200552,0.59128076,0.5188177,0.48565242,0.49782622,0.51,1.22,1.3177254,1.4154508,1.3949953,1.3538677,1.2884845,1.2107619,1.176403,1.2973964,1.4055235,1.3409655,1.2764075,1.2503486,1.2334138,1.284138,1.3348621,1.2944138,1.2436897,1.2390327,1.2514045,1.2501473,1.2178683,1.1944358,1.2268993,1.2593628,1.2791349,1.2927216,1.3150731,1.3475366,1.38,0.0,0.0,0.0,0.0,0.0,0.0,0.0,0.0,0.0,0.0,0.0,0.0,0.0,0.0,0.0,0.0,0.0,0.0,0.0,0.0,0.0,0.0,0.0,0.0,0.0,0.0,0.0,0.0,0.0,0.0
-125.0,-125.0,-122.906975,-115.860466,-115.81396,-108.0,-108.27907,-102.565895,-110.62791,-108.0,-104.139534,-81.48837,-76.4186,-99.99225,-95.565895,-88.53488,-86.25581,-63.03876,599.907,-426.23254,-135.36433,-74.16279,-67.0,-58.0,-54.279068,-43.44961,-19.16279,1.4418604,58.68217,124.54263,145.0,79.08527,-92.30232,-117.95349,-113.674416,-121.48837,-111.88372,-112.58915,-103.0,-100.209305,-100.51938,-108.62791,-102.74419,-74.0,-72.63566,-93.27907,-83.434105,-99.54263,-84.30232,-78.68217,215.62791,167.44186,-260.7907,-108.976746,-74.441864,-62.0,-50.0,-38.34884,-19.705427,3.488372,53.32558,123.968994,160.92249,132.62791,-47.503876,-186.09302,-205.0,-198.0,-180.72868,-160.37209,-146.4031,-122.29457,-123.23256,-120.39535,-118.29457,-120.0,-120.0,-118.0,-108.0,-111.449615,-108.0,171.76744,146.94574,-7.9224806,-163.67442,-205.72868,-197.0,-195.0,-172.1783,-147.48062,-130.25581,-122.94574,-123.736435,-123.88372,-118.0,-118.0,-121.46512,-109.48837,-113.5969,-107.06977,-103.0,-104.69768,-96.906975,-98.0155,-101.0,-111.139534,-86.496124,-75.70543,-87.37209,-93.48062,-100.41085,-87.0,-91.0,-63.953487,684.1395,-534.42633,-165.13179,-84.5814,-72.0,-62.0,-58.55814,-48.620155,-29.75969,5.976744,64.9845,131.13179,140.65117,49.333332,-115.42635,-181.0,-0.003,-0.0062703,-0.009155173,-0.01009387,-0.011129073,-0.014849415,-0.018569756,-0.012479624,-0.0051065832,-0.00030374175,0.00347102,-0.00075485895,-0.0062846397,-0.010208349,-0.013409801,-0.013669241,-0.013263724,-0.011066457,-0.0055366773,-0.003004429,-0.014165454,-0.024734665,-0.015663885,-0.007134451,-0.0015539386,0.003984755,0.0007833031,-0.0023678162,-0.005183908,-0.008,-0.005,-0.005,-0.004612069,-0.0022653257,6.4536536e-05,0.0019247073,0.0037848782,0.0060376176,0.008341692,0.010925898,0.013622157,0.016773667,0.019999374,0.019895826,0.0182951,0.016015448,0.013582345,0.012966772,0.01573166,0.028690288,0.08821575,0.1456098,0.13227041,0.119701676,0.11133091,0.1029441,0.09120545,0.080570884,0.07728544,0.074,-0.65,-0.6881535,-0.7223276,-0.73640805,-0.7467732,-0.6537646,-0.5607561,-0.64780563,-0.7584013,-0.751482,-0.69755685,-0.6979248,-0.70714104,-0.7394447,-0.78213066,-0.79,-0.79,-0.7690533,-0.70914733,-0.6073837,-0.31440684,-0.03031216,-0.040983666,-0.04927871,-0.04462828,-0.039923776,-0.023916515,-0.01,-0.01,-0.01,1.67,1.637297,1.6084483,1.5990613,1.5887092,1.5515058,1.5143025,1.4081191,1.2929153,1.2291856,1.1860455,1.1918871,1.2057116,1.2136806,1.2190163,1.2067697,1.190549,1.1654984,1.1240251,1.048241,0.8157197,0.58266425,0.33188385,0.15606454,0.3885859,0.61944103,0.50205445,0.39632183,0.36816093,0.34,0.51,0.37373748,0.26232758,0.27640805,0.29112938,0.32368237,0.35623536,0.26219437,0.15159875,0.14311078,0.17546588,0.26321003,0.35998118,0.34951362,0.29082033,0.2502317,0.21373518,0.20933542,0.26463324,0.3375609,0.491025,0.643902,0.7772958,0.8979342,0.9490889,0.99982214,0.96247184,0.9410345,1.0255172,1.11,-0.37,-0.30459398,-0.26784483,-0.375795,-0.48064536,-0.49924707,-0.5178488,-0.41811913,-0.30291536,-0.32392517,-0.3994204,-0.4377367,-0.46999374,-0.42847186,-0.35377133,-0.35323036,-0.36945105,-0.38,-0.38,-0.37665927,-0.3580576,-0.34202904,-0.41139382,-0.46495098,-0.43239796,-0.40020326,-0.4428893,-0.4824521,-0.50122607,-0.52,-1.87,-1.859099,-1.8554311,-1.8882854,-1.9182253,-1.8670706,-1.8159158,-1.8018495,-1.7926332,-1.7360748,-1.6605796,-1.6460376,-1.6414294,-1.6731253,-1.7211471,-1.7630758,-1.8036276,-1.83,-1.83,-1.815802,-1.7367446,-1.6589074,-1.6215571,-1.5921639,-1.6061151,-1.6204828,-1.7218621,-1.8191954,-1.8895977,-1.96,-0.04,0.014505005,0.07784483,0.18579502,0.290484,0.3044353,0.31838658,0.39742947,0.48498434,0.43681586,0.33435804,0.25660187,0.18287148,0.1784029,0.20508167,0.27615172,0.35725516,0.40516615,0.3913417,0.37749445,0.36354318,0.34656623,0.22917968,0.12567225,0.09776969,0.07045735,0.16650091,0.25,0.25,0.25,0.89,0.84639597,0.83172417,0.96314174,1.0908067,1.1140589,1.137311,1.1196238,1.0965831,1.1208143,1.1639545,1.0550909,0.92145455,0.97201455,1.1054083,1.1366152,1.1447256,1.1064953,0.9820752,0.90839607,1.0665106,1.218127,1.154098,1.0978361,1.0838848,1.0703049,1.134334,1.1777395,1.0838697,0.99,0.0,0.0,0.0,0.0,0.0,0.0,0.0,0.0,0.0,0.0,0.0,0.0,0.0,0.0,0.0,0.0,0.0,0.0,0.0,0.0,0.0,0.0,0.0,0.0,0.0,0.0,0.0,0.0,0.0,0.0
-82.0,-63.930233,646.47284,-544.8837,-144.23256,-60.248062,-51.11628,-50.0,-44.503876,-30.302326,-7.9147286,18.55814,86.46512,149.41861,162.91473,64.34884,-122.41085,-198.52713,-203.60464,-195.64342,-174.44962,-150.37209,-137.27132,-114.93023,-123.139534,-121.06201,-120.0,-120.0,-119.13178,-114.852715,-108.0,-112.03876,-107.00775,171.44186,101.11628,-78.75969,-195.48837,-200.13179,-193.8217,-187.74419,-164.03876,-145.0,-121.04651,-122.0,-116.63566,-121.51163,-116.57365,-116.54263,-119.27907,-106.48062,-113.674416,-110.37209,-103.0,-101.89147,-104.860466,-98.558136,-102.736435,-106.81396,-82.20155,-74.0,-95.51163,-89.10853,-94.27132,-88.95349,-89.0155,105.92248,434.6744,-351.08527,-144.93024,-94.325584,-72.976746,-66.496124,-57.418606,-40.341084,-14.232558,24.255814,102.387596,149.969,112.34884,-30.16279,-150.76744,-195.55814,-192.18605,-178.13179,-163.88373,-138.41086,-123.666664,-121.95349,-112.82171,-124.24031,-125.0,-109.23256,-118.0,-104.325584,-116.91473,-104.4186,-104.5814,-89.0,-97.63566,-93.65116,-80.65116,-88.736435,-100.976746,-104.64341,-77.77519,-72.74419,-93.503876,-102.31783,-99.0,-91.82946,-84.06201,629.3721,-410.938,-160.73643,-81.790695,-74.60465,-61.410854,-55.55814,-50.0,-32.08527,-3.3953488,45.64341,120.39535,156.53488,115.48062,-74.65891,-185.86046,-197.53488,-186.0,-176.0,-0.014,-0.010772101,-0.0075442004,-0.0080203,-0.009247498,-0.01107022,-0.013836991,-0.016474385,-0.018648276,-0.020822167,-0.02092401,-0.01857567,-0.017,-0.017,-0.017212275,-0.017677633,-0.01775062,-0.016939035,-0.016127449,-0.016385213,-0.016842186,-0.01669535,-0.01622999,-0.02086098,-0.030471869,-0.026636824,-0.015002848,-0.0088051455,-0.008402573,-0.008,0.099,0.10268903,0.106378056,0.1059797,0.1047525,0.10667555,0.113592476,0.1178931,0.11282069,0.10774828,0.104354404,0.1029454,0.10235136,0.10341924,0.10293863,0.10061183,0.099748135,0.102182895,0.104617655,0.10615564,0.10752656,0.105867445,0.10260993,0.10370054,0.109039925,0.11011642,0.10872034,0.10858457,0.109792285,0.111,-0.05,-0.0131097175,0.023780564,0.043604005,0.05996663,0.08248589,0.11476489,0.1360468,0.11793104,0.09981527,0.13949554,0.24751915,0.31297278,0.29161525,0.27787724,0.27322367,0.2675062,0.25939035,0.2512745,0.27311277,0.3005312,0.34351155,0.39470103,0.43620327,0.46823958,0.41225877,0.3052262,0.2577942,0.2738971,0.29,0.03,0.05766771,0.085335426,0.110406004,0.13494994,0.1517837,0.15639499,0.17265025,0.23062068,0.28859115,0.31784803,0.31315133,0.26080945,0.11130671,0.027877254,0.023223663,0.018753104,0.014695172,0.010637241,-0.055486176,-0.1331718,-0.15086049,-0.13689971,-0.12729946,-0.12196007,-0.07287567,0.0015817779,0.06922824,0.12961411,0.19,0.94,0.84777427,0.7555486,0.763807,0.7924416,0.7939467,0.75244516,0.7215813,0.7288276,0.7360739,0.75291187,0.7810919,0.8140544,0.8567695,0.8927365,0.920658,0.92628413,0.8816469,0.83700967,0.76451385,0.6868282,0.6325815,0.59069914,0.6159093,0.70667875,0.74294525,0.7475989,0.75974274,0.77987134,0.8,-0.2,-0.19077744,-0.18155485,-0.22761402,-0.2848832,-0.3164326,-0.30721003,-0.29841873,-0.29117242,-0.2839261,-0.30151978,-0.3484866,-0.39054084,-0.42257714,-0.42301804,-0.3857893,-0.36997518,-0.4024386,-0.43490207,-0.40918297,-0.37262505,-0.36,-0.36,-0.330294,-0.2715608,-0.3324676,-0.4627681,-0.5183087,-0.49415436,-0.47,-1.31,-1.2592759,-1.2085518,-1.220406,-1.2449499,-1.2831881,-1.3431348,-1.3915813,-1.3988276,-1.4060739,-1.4293678,-1.471638,-1.4859456,-1.4432305,-1.3924043,-1.3319076,-1.2850124,-1.2687807,-1.2525489,-1.2461479,-1.2415781,-1.2856976,-1.3555014,-1.384599,-1.3739202,-1.3788358,-1.3927966,-1.3902572,-1.3701286,-1.35,0.19,0.08855172,-0.012896552,-0.009593993,0.014949945,0.05318809,0.113134794,0.1718596,0.2262069,0.28055418,0.2884802,0.24151342,0.16607985,0.03259528,-0.031509016,-0.012894654,0.011222069,0.047743447,0.08426483,0.093852125,0.09842187,0.16093008,0.2540019,0.36481306,0.49295825,0.4104081,0.2056501,0.14481664,0.23740833,0.33,1.23,1.2253888,1.2207774,1.199594,1.17505,1.1617837,1.166395,1.1707907,1.1744138,1.1780369,1.1692401,1.1457567,1.1475681,1.2009618,1.2512275,1.2977633,1.3362345,1.3565241,1.3768138,1.3877043,1.3968438,1.3512559,1.2767985,1.2048929,1.135481,1.207194,1.3607624,1.4380515,1.4340258,1.43,0.0,0.0,0.0,0.0,0.0,0.0,0.0,0.0,0.0,0.0,0.0,0.0,0.0,0.0,0.0,0.0,0.0,0.0,0.0,0.0,0.0,0.0,0.0,0.0,0.0,0.0,0.0,0.0,0.0,0.0
-111.0,-111.07752,-106.06201,-103.0,-103.18604,-94.387596,-100.53488,-101.0,-108.620155,-90.023254,-78.22481,-84.852715,-97.51163,-99.4031,-87.0,-91.0,-76.04651,550.1085,-352.02325,-142.96124,-78.031006,-72.0,-62.0,-60.573643,-51.139534,-33.286823,0.43410853,51.88372,124.07752,147.70543,71.0,-96.78294,-174.95349,-200.44186,-187.89148,-168.28682,-152.30232,-130.9845,-123.82171,-117.5814,-118.48062,-121.093025,-119.139534,-112.333336,-111.17829,-107.39535,-113.00775,-107.45737,-95.790695,-92.79845,-104.87597,-83.46512,-89.25581,-84.53488,-114.37209,-88.76744,-77.0,-76.4186,-96.0,-99.34109,-89.69768,-94.0,21.813953,623.51166,-461.71317,-177.32558,-105.48837,-73.72868,-59.89147,-52.7907,-44.4031,-20.093023,13.976745,75.558136,141.76744,155.04651,46.054264,-153.97675,-177.46512,-195.30232,-189.03876,-90.48837,-82.64341,-77.57365,129.44186,385.17828,-358.0,-135.39536,-87.9845,-72.75969,-51.279068,-57.87597,-60.294575,-32.697674,41.20155,127.093025,142.0,116.860466,-31.658915,-171.74419,-229.75194,-211.34108,-203.02325,-181.22481,-143.8372,-125.0,-126.34109,-119.58915,-114.906975,-133.44962,-129.1783,-109.860466,-106.0,-117.736435,-108.325584,-109.263565,-114.99225,-107.860466,-111.0,-119.689926,-97.674416,-99.75969,-69.674416,-84.46512,-87.310074,-94.0,-89.46512,-65.27907,739.42633,-601.0,-0.056,-0.051745076,-0.047490146,-0.048247498,-0.05170634,-0.056033015,-0.077663735,-0.09929445,-0.11797752,-0.106489226,-0.09500092,-0.10146422,-0.11427475,-0.10267524,-0.08447962,-0.06871718,-0.055601075,-0.043323316,-0.034579247,-0.025835179,-0.015421456,-0.0048314175,0.004986207,0.012611034,0.020235863,0.017752664,0.009521317,0.005272134,0.009136067,0.013,0.07,0.028727217,-0.012545566,-0.043481648,-0.068846494,-0.09275789,-0.087688185,-0.08261849,-0.07682604,-0.063635774,-0.050445504,-0.045864295,-0.04432703,-0.01125768,0.030332288,0.07001076,0.10761025,0.13582031,0.12445302,0.11308573,0.11405254,0.11632184,0.11770207,0.11655834,0.11541462,0.120247334,0.12847868,0.13527213,0.13913606,0.143,0.38,0.0864101,-0.2071798,-0.35494995,-0.4241268,-0.4922597,-0.5395769,-0.5868941,-0.64552647,-0.8199785,-0.9944304,-1.0437857,-1.0489099,-0.9340376,-0.7867398,-0.66811454,-0.5806738,-0.5032933,-0.468317,-0.43334073,-0.4607882,-0.4948276,-0.5180138,-0.510389,-0.50276417,-0.47790596,-0.44324765,-0.3775955,-0.24879776,-0.12,0.64,1.0314533,1.4229064,1.3502336,1.0274082,0.7308144,0.95726097,1.1837075,1.3937869,1.4363362,1.4788854,1.4862143,1.4810901,1.3162884,1.1083386,0.97905725,0.93533695,0.8580829,0.6394812,0.42087948,0.41026273,0.4216092,0.4319862,0.43961105,0.44723585,0.46380877,0.4854702,0.45476857,0.31738427,0.18,0.89,0.7495874,0.60917485,0.50506115,0.4205117,0.34532648,0.45685986,0.56839323,0.6726509,0.7024354,0.7322198,0.63021505,0.4816129,0.589837,0.7674608,0.7971718,0.66601074,0.56083834,0.5652104,0.5695824,0.54605365,0.5195785,0.5208552,0.60091585,0.68097657,0.72657055,0.75256425,0.7134607,0.54173034,0.37,-0.64,-0.6740394,-0.7080788,-0.6001335,-0.41566184,-0.23741746,-0.18334067,-0.12926388,-0.09514778,-0.26534483,-0.43554187,-0.40428624,-0.301802,-0.20496552,-0.10965517,-0.114451125,-0.22812401,-0.351857,-0.5179943,-0.6841316,-0.5939518,-0.47670498,-0.3592138,-0.24102896,-0.12284414,-0.066191226,-0.04452978,0.0124044735,0.14120224,0.27,-1.63,-1.8172168,-2.0044334,-2.0824862,-2.101702,-2.1145122,-1.999599,-1.8846858,-1.8076447,-2.1182544,-2.428864,-2.3850722,-2.2159734,-2.2072852,-2.2419436,-2.1699462,-1.9819487,-1.8207783,-1.7726859,-1.7245935,-1.7439463,-1.7704215,-1.7383586,-1.5401131,-1.3418676,-1.2396207,-1.1919655,-1.0539888,-0.7319944,-0.41,0.42,0.5476478,0.6752956,0.7799333,0.8721691,0.95919293,0.94229394,0.92539495,0.9118935,0.9331681,0.95444274,0.8918576,0.7996218,0.86526644,0.9735737,0.98602027,0.89420754,0.82838345,0.87210375,0.9158241,0.70448273,0.4662069,0.30688277,0.3716938,0.43650484,0.3716238,0.2329906,0.14,0.14,0.14,1.12,0.97107756,0.8221552,0.7050723,0.60515016,0.5120983,0.5560357,0.5999731,0.63621306,0.5936638,0.55111456,0.479429,0.3974416,0.31178683,0.22514106,0.3726732,0.7749004,1.1092218,1.1573142,1.2054065,1.2544718,1.3036399,1.3260965,1.2727227,1.2193489,1.1281943,1.0155549,0.94989437,0.9799472,1.01,0.0,0.0,0.0,0.0,0.0,0.0,0.0,0.0,0.0,0.0,0.0,0.0,0.0,0.0,0.0,0.0,0.0,0.0,0.0,0.0,0.0,0.0,0.0,0.0,0.0,0.0,0.0,0.0,0.0,0.0
-89.0,-94.10853,-98.689926,-79.139534,-90.75194,-94.93023,-111.69768,-78.78294,-73.75194,-89.976746,-101.310074,-99.0,-88.30232,-87.58915,449.48837,-139.34883,-164.26357,-87.83721,-80.65116,-64.93799,-57.069767,-50.0,-35.612404,-8.434109,36.069767,108.30232,154.0155,131.60464,-39.387596,-184.34883,-189.97675,-186.0,-181.03876,-87.976746,-77.94574,-72.48837,546.23254,-343.42636,-157.75194,-75.95349,-68.4186,-74.0,-42.302326,-59.333332,-44.35659,1.9069767,71.387596,136.45737,142.0,52.658916,-78.23256,-213.97675,-229.58139,-209.46512,-189.62791,-161.79845,-142.39536,-144.44186,-102.51163,-127.57365,-112.860466,-128.37985,-102.04651,-122.83721,-119.89147,-116.0,-101.04651,-115.8062,-119.78294,-103.558136,-113.42635,-115.1938,-87.46512,-86.10078,-87.29457,-89.325584,-88.24806,-94.968994,-74.0,162.1783,347.86823,-117.48837,-125.0,-116.0,-107.37209,-116.41085,-105.0,-104.860466,-100.45737,-100.34109,-103.76744,-94.89147,-83.147285,-70.88372,-86.71318,-90.05426,-94.0,-94.0,-74.0,119.0,379.84497,-371.34885,-141.13954,-93.83721,-74.0,-62.395348,-49.782948,-34.023254,-14.930233,20.108526,86.93023,145.04651,133.95349,3.379845,-152.62791,-210.91473,-202.39536,-189.30232,-177.70543,-157.62015,-140.97675,-128.24806,-131.56589,-130.0,-125.0,-131.87598,-128.0,-120.15504,-119.968994,-118.0,0.065,0.053346395,0.04169279,0.033738915,0.026413793,0.020703135,0.017440125,0.01581547,0.019049084,0.021493882,0.015704673,0.009915462,0.01361442,0.022005016,0.017334817,0.00079421577,-0.01774044,-0.0531674,-0.088594355,-0.08686646,-0.08360345,-0.08974082,-0.09801112,-0.106173046,-0.1141702,-0.11923505,-0.11641253,-0.11467712,-0.11933856,-0.124,0.189,0.20811191,0.22722383,0.24391352,0.26019156,0.25554922,0.21918997,0.19106804,0.18737248,0.18280701,0.169161,0.15551502,0.1460094,0.1385511,0.13998248,0.14949332,0.15179874,0.09306458,0.03433041,0.0029028214,-0.027396552,-0.04142603,-0.051763903,-0.053520404,-0.042230308,-0.032342613,-0.026227143,-0.02181254,-0.02740627,-0.033,0.31,0.32864577,0.34729153,0.27695403,0.19149426,0.14,0.14,0.13068034,0.09372476,0.06542269,0.12744994,0.18947719,0.19128527,0.16331661,0.12183815,0.0680812,0.032304075,0.14884013,0.26537618,0.055128526,-0.16862069,-0.12573971,-0.022360956,0.054931983,0.09256564,0.04478013,-0.23276812,-0.47135425,-0.48067713,-0.49,0.17,0.14203134,0.1140627,0.08565134,0.05716475,0.075200625,0.16376802,0.21485555,0.15480274,0.11012236,0.22590657,0.34169078,0.37688088,0.37221944,0.2638515,0.061229143,-0.078658305,0.3129028,0.70446396,1.0199248,1.3322414,1.5012236,1.6376835,1.664005,1.5228789,1.4391237,1.5096868,1.5537492,1.4418746,1.33,0.02,0.08526019,0.15052037,0.1426081,0.12226053,0.13223198,0.18816929,0.2136906,0.14901833,0.09433816,0.14395995,0.19358176,0.20064263,0.18665831,0.20816185,0.2619188,0.3459279,0.6862132,1.0264984,0.9101818,0.775,0.7365184,0.71997774,0.7267985,0.76913637,0.8012749,0.80597913,0.8093229,0.80466145,0.8,0.89,0.9366144,0.98322886,0.92738914,0.85413796,0.8303793,0.88165516,0.9304846,0.97205967,1.0034927,0.92906004,0.8546274,0.83623827,0.84556115,0.7980089,0.6987653,0.61590594,0.67184323,0.7277806,0.7434295,0.7574138,0.702703,0.63240546,0.5097406,0.30745965,0.11027839,-0.0731857,-0.22255172,-0.17127587,-0.12,0.41,0.4985674,0.5871348,0.526954,0.44149426,0.38629466,0.37697178,0.39562908,0.4972569,0.5849388,0.52704674,0.46915463,0.40633228,0.3410721,0.21901557,0.045339268,-0.10655486,-0.073924765,-0.04129467,-0.2056301,-0.37810344,-0.33585095,-0.24487764,-0.24599494,-0.38712117,-0.593268,-0.9743088,-1.3020314,-1.3160157,-1.33,-0.08,-0.06135423,-0.042708464,-0.12000274,-0.21360153,-0.21997805,-0.094119124,-0.023299161,-0.1156881,-0.21301445,-0.36187986,-0.5107453,-0.53816617,-0.5055361,-0.43151,-0.31986097,-0.22246082,-0.24576803,-0.26907524,0.0030658308,0.2874138,0.4006674,0.4751001,0.56106293,0.66455555,0.71450174,0.6204176,0.54541695,0.5827085,0.62,1.76,1.7227085,1.6854169,1.7043487,1.7328353,1.6833041,1.5154922,1.4051445,1.4651973,1.5214461,1.5379866,1.5545273,1.5256896,1.4744138,1.4305034,1.393287,1.3196427,0.9374044,0.5551661,0.28036365,0.01,-0.10740823,-0.19011123,-0.13734262,0.1213888,0.2908763,0.22031319,0.15052037,0.08526019,0.02,0.0,0.0,0.0,0.0,0.0,0.0,0.0,0.0,0.0,0.0,0.0,0.0,0.0,0.0,0.0,0.0,0.0,0.0,0.0,0.0,0.0,0.0,0.0,0.0,0.0,0.0,0.0,0.0,0.0,0.0
135.0,-14.527132,-146.55038,-227.23256,-216.37985,-209.06976,-185.25581,-142.32558,-125.0,-140.95349,-114.550385,-120.95349,-130.93024,-131.1938,-98.77519,-106.0,-121.263565,-113.36434,-105.23256,-112.47287,-112.89922,-111.0,-118.68217,-103.72093,-94.72093,-68.16279,-86.9845,-89.325584,-94.0,-94.503876,-69.81396,590.78296,-384.33334,-117.023254,-122.36434,-118.17054,-102.906975,-110.13178,-105.94574,-95.976746,-106.10078,-96.0,-108.0,-89.0,-79.95349,-82.46512,-87.565895,-90.45737,-91.76744,-88.68217,-77.87597,541.0465,-365.90698,-153.93799,-78.34884,-68.53488,-61.844963,-62.34884,-43.503876,-31.170542,-2.6976745,48.697674,118.99225,147.0,99.24031,-74.39535,-190.39536,-204.8062,-202.56589,-187.86046,-165.57364,-151.49612,-134.41861,-125.39535,-131.70543,-129.18605,-128.35658,-129.6124,-127.37209,-118.0,-118.0,-103.76744,-106.0,-102.42635,-99.0,-99.63566,-102.333336,-111.0,-97.17829,-92.10078,-72.0,-90.69768,-88.147285,-85.674416,-90.08527,-82.0,185.76744,311.5814,-329.31784,-133.2093,-87.99225,-72.86822,-63.744186,-53.806202,-40.713177,-23.976744,10.294574,79.10853,137.44186,133.27132,1.3798449,-153.95349,-204.47287,-200.74419,-188.46512,-172.08527,-155.41086,-140.37209,-130.34108,-120.46512,-116.27907,-120.37209,-118.0,-116.0,-113.0,-111.12403,-106.093025,-103.0,-101.0,-99.0,0.002,0.008956091,0.01591218,0.021513348,0.017614571,0.013715795,0.0073665734,-0.0009086673,-0.0053798575,0.00075916806,0.0068981936,0.008487208,0.007707453,0.006605517,0.0023511725,-0.0019031725,0.00068056426,0.009910031,0.015815532,0.010705915,0.005596299,0.0009780565,-0.003416928,-0.00470015,-0.0015472263,0.00067147333,0.0019899686,0.0033141763,0.0046570883,0.006,0.104,0.10886926,0.11373853,0.118340656,0.1210698,0.123798944,0.122805215,0.11888537,0.11691133,0.12036453,0.123817734,0.12782036,0.13210902,0.13621517,0.13853572,0.14085628,0.157379,0.18770438,0.20662658,0.18776031,0.16889402,0.15846708,0.1518746,0.14518365,0.13835232,0.13544765,0.13632664,0.13731417,0.1386571,0.14,-0.52,-0.5826048,-0.6452096,-0.6927002,-0.6342186,-0.57573694,-0.5231749,-0.47526562,-0.43291187,-0.40605363,-0.3791954,-0.42640713,-0.5121802,-0.587131,-0.5561904,-0.52524966,-0.45205015,-0.33778057,-0.24908887,-0.24515839,-0.24122792,-0.27021945,-0.3141693,-0.30750376,-0.22868066,-0.21909718,-0.27623197,-0.30952746,-0.26476374,-0.22,0.49,0.49,0.49,0.4637208,0.25318688,0.042652946,0.023159366,0.15382107,0.24291188,0.21605363,0.18919541,0.18,0.18,0.17964138,0.1757738,0.1719062,0.1254232,0.03752351,-0.017244183,0.03778245,0.09280908,0.07675862,0.028413793,0.051994003,0.17811094,0.2355235,0.22673354,0.23675607,0.30837804,0.38,0.7,0.6756537,0.65130734,0.63,0.63,0.63,0.6153681,0.5892358,0.5618993,0.53120416,0.500509,0.49512792,0.50292546,0.51,0.51,0.51,0.5211442,0.54311913,0.5490664,0.50190073,0.45473507,0.48532915,0.5512539,0.564003,0.50094455,0.4386646,0.3771348,0.33418903,0.3520945,0.37,0.42,0.40608782,0.39217564,0.3809733,0.38877085,0.39656842,0.37073624,0.31847158,0.27594966,0.2606021,0.24525452,0.23230812,0.2206118,0.21430345,0.26071447,0.3071255,0.33,0.33,0.33455566,0.35420802,0.3738604,0.37093416,0.35774922,0.3889955,0.4835832,0.49642634,0.43050158,0.37162197,0.335811,0.3,-0.5,-0.49652195,-0.4930439,-0.4870801,-0.46368742,-0.44029477,-0.44463187,-0.47076422,-0.49,-0.49,-0.49,-0.47461623,-0.45122358,-0.42964137,-0.4257738,-0.4219062,-0.3977116,-0.35376176,-0.32820016,-0.36357445,-0.3989487,-0.44928527,-0.5064201,-0.5421664,-0.5474213,-0.49852037,-0.39743572,-0.29381865,-0.18190932,-0.07,-0.2,-0.22782436,-0.25564873,-0.28778642,-0.35016686,-0.41254726,-0.42780676,-0.40602982,-0.40721402,-0.47244117,-0.5376683,-0.5471802,-0.5276863,-0.50533795,-0.45505932,-0.4047807,-0.40005955,-0.43961442,-0.4882226,-0.56683207,-0.64544153,-0.5944514,-0.4845768,-0.41566718,-0.40515742,-0.39104703,-0.3734671,-0.36628354,-0.39314178,-0.42,1.42,1.3330488,1.2460977,1.1772997,1.2357814,1.2942631,1.3321933,1.3539702,1.3629118,1.3360536,1.3091954,1.2692325,1.2224472,1.1860965,1.2518455,1.3175945,1.3611442,1.3831191,1.3890665,1.3419007,1.2947351,1.2437366,1.1909969,1.1946627,1.2787406,1.3356677,1.3664325,1.394189,1.4120945,1.43,0.0,0.0,0.0,0.0,0.0,0.0,0.0,0.0,0.0,0.0,0.0,0.0,0.0,0.0,0.0,0.0,0.0,0.0,0.0,0.0,0.0,0.0,0.0,0.0,0.0,0.0,0.0,0.0,0.0,0.0
-94.0,-74.0,-11.0,646.3953,-533.093,-177.41861,-99.88372,-74.0,-58.868217,-52.302326,-35.534885,-19.465117,10.5348835,74.83721,141.51938,141.51163,34.620155,-134.48837,-208.39536,-200.88373,-192.82945,-182.74419,-159.63567,-144.50388,-129.25581,-129.55038,-130.0,-125.0,-130.86821,-128.0,-122.674416,-118.96124,-118.0,-106.0,-106.0,-99.91473,-99.0,-102.147285,-103.94574,-109.18604,-94.0,-82.64341,-75.25581,-96.0,-87.0,-86.093025,-85.434105,-73.25581,616.4186,-427.2248,-151.969,-80.976746,-67.71318,-63.782948,-62.488373,-50.44186,-36.263565,-10.395349,33.984497,110.95349,148.51163,95.84496,-74.63566,-187.44186,-203.0155,-194.96124,-182.8372,-165.8062,-146.72868,-134.7907,-127.57365,-119.79845,-118.5814,-118.0,-116.0,-113.0,-111.35659,-108.0,-103.0,-102.550385,-101.0,121.37209,170.35658,130.24031,-36.534885,-170.99225,-210.66667,-204.30232,-186.1783,-165.20155,-146.2093,-133.76744,-128.0,-123.0,-126.37209,-120.0,-115.441864,-122.48062,-116.0,-114.60465,-109.34884,-106.0,-103.093025,-101.8062,-96.0,-89.0,-95.28682,-85.70543,-87.37209,-93.06977,-80.53488,-65.558136,-70.68217,-94.75969,-90.53488,-87.434105,-79.0,-64.790695,670.1628,-479.74417,-143.67442,-80.48837,-66.30232,-59.11628,-43.542637,-45.0,-36.0,-7.27907,54.705425,128.0,-0.071,-0.06784232,-0.06468464,-0.06611975,-0.06882633,-0.06763339,-0.06345481,-0.05992069,-0.05673079,-0.053540885,-0.05147382,-0.049636014,-0.05543815,-0.06528352,-0.07227744,-0.057254665,-0.042231888,-0.036444828,-0.03148276,-0.021992063,-0.010571429,-0.001292163,-0.0030965516,-0.00490094,4.263997e-05,0.004741854,0.0010999683,-0.0025419171,-0.003466444,-0.004,0.011,0.011451097,0.0119021945,0.008467085,0.003956113,0.0040707802,0.007727042,0.0069206897,0.0037307881,0.0005408867,0.008012452,0.01766092,0.021772578,0.022954023,0.03229959,0.104682066,0.17706454,0.163537,0.14233543,0.12799206,0.11657143,0.10619655,0.10123448,0.09627242,0.10205117,0.10806454,0.10897501,0.10988548,0.11513089,0.121,-0.05,-0.09962069,-0.14924137,-0.12820376,-0.087605014,-0.12916516,-0.23362976,-0.25613794,-0.23487192,-0.21360591,-0.29012454,-0.3866092,-0.34789273,-0.23762453,-0.12225245,0.03252768,0.18730782,0.31594986,0.44225705,0.41372743,0.3192118,0.2575298,0.3657931,0.47405642,0.46991473,0.467099,0.56725085,0.66740274,0.63335556,0.58,1.17,1.1474451,1.1248903,1.1765267,1.2487022,1.3214157,1.3945408,1.3968966,1.3614532,1.3260099,1.4573563,1.6227586,1.5460864,1.3413026,1.1485163,1.0483644,0.94821256,0.47205955,-0.03768025,-0.08506842,0.06458128,0.18488714,0.15331034,0.12173354,0.0947868,0.074517556,0.13825056,0.20198356,0.13070449,0.04,0.49,0.46744514,0.4448903,0.5141912,0.60892165,0.6085844,0.53545916,0.58624136,0.70320445,0.8201675,0.69119734,0.51201147,0.4628763,0.48256704,0.49217018,0.42388484,0.3555995,0.34585893,0.34134796,0.3841817,0.44719213,0.51972103,0.6415172,0.7633135,0.8557249,0.9435495,0.99362546,1.0437014,0.9520467,0.84,-0.21,-0.28217554,-0.3543511,-0.26401255,-0.12868339,-0.08774955,-0.11908893,-0.16465518,-0.2178202,-0.27098522,-0.26473817,-0.24636015,-0.20909688,-0.16183908,-0.1278298,-0.19611515,-0.2644005,-0.19546081,-0.114263326,-0.15074986,-0.23738916,-0.2990439,-0.23137932,-0.16371474,-0.19529848,-0.22548245,-0.16174945,-0.09801645,-0.024697812,0.05,-1.85,-2.007884,-2.165768,-2.1858683,-2.1678245,-2.1629581,-2.1681814,-2.1492069,-2.117308,-2.085409,-2.0075064,-1.9202107,-1.8642474,-1.8248659,-1.7732965,-1.627621,-1.4819456,-1.2091129,-0.92492163,-0.9256021,-1.0476847,-1.1361222,-1.0504138,-0.96470535,-0.97512794,-0.9893546,-0.98024994,-0.9711452,-0.78342235,-0.57,0.41,0.54532915,0.6806583,0.6110784,0.48477116,0.5690381,0.81452996,0.77986205,0.5955567,0.41125122,0.48301724,0.60706896,0.6242474,0.5848659,0.5385163,0.43836445,0.33821258,0.30101255,0.26943573,0.21857964,0.1595074,0.113652036,0.1362069,0.15876175,0.14487208,0.12838659,0.1056248,0.08286302,0.17795329,0.29,0.56,0.5374451,0.51489025,0.5382633,0.5743511,0.5959165,0.606363,0.59151727,0.56316257,0.53480786,0.5872318,0.65614945,0.6825753,0.6865134,0.7061816,0.84730464,0.9884277,1.066257,1.1384326,1.1627613,1.1666995,1.177304,1.2224138,1.2675235,1.2548721,1.2380639,1.2107497,1.1834357,1.2126511,1.25,0.0,0.0,0.0,0.0,0.0,0.0,0.0,0.0,0.0,0.0,0.0,0.0,0.0,0.0,0.0,0.0,0.0,0.0,0.0,0.0,0.0,0.0,0.0,0.0,0.0,0.0,0.0,0.0,0.0,0.0
626.0,-490.05426,-173.51938,-98.06977,-73.87597,-62.23256,-54.813953,-44.24031,-28.007751,2.2325583,64.496124,130.3876,141.8372,31.108526,-135.81395,-203.46512,-202.25581,-189.47287,-174.60464,-158.93799,-141.37985,-131.34883,-121.976746,-117.28682,-121.88372,-118.0,-116.0,-113.0,-112.13178,-107.10078,-103.0,-101.0,-100.00775,144.67442,167.1473,68.441864,-103.790695,-194.031,-210.8217,-198.1628,-178.65892,-154.55038,-141.74419,-130.66667,-125.95349,-120.906975,-124.434105,-117.08527,-121.72093,-118.48062,-113.674416,-113.62791,-108.0,-106.0,-102.674416,-99.29457,-91.65891,-90.76744,-94.20155,-82.17054,-89.0,-95.89147,-67.387596,-62.069767,-78.94574,-90.9845,-90.95349,-83.8062,-78.89147,68.65116,558.51166,-430.062,-159.93024,-96.10078,-75.968994,-54.186047,-43.35659,-37.612404,-27.860466,15.069767,83.24806,-87.0,-89.441864,-96.13178,-112.39535,-65.23256,-71.333336,-80.04651,-68.093025,-83.89922,-88.209305,-65.28682,-28.20155,684.907,-506.14728,-156.34883,-77.62791,-65.0,-47.5969,-38.32558,-29.899225,-15.906977,9.0,79.310074,135.31007,167.86046,74.04651,-89.62791,-187.06976,-201.89923,-196.47287,-182.44186,-176.52713,-168.48062,-129.62791,-119.08527,-111.4031,-130.69768,-120.04651,-103.46512,-93.023254,-91.72868,-95.24031,-89.0,-102.84496,-95.689926,-84.139534,-89.06201,-93.95349,-101.0,0.011,0.0018213167,-0.007357367,-0.014013904,-0.02012069,-0.025111178,-0.02815755,-0.031203924,-0.034250297,-0.03729667,-0.042354494,-0.048016112,-0.051049378,-0.052664828,-0.054070633,-0.05447775,-0.054884873,-0.051346093,-0.046251502,-0.04220721,-0.03899467,-0.037765518,-0.039784826,-0.04180414,-0.036180485,-0.030512497,-0.0430174,-0.055522304,-0.056531396,-0.056,0.264,0.23692289,0.20984577,0.19296663,0.17831035,0.16828567,0.16632728,0.16436891,0.16241053,0.16045214,0.16217725,0.16500805,0.16363889,0.16000414,0.15671746,0.15508899,0.15346052,0.15333217,0.15379532,0.15348777,0.1525699,0.15322483,0.15645573,0.15968663,0.1648496,0.16998102,0.16951787,0.16905473,0.1704058,0.172,0.59,0.69555485,0.80110973,0.77988875,0.73103446,0.72777945,0.80393875,0.8800981,0.9562574,1.0324168,1.035485,1.016613,1.0441048,1.0966069,1.1527141,1.2259955,1.299277,1.2967479,1.2643278,1.2064608,1.128442,1.1044966,1.1691145,1.2337325,1.1963537,1.1494305,1.1355362,1.1216419,1.129372,1.14,-0.45,-0.14710344,0.1557931,0.25679645,0.3137931,0.37936682,0.45987812,0.5403894,0.6209007,0.701412,0.5567064,0.34439576,0.34345657,0.45653793,0.5598888,0.6168854,0.67388207,0.50730467,0.25257513,0.16817242,0.21865517,0.2147862,0.12189793,0.029009655,0.08789435,0.15468523,0.025004745,-0.10467573,0.04401089,0.23,-0.11,-0.009034483,0.09193104,0.06988876,0.021034483,0.0011117717,0.031575505,0.062039237,0.092502974,0.12296671,0.14088623,0.15504028,0.1547531,0.14667585,0.14494438,0.17344272,0.20194104,0.2000348,0.18614046,0.17231661,0.1585486,0.15459311,0.16670896,0.17882483,0.107256055,0.031518508,0.06857007,0.105621636,0.1287441,0.15,0.88,0.93048275,0.9809655,0.9866574,0.9825862,0.9688882,0.93842447,0.9079608,0.877497,0.8470333,0.9198324,1.0236287,1.0337656,0.9933793,0.96282536,0.9791101,0.9953949,0.900348,0.76140463,0.6718276,0.6213448,0.6374621,0.7626593,0.88785654,0.8854512,0.8718981,0.9182126,0.9645271,0.94656986,0.92,0.75,0.91980565,1.0896113,1.1467408,1.1793103,1.2126992,1.2475148,1.2823305,1.3171463,1.351962,1.160419,0.90092814,0.8309876,0.86329657,0.8914127,0.8995551,0.90769744,0.8933913,0.87023413,0.8292664,0.77419436,0.7706207,0.8513931,0.9321655,0.9254512,0.9143657,1.0208889,1.1274122,1.0462795,0.94,-0.07,-0.18473354,-0.2994671,-0.24646273,-0.15689655,-0.10317479,-0.111878715,-0.12058264,-0.12928656,-0.13799049,-0.19080245,-0.25685465,-0.20392,-0.0868,-0.0020077864,-0.07121802,-0.14042826,-0.1799304,-0.20771907,-0.1662163,-0.069840126,-0.045213792,-0.13810207,-0.23099035,-0.19635363,-0.14829168,-0.10660867,-0.064925656,0.00091833033,0.07,2.18,1.9505329,1.7210659,1.8036762,1.9543103,2.0222206,1.9460613,1.8699019,1.7937425,1.7175832,1.6455688,1.5747986,1.55,1.55,1.5683649,1.6742158,1.7800667,1.723635,1.6032174,1.570489,1.6072037,1.6177517,1.5854428,1.5531338,1.5887967,1.6275325,1.5673237,1.5071149,1.673383,1.87,0.0,0.0,0.0,0.0,0.0,0.0,0.0,0.0,0.0,0.0,0.0,0.0,0.0,0.0,0.0,0.0,0.0,0.0,0.0,0.0,0.0,0.0,0.0,0.0,0.0,0.0,0.0,0.0,0.0,0.0
-125.0,-116.0,-113.093025,-110.860466,-106.0,-105.612404,-102.81396,-96.0,-89.0,-94.27907,-88.22481,-84.852715,-91.558136,-86.5814,-66.565895,-68.16279,-92.24031,-89.52713,-88.441864,-79.0,-72.34884,496.3256,-209.1628,-149.72093,-86.53488,-72.34884,-65.16279,-47.069767,-45.0,-36.0,-11.813953,45.131783,115.4031,-85.46512,-99.689926,-92.79845,-99.83721,-57.868217,-74.0,-77.16279,-74.34109,-87.0,-78.53488,-76.0,223.1938,284.72092,-298.05426,-109.24806,-85.06977,-57.4031,-50.0,-32.046513,-26.581396,-0.49612403,23.232557,103.790695,161.49612,147.44186,5.844961,-143.50388,-190.0,-205.0,-186.34883,-183.0,-177.9845,-148.89148,-127.88372,-113.0,-113.65116,-134.65117,-110.57365,-93.29457,-111.0,-80.31783,-90.70543,-92.62791,-95.10853,-94.25581,-89.4186,-89.449615,-99.96124,-78.27907,-79.81396,-83.42635,-82.48837,-77.0,150.0,419.88373,-359.14728,-144.37209,-98.48837,-76.94574,-65.0,-54.11628,-45.88372,-21.271318,12.744186,81.612404,144.67442,147.58139,19.775194,-149.50388,-201.97675,-195.8217,-188.0,-167.86046,-157.0,-144.09302,-137.97675,-129.37985,-130.58914,-120.83721,-124.47287,-120.74419,-111.0,-106.434105,-105.620155,-109.51163,-100.53488,-99.449615,-96.976746,-94.86822,-100.24031,-82.65116,-98.612404,-105.81396,-82.093025,-60.062016,-83.92248,-84.0,-0.083,-0.076410994,-0.06982199,-0.07569655,-0.086334795,-0.09146638,-0.09032488,-0.08918337,-0.088041864,-0.08690036,-0.08575885,-0.06909692,-0.021656105,0.021991238,0.0048058224,-0.012379593,-0.013154396,-0.0008549239,0.007273661,0.0046801176,0.0025316614,0.0012018809,-0.0001278997,-0.0014576802,-0.0027874608,-0.0062512313,-0.010120964,-0.011751724,-0.006875862,-0.002,0.02,-0.020412551,-0.060825102,-0.027103448,0.03495298,0.0692197,0.07182886,0.07443801,0.07704717,0.079656325,0.08226548,0.09931407,0.14499782,0.18675664,0.16557463,0.1443926,0.135,0.135,0.13238518,0.123048425,0.11809279,0.121195614,0.12331787,0.116225705,0.10913354,0.11190148,0.116545156,0.12011348,0.12055674,0.121,-0.15,0.100382105,0.35076421,0.28531036,0.09914107,-0.019057779,-0.059825856,-0.10059393,-0.14136201,-0.18213008,-0.22289817,-0.17490214,0.04912395,0.27313736,0.49694744,0.7207575,0.93490833,1.1413637,1.2304403,1.0177696,0.9018558,0.96391225,1.0042257,0.84021944,0.67621315,0.692266,0.74257255,0.76411283,0.7020564,0.64,1.56,1.546822,1.533644,1.2574137,0.88064265,0.73183715,0.84272635,0.9536155,1.0645046,1.1753938,1.286283,1.252507,0.9318422,0.62225837,0.49037027,0.35848218,0.15086362,-0.11708916,-0.2896625,-0.21704328,-0.13565518,-0.03813793,0.048721004,0.035423197,0.022125391,0.04275862,0.06984674,0.055956114,-0.07702194,-0.21,0.73,0.36101586,-0.007968313,0.09203448,0.3712884,0.5276231,0.54393035,0.5602376,0.5765448,0.59285206,0.6091593,0.6185275,0.61413485,0.60319674,0.4872951,0.37139344,0.32733458,0.34051257,0.3761482,0.46951577,0.5190721,0.48804387,0.46724764,0.5426019,0.6179561,0.62674874,0.622879,0.6154608,0.5977304,0.58,-0.62,-0.8572041,-1.0944082,-0.8521379,-0.42660815,-0.20381156,-0.21196517,-0.22011879,-0.22827241,-0.23642601,-0.24457963,-0.23380242,-0.18548307,-0.13788864,-0.10191917,-0.065949686,-0.01577198,0.04572538,0.06675715,-0.016236244,-0.04658307,0.019905956,0.06124138,-0.1337931,-0.3288276,-0.32423645,-0.2816694,-0.2545392,-0.2722696,-0.29,-1.92,-1.8628953,-1.8057907,-1.8894138,-2.0268245,-2.0939014,-2.0808556,-2.06781,-2.0547643,-2.0417185,-2.0286727,-1.8992544,-1.5390556,-1.1953081,-1.1153759,-1.0354438,-0.94376826,-0.8427369,-0.8092223,-0.94927365,-0.9728715,-0.7822696,-0.6432539,-0.98899686,-1.3347398,-1.3444828,-1.2903066,-1.261348,-1.305674,-1.35,0.15,0.3300994,0.51019883,0.6722414,0.82738245,0.8871307,0.838209,0.78928727,0.74036556,0.6914439,0.6425222,0.57760483,0.48096615,0.3902346,0.3942312,0.3982278,0.38044113,0.34529978,0.3054732,0.25360236,0.1653605,0.010219436,-0.108257055,0.117805645,0.34386835,0.33123153,0.27318555,0.25383073,0.34691536,0.44,0.61,0.27176452,-0.06647095,0.09013793,0.43588087,0.59484375,0.5410299,0.487216,0.43340215,0.37958828,0.32577443,0.40780056,0.75921404,1.0895308,1.0815376,1.0735444,1.0968934,1.1452128,1.1509465,1.0472047,1.0533731,1.2617053,1.4329467,1.2556427,1.0783385,1.0695074,1.0927258,1.0997869,1.0598934,1.02,0.0,0.0,0.0,0.0,0.0,0.0,0.0,0.0,0.0,0.0,0.0,0.0,0.0,0.0,0.0,0.0,0.0,0.0,0.0,0.0,0.0,0.0,0.0,0.0,0.0,0.0,0.0,0.0,0.0,0.0
-65.0,-45.07752,-40.844963,-30.906977,-20.44186,9.0,64.69768,122.71318,170.37985,96.72093,-65.441864,-182.53488,-196.86046,-198.99225,-181.43411,-177.53488,-173.51938,-133.15504,-121.60465,-112.41085,-127.17054,-126.093025,-104.976746,-89.496124,-102.81396,-91.71318,-89.0,-101.83721,-93.17054,-85.65116,-90.06977,-92.441864,-102.00775,-83.023254,-83.05426,-83.08527,-76.209305,-72.9845,584.91473,-327.7907,-152.21706,-87.10078,-77.23256,-69.333336,-62.953487,-54.395348,-35.294575,-13.085271,39.627907,116.51163,152.87598,117.48837,-59.7907,-179.969,-207.0,-190.44186,-181.92249,-164.23256,-157.0,-135.42636,-130.48837,-131.89148,-125.1938,-120.0,-123.0155,-112.9845,-112.88372,-113.11628,-99.21706,-115.441864,-91.0,-105.69768,-99.23256,-87.92248,-97.52713,-88.139534,-99.71318,-92.06201,-71.48837,-72.023254,-84.0,-125.76744,-122.18604,-118.0,-120.906975,-111.63566,-112.333336,-111.0,-109.906975,-106.0,-103.0,-100.17829,-100.147285,-99.0,-97.62791,-91.0,-89.0,-92.51163,-99.36434,-81.65116,-71.79845,-76.82946,-86.093025,-91.0155,-87.77519,-82.74419,-61.55814,690.06976,-476.09302,-155.35658,-93.99225,-78.39535,-71.05426,-59.736435,-50.697674,-30.51938,-2.8217053,46.09302,119.24806,155.75969,101.023254,-69.434105,-178.6124,-202.72093,-186.15504,-176.31007,-154.46512,-149.15504,-132.07751,-123.0,-0.041,-0.039661754,-0.03832351,-0.037658654,-0.03720848,-0.037949365,-0.039717615,-0.041,-0.041,-0.041,-0.040684965,-0.039899863,-0.03911476,-0.040153116,-0.041503638,-0.039413795,-0.03532471,-0.03322287,-0.033739384,-0.03479273,-0.036392804,-0.038937617,-0.04206019,-0.044506896,-0.04584514,-0.0465708,-0.043438736,-0.040800694,-0.039900348,-0.039,0.052,0.044416614,0.03683323,0.03670674,0.038957607,0.04023734,0.040679403,0.040808756,0.04011274,0.039416727,0.040575173,0.04450069,0.048426207,0.045925025,0.04232363,0.043873563,0.048416987,0.049885664,0.047303084,0.046528485,0.047595203,0.04689279,0.045108464,0.044337932,0.045230094,0.045928467,0.045406457,0.045398608,0.047199305,0.049,0.35,0.29647022,0.24294044,0.32216388,0.44371086,0.48338616,0.45244175,0.42904377,0.4255637,0.42208365,0.39952275,0.34849104,0.2974593,0.35534325,0.4318728,0.40252873,0.3116603,0.2956588,0.37830126,0.33279985,0.1567916,0.18134482,0.3285517,0.4014138,0.35234484,0.30928466,0.30406457,0.3,0.3,0.3,1.29,1.2944608,1.2989216,1.3955773,1.5216261,1.5610127,1.5256478,1.4760944,1.3890927,1.302091,1.286229,1.3765159,1.4668027,1.4607815,1.4382727,1.5047127,1.6228416,1.6119964,1.431216,1.4192729,1.5792804,1.5348151,1.3653041,1.2853448,1.352257,1.4450513,1.7008364,1.8800696,1.7900348,1.7,0.21,0.2367649,0.26352978,0.3280291,0.4045587,0.4138925,0.3652656,0.33956224,0.37436292,0.40916362,0.39377102,0.30348414,0.21319725,0.33837393,0.50043654,0.4594253,0.3004055,0.26125953,0.38005808,0.3924363,0.29643178,0.29044828,0.33951724,0.34972414,0.29619434,0.26073,0.33903155,0.38305914,0.30652958,0.23,-0.54,-0.5801473,-0.6202947,-0.56514394,-0.4796109,-0.44474682,-0.45358807,-0.44278798,-0.38014674,-0.3175055,-0.28315035,-0.29100138,-0.2988524,-0.32690606,-0.35841823,-0.415977,-0.48867178,-0.5255427,-0.51521236,-0.47564843,-0.40631184,-0.41044828,-0.45951724,-0.5052069,-0.54535425,-0.5656933,-0.46129128,-0.38896868,-0.42948434,-0.47,-1.84,-1.8355392,-1.8310784,-1.7446631,-1.6321195,-1.5467722,-1.4848835,-1.4409562,-1.4444363,-1.4479164,-1.4799283,-1.5545131,-1.6290979,-1.5938754,-1.5398545,-1.4941379,-1.4532471,-1.4634302,-1.5409074,-1.5588605,-1.516192,-1.5166081,-1.543373,-1.5464828,-1.5107962,-1.4814306,-1.4918709,-1.5019931,-1.5109965,-1.52,0.38,0.39784327,0.41568652,0.35855743,0.2775261,0.2708543,0.32832247,0.38147467,0.4232355,0.46499634,0.48369932,0.46799725,0.45229518,0.3961879,0.33316356,0.2783908,0.22841315,0.26463157,0.41442105,0.4794303,0.45809594,0.48044828,0.52951723,0.50086206,0.34473354,0.19998533,0.12690389,0.117832966,0.3339165,0.55,0.81,0.88583386,0.9616677,1.0380291,1.1145587,1.161867,1.1839702,1.1885253,1.1467645,1.1050037,1.0768497,1.0689986,1.0611476,1.0330939,1.0015818,0.99574715,1.0048339,1.0144573,1.0247877,1.0062182,0.9582159,0.96491224,1.0050596,1.0232414,1.0053982,0.996438,1.0434189,1.078007,1.0690035,1.06,0.0,0.0,0.0,0.0,0.0,0.0,0.0,0.0,0.0,0.0,0.0,0.0,0.0,0.0,0.0,0.0,0.0,0.0,0.0,0.0,0.0,0.0,0.0,0.0,0.0,0.0,0.0,0.0,0.0,0.0
67.0,140.13954,153.62791,52.023254,-130.35658,-195.93024,-199.34883,-188.0,-170.37985,-157.0,-150.13954,-139.48837,-128.37209,-131.5969,-122.34884,-123.46512,-122.25581,-111.0,-107.441864,-112.17054,-105.48062,-105.06977,-94.41085,-100.503876,-98.39535,-96.71318,-86.17829,-96.093025,-104.30232,-83.10078,-61.069767,-81.4031,-84.0,-126.46512,-118.94574,-116.91473,-119.093025,-114.72093,-109.23256,-109.18604,-106.75969,-104.093025,-103.0,-99.0,-96.95349,-96.906975,-94.57365,-89.54263,-90.48837,-100.83721,-94.449615,-77.0,-71.612404,-87.21706,-86.51163,-87.29457,-84.39535,-79.34884,111.558136,490.51938,-362.23254,-150.08527,-107.65116,-78.95349,-67.023254,-54.984497,-42.837208,-23.612404,14.813953,75.88372,140.76744,149.9845,36.139534,-129.48062,-194.031,-193.86046,-185.10852,-169.64342,-154.0,-140.87598,-129.51938,-120.0,-117.45737,-119.42635,-118.0,-108.0,-104.0,-104.25581,-103.0,-94.75969,-97.81396,-96.94574,-89.852715,-92.674416,-88.82946,-101.94574,-83.093025,-73.47287,-74.674416,-87.0,-83.10078,-85.69768,-79.0,-60.88372,641.67444,-452.3721,-152.58914,-83.58915,-71.30232,-66.550385,-59.178295,-48.55814,-33.63566,-6.4806204,44.418606,108.87597,145.58914,94.76744,-74.10853,-182.12402,-209.58139,-198.62015,-183.32558,-164.93024,-157.31007,-142.18605,-128.09302,-139.84496,-119.968994,-120.0,-0.044,-0.04310661,-0.042213224,-0.040546317,-0.038636915,-0.036727518,-0.03481812,-0.028181504,-0.01800094,-0.014559061,-0.025954513,-0.03734996,-0.039816093,-0.02976902,-0.01972195,-0.02130094,-0.025284639,-0.02817975,-0.03025165,-0.026088929,-0.018401088,-0.023750639,-0.03502139,-0.036262814,-0.026173968,-0.020752752,-0.035256054,-0.047147334,-0.051573668,-0.056,0.063,0.061659917,0.060319837,0.061090264,0.062522314,0.06395436,0.06538641,0.096610345,0.15016897,0.1861372,0.18337466,0.18061213,0.17240229,0.15655884,0.14071538,0.13469906,0.13071536,0.121921495,0.1094901,0.11580436,0.13271761,0.14668071,0.15930396,0.1468453,0.10605126,0.07250844,0.069918565,0.068114735,0.06855737,0.069,0.39,0.3989339,0.40786776,0.43180528,0.46044624,0.48908722,0.5177282,0.52747023,0.5230439,0.5437271,0.61969674,0.69566643,0.7094253,0.6360044,0.56258345,0.5830094,0.6228464,0.5898606,0.5018048,0.56494737,0.71357894,0.82820565,0.92738825,0.92027026,0.79306304,0.68016875,0.62837124,0.6278621,0.773931,0.92,1.3,1.3178678,1.3357356,1.3527198,1.369427,1.3861343,1.4028414,1.2227962,0.89524764,0.6667645,0.656405,0.6460455,0.6062069,0.5250575,0.44390804,0.3969906,0.3571536,0.39898753,0.50258255,0.45487478,0.32161888,0.41021073,0.59955937,0.8421156,1.144781,1.40573,1.488606,1.5052539,1.3326269,1.16,0.28,0.29786777,0.31573552,0.33090264,0.34522313,0.35954362,0.37386408,0.3521724,0.30348277,0.27431402,0.28812668,0.30193934,0.28747126,0.23337165,0.17927203,0.22868338,0.2995047,0.22382244,0.03735143,0.028932849,0.121186934,0.16240102,0.18043423,0.12821062,-0.003383038,-0.12769626,-0.22093177,-0.25672728,-0.12836364,0.0,-0.29,-0.31680164,-0.34360328,-0.32819474,-0.29955375,-0.27091277,-0.24227181,-0.30589342,-0.4386834,-0.53862804,-0.56625336,-0.5938787,-0.6116092,-0.61547345,-0.61933774,-0.63100314,-0.6442821,-0.70898753,-0.81258255,-0.7485045,-0.5896225,-0.4159898,-0.23565772,-0.12970176,-0.1077695,-0.12637565,-0.31802642,-0.456558,-0.443279,-0.43,-1.23,-1.3238058,-1.4176115,-1.4236461,-1.4021653,-1.3806846,-1.3592038,-1.3297617,-1.2943511,-1.2581365,-1.2201517,-1.1821668,-1.1760919,-1.2147346,-1.2533771,-1.1463009,-1.0090846,-0.93525314,-0.9093544,-0.7526679,-0.5220327,-0.40659642,-0.3434802,-0.24615099,-0.11017086,-0.03834189,-0.24035217,-0.38311598,-0.356558,-0.33,0.62,0.63786775,0.65573555,0.64182895,0.61796147,0.594094,0.5702265,0.58782756,0.6365172,0.667843,0.66093665,0.6540303,0.6821839,0.7594691,0.83675426,0.9747022,1.1251975,1.2755319,1.4257447,1.4079709,1.295216,1.3530077,1.4882567,1.5805964,1.624461,1.6452531,1.5675569,1.4847586,1.3873793,1.29,1.34,1.2327935,1.1255869,1.1363422,1.184077,1.231812,1.279547,1.2620533,1.1956583,1.1553925,1.1726583,1.1899242,1.1613793,1.0686371,0.9758949,1.1140438,1.2999499,1.6012032,1.9896845,2.3591833,2.7179492,3.0067146,3.2636878,3.5132806,3.7545357,3.9047763,3.6665077,3.4842634,3.4621317,3.44,0.0,0.0,0.0,0.0,0.0,0.0,0.0,0.0,0.0,0.0,0.0,0.0,0.0,0.0,0.0,0.0,0.0,0.0,0.0,0.0,0.0,0.0,0.0,0.0,0.0,0.0,0.0,0.0,0.0,0.0
-91.0,-102.89147,-86.689926,-73.81396,-74.310074,-88.612404,-93.53488,-88.78294,-83.75194,-73.65116,564.6047,-296.71317,-133.18605,-85.42635,-80.91473,-73.06977,-63.263565,-52.2093,-34.046513,-9.875969,35.511627,108.16279,151.72868,119.16279,-38.697674,-167.52713,-201.2093,-187.1628,-178.82945,-159.50388,-151.67442,-134.5969,-125.51938,-120.0,-118.10853,-116.91473,-114.093025,-108.0,-108.94574,-99.790695,-100.51938,-97.906975,-97.95349,-90.666664,-91.0,-89.60465,-94.565895,-97.89922,-75.27907,-63.92248,-81.325584,-83.04651,-84.0,-84.53488,-81.51163,84.72868,506.97675,-402.46512,-150.51163,-97.976746,-73.72093,-62.162792,-53.193798,-43.11628,-21.077518,9.131783,72.51163,128.46512,138.91473,33.534885,-132.64342,-200.70543,-206.53488,-192.07751,-179.969,-161.0,-148.28682,-135.64342,-131.04651,-128.8527,-122.27907,-49.488373,-31.100775,-13.992249,30.348837,93.21706,156.66667,164.37209,35.689922,-134.23256,-201.18605,-208.23256,-190.0,-171.7907,-154.42636,-140.0,-121.53488,-121.51163,-128.96124,-120.0,-120.0,-123.0,-116.83721,-108.82171,-107.93799,-114.11628,-101.57365,-97.023254,-102.34884,-99.0,-124.41085,-106.558136,-72.15504,-55.744186,-93.18604,-110.17054,-130.0,-68.860466,-71.612404,-91.77519,617.1395,-451.2093,-148.8372,-85.76744,-91.620155,-83.05426,-64.860466,-58.12403,-36.07752,-21.0,-0.028,-0.02717634,-0.026352677,-0.02475862,-0.022587685,-0.02041675,-0.021144925,-0.022561852,-0.02397878,-0.0226267,-0.021232521,-0.021390805,-0.021859834,-0.020110786,-0.017416362,-0.023229467,-0.030597493,-0.033,-0.033,-0.034543574,-0.03638558,-0.03197212,-0.024427732,-0.022253292,-0.021332288,-0.023072276,-0.026314206,-0.027894044,-0.021447022,-0.015,0.061,0.064706475,0.06841295,0.0822069,0.103554435,0.12490197,0.14474271,0.16422546,0.18370822,0.17209807,0.16001518,0.14471264,0.12876564,0.1187102,0.111165814,0.11,0.11,0.11073415,0.11182351,0.10852696,0.10438245,0.102281734,0.10120396,0.098759875,0.095996864,0.09759034,0.10164276,0.10405204,0.098526016,0.093,0.25,0.29941967,0.34883937,0.4527586,0.5974877,0.74221677,0.6812684,0.5714565,0.46164456,0.46,0.46,0.5225287,0.59757346,0.5859941,0.5374945,0.5261066,0.52150154,0.54936594,0.59294033,0.5536928,0.4984326,0.5195048,0.5787821,0.59,0.59,0.59,0.59,0.58131033,0.53065515,0.48,1.66,1.7217746,1.7835492,1.6362069,1.3322759,1.0283449,0.8240222,0.6433639,0.46270558,0.5240873,0.589149,0.63908046,0.6859834,0.54130596,0.3149743,0.33840126,0.40747648,0.444683,0.46647015,0.58962697,0.7323824,0.69739914,0.57345563,0.5649342,0.58335423,0.48379585,0.3176469,0.18394984,0.20697492,0.23,0.2,0.21647322,0.23294646,0.2813793,0.35374385,0.42610836,0.35699302,0.25426573,0.15153846,0.2415533,0.33449858,0.43988505,0.5477618,0.54977256,0.5066618,0.56229466,0.63597494,0.6122803,0.541472,0.587884,0.65695924,0.669226,0.6530594,0.6948025,0.7500627,0.77,0.77,0.7676301,0.75381505,0.74,-0.19,-0.21882814,-0.2476563,-0.24344827,-0.21450247,-0.18555665,-0.28018084,-0.40416205,-0.5281432,-0.516267,-0.50232524,-0.50390804,-0.5085983,-0.536449,-0.57417095,-0.43594357,-0.265558,-0.2577197,-0.328528,-0.3863072,-0.4415674,-0.42408657,-0.3701981,-0.3077304,-0.24326019,-0.3417462,-0.53220963,-0.66867083,-0.5443354,-0.42,-0.24,-0.21117185,-0.1823437,-0.07275862,0.097298026,0.26735467,0.19409452,0.06302869,-0.06803714,0.039863966,0.15139829,-0.0762069,-0.3716954,-0.39954513,-0.31332356,-0.23770534,-0.16402508,-0.15835373,-0.18558769,-0.20543574,-0.2238558,-0.1869039,-0.12223771,-0.07639812,-0.03495298,-0.04849379,-0.09307034,-0.1576489,-0.31882444,-0.48,1.03,1.0835379,1.137076,1.102069,1.0007586,0.8994483,0.9916301,1.1297805,1.267931,1.0594274,0.8456533,0.82954025,0.8529917,0.9091196,0.9791746,0.97831976,0.9645047,1.0517687,1.1879385,1.1829875,1.1507523,1.0322597,0.87059426,0.9333386,1.048464,1.082229,1.0700717,1.0639498,1.086975,1.11,2.47,2.647087,2.8241744,2.895862,2.8886256,2.8813891,2.742609,2.5725777,2.4025464,2.5464852,2.6951978,2.731724,2.745795,2.5950844,2.3741417,2.3984013,2.4674766,2.5010123,2.5173526,2.570166,2.6300313,2.5925386,2.506317,2.4675987,2.4399686,2.3730123,2.2838593,2.2147398,2.24237,2.27,0.0,0.0,0.0,0.0,0.0,0.0,0.0,0.0,0.0,0.0,0.0,0.0,0.0,0.0,0.0,0.0,0.0,0.0,0.0,0.0,0.0,0.0,0.0,0.0,0.0,0.0,0.0,0.0,0.0,0.0
-77.0,-70.139534,-87.0,-82.093025,-84.18604,-79.0,-74.48837,508.65115,-257.87598,-136.46512,-78.550385,-73.31783,-69.06977,-61.193798,-49.56589,-38.67442,-11.51938,32.32558,99.30232,142.06201,110.387596,-44.88372,-169.52713,-208.06976,-201.13954,-184.8372,-169.969,-159.32558,-143.69768,-129.10077,-137.32558,-118.96124,-120.0,-44.418606,-23.364342,-3.0310078,54.488373,125.620155,170.71318,125.39535,-35.2093,-180.52713,-203.0,-203.33333,-187.27132,-166.90698,-144.00775,-132.71318,-120.0,-124.51938,-124.12403,-120.0,-120.0,-120.53488,-117.674416,-110.263565,-107.736435,-102.39535,-103.0,-98.74419,-103.0,-110.34884,-113.46512,-84.51163,-70.031006,-60.10853,-116.04651,-116.54263,-104.42635,-64.65116,-91.42635,16.131783,591.32556,-481.96124,-165.24806,-110.72093,-104.75194,-68.449615,-65.95349,-50.302326,-41.79845,-114.790695,-112.45737,-83.87597,-77.023254,-96.22481,-95.666664,-99.69768,-116.0,-95.68217,176.62791,257.08527,-337.47287,-146.23256,-107.023254,-63.96124,-72.04651,-75.51163,-51.170544,-24.72093,31.108526,83.620155,135.81395,122.674416,-18.658915,-150.60464,-214.50388,-207.0,-210.65117,-180.2093,-153.41861,-143.95349,-121.689926,-120.74419,-127.30232,-119.08527,-124.5969,-123.0,-120.0,-126.449615,-120.69768,-124.48837,-92.91473,-106.18604,-118.0,-106.434105,-115.62791,-79.24806,-79.07752,-96.0,-0.032,-0.03335611,-0.034712225,-0.035167404,-0.0353799,-0.035592396,-0.035804894,-0.03582685,-0.03371093,-0.03159501,-0.029889718,-0.029441752,-0.029154072,-0.040262654,-0.04927461,-0.04339812,-0.03752163,-0.043266322,-0.05002201,-0.05107997,-0.051233854,-0.045357365,-0.039480876,-0.034811452,-0.030249605,-0.027328543,-0.0250265,-0.025735542,-0.02886777,-0.032,0.127,0.123835735,0.12067147,0.12435249,0.12987739,0.13540229,0.14092721,0.14571142,0.14218488,0.13865834,0.13633084,0.13767475,0.13895598,0.1357821,0.1335022,0.13757053,0.14163888,0.13717975,0.13194497,0.12930007,0.12676427,0.124956116,0.123147964,0.12216229,0.12124992,0.12233716,0.1241788,0.12434917,0.123174585,0.122,0.52,0.50643885,0.49287775,0.54524314,0.61536694,0.6854907,0.7556145,0.8225972,0.854336,0.88607484,0.9221311,0.9714073,1.0192664,0.9663683,0.9116301,0.84382445,0.7760188,0.789281,0.8115407,0.88559794,0.95058936,0.9551097,0.9596301,0.8804176,0.7937425,0.8535728,0.96867496,1.0026445,0.9713223,0.94,0.14,0.18520376,0.23040752,0.20317124,0.15642205,0.10967286,0.06292367,0.017979946,-0.006705796,-0.03139154,-0.042280212,-0.010922647,0.02330154,0.2613426,0.47111598,0.48015675,0.4891975,0.22488628,-0.058129128,0.031797506,0.11235736,0.13043886,0.14852038,0.15418854,0.1587504,0.20011494,0.25536397,0.16718979,-0.036405105,-0.24,0.0,0.018081505,0.03616301,0.06008842,0.08558798,0.11108753,0.1365871,0.154517,0.087512836,0.020508682,-0.009046287,0.076067105,0.15977989,0.1439105,0.13557994,0.1807837,0.22598746,0.21553925,0.2004402,0.22159941,0.24294671,0.2655486,0.28815046,0.23554888,0.17624485,0.17002873,0.18384099,0.20952484,0.24476242,0.28,0.34,0.43944827,0.53889656,0.56,0.56,0.56,0.56,0.56,0.56,0.56,0.5699254,0.6102423,0.6499266,0.6446368,0.638884,0.62984324,0.6208025,0.7260455,0.83988994,0.83460015,0.8164451,0.7124765,0.6085078,0.7424106,0.89751345,0.88985634,0.820795,0.7661363,0.7230682,0.68,0.84,0.8580815,0.876163,0.91515476,0.95977896,1.0044032,1.0490274,1.0928857,1.1281512,1.1634165,1.164635,1.061603,0.9601467,0.9707263,0.9984138,1.1475862,1.2967587,1.2762582,1.235928,1.0402055,0.8841442,0.9926332,1.1011223,1.072303,1.0312464,1.0668007,1.131258,1.1317974,1.0808988,1.03,0.36,0.35095924,0.3419185,0.34,0.34,0.34,0.34,0.34692588,0.43156272,0.5161996,0.5777944,0.568835,0.55853266,0.45273662,0.36,0.36,0.36,0.28769627,0.21176082,0.29639766,0.3517304,0.21159874,0.07146709,0.051622905,0.04249921,0.06340038,0.09562899,0.10132229,0.08566114,0.07,2.81,2.5885015,2.3670032,2.3484585,2.384583,2.4207072,2.4568317,2.4853828,2.4289582,2.3725336,2.3421311,2.3914073,2.4405136,2.4775422,2.511674,2.5252352,2.5387962,2.6123037,2.6896698,2.6738005,2.6623573,2.6804388,2.6985204,2.6120405,2.5162418,2.4565709,2.41053,2.4268804,2.4934402,2.56,0.0,0.0,0.0,0.0,0.0,0.0,0.0,0.0,0.0,0.0,0.0,0.0,0.0,0.0,0.0,0.0,0.0,0.0,0.0,0.0,0.0,0.0,0.0,0.0,0.0,0.0,0.0,0.0,0.0,0.0
-120.0,-129.969,-120.0,-120.0,-123.0,-117.84496,-112.34884,-110.45737,-115.62791,-99.558136,-98.53488,-101.34109,-99.0,-123.4031,-107.565895,-68.62791,-57.255814,-80.58915,-115.209305,-130.0,-73.89922,-64.558136,-94.29457,422.6434,-147.37209,-180.58139,-95.34109,-95.65116,-91.620155,-63.34884,-60.139534,-38.5969,-29.565891,-115.39535,-98.34884,-92.20155,-89.5814,-101.0,-101.35659,-105.23256,-112.89922,-77.46512,593.93024,-460.66666,-183.45737,-94.60465,-83.30232,-58.64341,-66.27907,-71.68217,-33.697674,-4.395349,54.705425,109.07752,144.18605,72.06977,-68.5969,-185.2093,-212.50388,-207.0,-189.53488,-181.10852,-149.0,-140.04651,-116.0155,-120.03876,-124.95349,-118.1938,-123.0,-120.0,-116.17054,-131.29457,-130.58139,-97.023254,-108.0,-113.81396,-117.10853,-103.968994,-99.65116,-82.449615,-81.88372,-71.65116,-74.0,-71.42635,-69.093025,-55.953487,-41.0,-9.930233,61.92248,129.49612,161.0,122.34884,-89.612404,-191.30232,-220.79845,-203.31007,-190.60464,-168.3876,-147.96124,-131.06976,-114.74419,-111.0,-101.0,-133.1473,-101.77519,-98.60465,-117.65116,-91.77519,-98.558136,-89.34884,-84.06201,-84.76744,-87.0,-88.503876,-92.16279,-66.51938,-69.0155,-65.325584,-71.147285,-65.0,-67.0,-81.379845,46.75969,635.8372,-456.30234,-147.94574,-71.209305,-61.56589,-53.07752,-29.0,-0.05,-0.050436676,-0.050873354,-0.05535363,-0.061485693,-0.05968844,-0.05529092,-0.050893396,-0.049693793,-0.04930952,-0.049168374,-0.05003386,-0.05089935,-0.052965198,-0.055189017,-0.05455824,-0.052288894,-0.05001955,-0.038311284,-0.026521003,-0.018687725,-0.01253931,-0.006956343,-0.0065156594,-0.006074976,-0.024823755,-0.047506705,-0.05497275,-0.051486373,-0.048,0.186,0.17988652,0.17377304,0.172,0.172,0.17301895,0.17437203,0.1757251,0.17324413,0.16978565,0.1690205,0.17940633,0.18979217,0.19807471,0.20608047,0.20611648,0.20157778,0.1970391,0.2052254,0.21352226,0.21680856,0.21796139,0.21799588,0.20786017,0.19772446,0.17090166,0.14065772,0.11200723,0.08450361,0.057,0.87,0.773931,0.67786205,0.7225605,0.82476157,0.78886354,0.7076785,0.62649345,0.70798624,0.8309545,0.92494875,0.89898413,0.8730196,0.7599489,0.6354151,0.6188352,0.6642221,0.70960903,0.7922539,0.87522256,0.916171,0.9392276,0.95607084,0.9164094,0.87674785,0.68176246,0.45493296,0.38928252,0.43964127,0.49,0.06,0.16043574,0.26087147,0.18841526,0.04533382,0.09406265,0.20569208,0.3173215,0.3216276,0.29857102,0.2623206,0.17144455,0.0805685,0.09358238,0.120268196,0.17084984,0.23514798,0.2994461,0.08787148,-0.12610032,-0.27355033,-0.39267588,-0.48122746,-0.29173362,-0.102239795,0.30278417,0.7519955,1.1517353,1.5158676,1.88,0.02,-0.006200627,-0.032401253,-0.01823184,0.012428466,-0.0029261778,-0.03337057,-0.06381496,-0.024068965,0.033572413,0.08926064,0.13686238,0.18446411,0.20572159,0.22351213,0.20356774,0.16196308,0.1203584,0.094025075,0.06782445,0.027657932,-0.018455172,-0.064802274,-0.11327744,-0.16175261,0.23600255,0.7252427,0.85791993,0.73396,0.61,0.59,0.59873354,0.60746706,0.61362803,0.61873806,0.64802086,0.6852307,0.7224405,0.7146897,0.6954759,0.6690556,0.612799,0.5565424,0.6718423,0.809719,0.8023296,0.7115558,0.62078196,0.63731664,0.6547837,0.7192938,0.8038345,0.8621006,0.68142045,0.5007403,0.10828863,-0.32757983,-0.62487763,-0.82243884,-1.02,1.07,1.0263323,0.9826646,0.97362804,0.97873807,0.98764205,0.9977902,1.0079383,1.0467448,1.092858,1.1190556,1.062799,1.0065424,1.1375638,1.2932311,1.2899266,1.1953707,1.1008146,1.0826834,1.0652163,1.0249628,0.9750069,0.93087316,0.93968683,0.94850045,0.10846743,-0.9055939,-1.3930701,-1.501535,-1.61,-0.19,-0.16816615,-0.1463323,-0.1545121,-0.17495231,-0.14688441,-0.10290918,-0.058933947,-0.09286897,-0.14666758,-0.1790556,-0.12279901,-0.0665424,-0.028556833,0.007024266,0.09208797,0.20555526,0.31902254,0.207442,0.093905956,0.10581793,0.17114483,0.23785827,0.31718126,0.39650428,0.20699872,-0.037621327,-0.08368743,0.013156285,0.11,2.27,2.2263322,2.1826646,2.1046956,2.0127146,2.0358524,2.0967412,2.15763,2.1393793,2.1009517,2.0725257,2.0855079,2.0984902,2.0764177,2.0497317,2.1216998,2.2502959,2.3788922,2.4189625,2.4582634,2.4457436,2.4111586,2.3699589,2.2686017,2.1672444,1.7255428,1.2140645,1.0112625,1.0306313,1.05,0.0,0.0,0.0,0.0,0.0,0.0,0.0,0.0,0.0,0.0,0.0,0.0,0.0,0.0,0.0,0.0,0.0,0.0,0.0,0.0,0.0,0.0,0.0,0.0,0.0,0.0,0.0,0.0,0.0,0.0
-74.0,-59.736435,-28.751938,20.023256,75.05426,130.77519,134.76744,-0.015503876,-132.46512,-210.97675,-207.0,-211.65892,-175.67442,-160.97675,-147.48062,-128.74419,-122.25581,-125.790695,-121.60465,-123.58915,-123.0,-120.0,-121.41085,-123.21706,-130.53488,-87.87597,-107.1938,-118.0,-109.96124,-111.5969,-83.27907,-81.5969,-93.48062,-93.558136,-76.63566,-70.0,-63.09302,-56.279068,-31.821705,22.72093,84.54263,150.72093,161.0,27.666666,-143.969,-204.27907,-203.44962,-205.54263,-188.97675,-144.88373,-137.69768,-134.37209,-106.387596,-106.89147,-106.860466,-131.47287,-109.68217,-98.65116,-120.30232,-97.976746,-75.39535,-95.89147,-74.310074,-87.0,-84.023254,-94.0155,-81.76744,-70.27132,-53.271317,-67.0,-69.57365,-65.20155,-70.81396,-76.75969,465.96124,-122.441864,-140.21706,-64.674416,-51.953487,-63.426357,-40.5969,-97.72093,-100.45737,-111.57365,-90.976746,-81.04651,-79.0,-91.441864,-88.27132,-92.860466,-83.209305,-72.89147,442.86823,-133.58139,-183.29457,-91.92248,-74.72093,-67.95349,-52.4031,-51.395348,-33.248062,-5.2093024,41.697674,117.92248,167.12402,128.7907,-38.465115,-172.81395,-194.34883,-183.93024,-178.06201,-164.0,-148.84496,-135.49612,-121.16279,-119.565895,-118.0,-117.06977,-109.36434,-106.77519,-110.5814,-106.0,-99.434105,-101.0,-96.23256,-94.12403,-94.0,-99.06201,-89.031006,-87.0,0.004,0.0023627698,0.0007255397,0.0016641474,0.0046526534,0.007641159,0.010629664,0.012715988,0.011342946,0.009964405,0.008340378,0.006015172,0.00037655173,-0.005262069,-0.011115988,-0.01706583,-0.016219668,-0.008761175,-0.0023141762,0.0023473818,0.0057963263,0.004855301,0.0040366896,0.0044394485,0.004842207,0.0041494253,0.0027509579,0.0018120133,0.0014060066,0.001,0.048,0.048818614,0.049637232,0.04987199,0.049642105,0.049412217,0.049182333,0.048621316,0.046790596,0.045047462,0.047212828,0.055471726,0.09252552,0.1295793,0.12390282,0.09918809,0.07967561,0.065224774,0.054988507,0.05219157,0.04959265,0.0477106,0.04592662,0.045121104,0.044315588,0.044850573,0.046249043,0.04775195,0.049375974,0.051,-0.32,-0.27088308,-0.22176619,-0.22944261,-0.28231618,-0.33518973,-0.3880633,-0.4186395,-0.36371785,-0.30916944,-0.2712755,-0.20271724,0.010744828,0.2242069,0.267837,0.23579937,0.1585696,0.037369095,-0.05011494,-0.07808429,-0.10814696,-0.14578795,-0.18366897,-0.22394483,-0.26422068,-0.2516475,-0.20503193,-0.18,-0.18,-0.18,1.27,1.3846061,1.4992123,1.5423193,1.5285262,1.5147331,1.50094,1.4928402,1.5065706,1.5181016,1.4314868,1.3072413,1.0051724,0.7031034,0.698652,0.8268025,0.9986845,1.2131162,1.3348275,1.2928736,1.2661102,1.294341,1.3141297,1.2496883,1.185247,1.125977,1.0700383,1.0587987,1.0993993,1.14,0.69,0.7391169,0.7882338,0.78567785,0.7419997,0.6983215,0.65464336,0.62,0.62,0.6211865,0.67532074,0.72984827,0.7862345,0.8426207,0.86,0.86,0.8529119,0.8389272,0.8215709,0.7982631,0.7749081,0.7513825,0.73,0.73,0.73,0.7470115,0.77498084,0.7937597,0.8018799,0.81,-0.41,-0.41,-0.41,-0.40743977,-0.40284207,-0.39824438,-0.39364666,-0.39094672,-0.39552352,-0.3997627,-0.38893586,-0.38492414,-0.41311723,-0.44131035,-0.36768025,-0.2486834,-0.20653895,-0.23916987,-0.2954023,-0.39329502,-0.47,-0.47,-0.4703669,-0.47439447,-0.47842208,-0.47149426,-0.45750958,-0.44248053,-0.42624027,-0.41,-2.19,-2.2513962,-2.3127923,-2.292636,-2.2075784,-2.122521,-2.0374634,-1.976627,-2.0086646,-2.0398815,-2.034468,-2.0342207,-2.0583863,-2.0825517,-2.0171788,-1.9119122,-1.8529118,-1.8389271,-1.8232567,-1.8046105,-1.8246245,-1.9845988,-2.126331,-2.0860553,-2.0457792,-2.0696936,-2.1349554,-2.1399221,-2.0749612,-2.01,0.42,0.4363723,0.4527446,0.4497591,0.4313683,0.4129775,0.39458668,0.36201254,0.2750533,0.1907119,0.22319244,0.26195863,0.3304276,0.39889655,0.4706583,0.54388714,0.59181356,0.6151213,0.5777395,0.43323117,0.33222044,0.38868192,0.43743172,0.4092386,0.38104552,0.3870115,0.41498083,0.43939933,0.45969966,0.48,1.26,1.2149762,1.1699524,1.1653614,1.1929476,1.2205337,1.24812,1.2690533,1.2644765,1.2591695,1.2212754,1.1864828,1.1663449,1.1462069,1.1463323,1.1554859,1.176539,1.2091699,1.2215708,1.198263,1.18,1.18,1.1873379,1.2678896,1.3484414,1.323295,1.2300639,1.2100779,1.275039,1.34,0.0,0.0,0.0,0.0,0.0,0.0,0.0,0.0,0.0,0.0,0.0,0.0,0.0,0.0,0.0,0.0,0.0,0.0,0.0,0.0,0.0,0.0,0.0,0.0,0.0,0.0,0.0,0.0,0.0,0.0
-183.0,-148.969,-130.06201,-122.30232,-111.0,-101.0,-124.5814,-102.78294,-102.13178,-110.093025,-98.82946,-105.612404,-81.790695,-87.58915,-80.736435,-87.0,-87.496124,-94.68217,-70.04651,-74.05426,-60.7907,-68.62791,-65.0,-67.0,-78.860466,-14.713179,705.3721,-516.76746,-139.37985,-62.64341,-54.511627,-55.5969,-31.015503,-95.023254,-100.05426,-107.57365,-81.209305,-77.852715,-79.0,-94.790695,-88.24031,-88.45737,-80.04651,-17.666666,681.78296,-529.8605,-167.8062,-93.674416,-71.69768,-60.48062,-52.32558,-46.046513,-25.356588,7.395349,74.76744,145.90698,166.65892,77.34884,-112.35659,-189.23256,-193.13954,-185.8372,-166.3876,-161.06976,-140.05426,-129.96124,-118.0,-119.92248,-115.83721,-119.72093,-111.0,-106.20155,-107.76744,-105.60465,-99.29457,-99.0,-96.0,-94.0,-97.04651,-91.0,-88.51938,60.627907,132.6124,167.43411,121.69768,-39.43411,-185.0,-204.18605,-198.0,-176.48062,-157.44186,-147.0,-126.72093,-118.88372,-126.62791,-119.310074,-122.441864,-116.99225,-118.96124,-116.0,-102.147285,-106.0,-100.06977,-101.0,-101.0,-99.0,-91.0,-97.976746,-99.65116,-78.550385,-70.5969,-80.60465,-87.0,-85.24031,-86.30232,-83.08527,153.86046,362.18604,-332.82172,-138.21706,-80.39535,-73.503876,-52.457363,-50.744186,-33.775192,-14.124031,23.44186,93.379845,151.81395,147.0,0.0,0.0020500908,0.00393511,0.00260721,0.0012793103,0.0024240103,0.004227331,0.004109517,0.0025514483,0.0009154616,-0.018979236,-0.03717776,-0.039064955,-0.040952154,-0.042,-0.042,-0.042,-0.042415675,-0.042858306,-0.040182684,-0.036038883,-0.03825739,-0.04260468,-0.03825532,-0.023234043,-0.011869593,-0.0039021943,-0.00086833857,-0.01193417,-0.023,0.046,0.048562612,0.051,0.051,0.051,0.050644,0.05019317,0.05,0.05,0.05002225,0.055257693,0.05996445,0.05958701,0.05920957,0.059710007,0.061306387,0.06290277,0.062584326,0.062141694,0.06340866,0.06548056,0.06567426,0.065239534,0.08476889,0.12879677,0.15642507,0.1688188,0.17100126,0.14400062,0.117,-0.04,-0.050250452,-0.0604326,-0.069285266,-0.078137934,-0.07287995,-0.063863344,-0.013249655,0.06854896,0.14979978,0.10268076,0.053956162,-0.010208501,-0.07437316,-0.11532504,-0.12729791,-0.13927077,-0.20650783,-0.27732915,-0.22956713,-0.12597212,-0.14234605,-0.19886084,-0.10673514,0.16779163,0.3298307,0.38737303,0.4013166,0.2906583,0.18,1.24,1.2553756,1.2818966,1.5253448,1.7687931,1.7238793,1.6021552,1.538869,1.5193931,1.4994216,1.3633,1.2410666,1.2523898,1.2637129,1.2557999,1.2238722,1.1919446,1.2939185,1.4045768,1.4188701,1.3877916,1.3539408,1.3191626,1.20697,0.9997799,0.8541066,0.76557994,0.68852663,0.6442633,0.6,0.83,0.87100184,0.9112978,0.9378558,0.9644138,0.9379598,0.89738506,0.88667864,0.8983641,0.9104449,1.0151539,1.1068003,1.0728308,1.0388613,1.02,1.02,1.02,1.0449405,1.0714984,1.0342187,0.9668819,0.9532574,0.9576047,0.97860605,1.020044,1.0445894,1.053442,1.049674,1.009837,0.97,-0.42,-0.4558766,-0.4947586,-0.59213793,-0.68951726,-0.6708397,-0.6212484,-0.58664274,-0.5632717,-0.5402447,-0.59783465,-0.6496445,-0.6458701,-0.6420957,-0.6257999,-0.59387225,-0.5619446,-0.6015674,-0.64583075,-0.6529567,-0.6425972,-0.62697047,-0.6095813,-0.590697,-0.569978,-0.56,-0.56,-0.5795047,-0.6547524,-0.73,-2.0,-2.0615027,-2.1169717,-2.0550032,-1.9930345,-1.9906801,-2.004205,-2.0077739,-2.0038786,-1.9999111,-1.9789692,-1.9663993,-2.0343385,-2.1022775,-2.14,-2.14,-2.14,-2.1150596,-2.0885015,-2.08,-2.08,-2.0930295,-2.1104188,-2.04325,-1.8723184,-1.8313041,-1.9109781,-1.9929467,-2.0814734,-2.17,0.26,0.27025044,0.28648904,0.419279,0.55206895,0.5621999,0.53965837,0.5055117,0.4626648,0.4196218,0.33061922,0.25995457,0.36563754,0.4713205,0.50869983,0.46080837,0.4129169,0.43494043,0.46149844,0.46295673,0.4525972,0.44674262,0.44239533,0.45628026,0.4925385,0.45722258,0.35541692,0.31097806,0.43048903,0.55,1.36,1.1396153,0.9328119,0.99035424,1.0478965,1.1205205,1.1971616,1.23,1.23,1.2301335,1.2615461,1.29,1.29,1.29,1.3042002,1.3361278,1.3680553,1.2702383,1.1640062,1.1969112,1.2953265,1.3460591,1.3808374,1.4023257,1.4075055,1.3824639,1.329348,1.2704953,1.1952477,1.12,0.0,0.0,0.0,0.0,0.0,0.0,0.0,0.0,0.0,0.0,0.0,0.0,0.0,0.0,0.0,0.0,0.0,0.0,0.0,0.0,0.0,0.0,0.0,0.0,0.0,0.0,0.0,0.0,0.0,0.0
-74.0,-54.92248,-52.90698,-35.76744,-11.255814,28.093023,105.325584,162.08527,143.4031,-5.2093024,-160.72093,-193.34108,-185.44186,-181.58914,-164.0,-152.37209,-136.50388,-123.68217,-118.558136,-118.0,-114.550385,-113.39535,-109.29457,-109.06977,-106.0,-101.449615,-101.0,-97.74419,-95.13178,-94.0,-100.06977,-90.03876,-87.0,90.30232,151.32558,165.57364,60.302326,-113.99225,-191.23256,-208.97675,-193.03876,-170.8217,-147.44186,-140.33333,-123.63566,-125.5814,-120.00775,-123.0,-125.0,-119.03876,-116.449615,-113.62791,-100.612404,-97.78294,-103.0,-101.0,-101.0,-94.5814,-93.69768,-99.0,-94.34884,-86.45737,-65.0,-86.88372,-88.9845,-82.0155,-87.0,-70.023254,584.3798,-397.6744,-136.34883,-71.91473,-59.395348,-54.07752,-55.44186,-44.67442,-20.108526,2.3255813,53.44186,122.94574,159.0,-211.27907,-203.10077,-186.56589,-171.58139,-155.41086,-141.33333,-132.0,-129.27132,-125.0,-136.2093,-127.05426,-125.13178,-119.11628,-120.0,-114.5814,-121.46512,-108.0,-109.36434,-118.34884,-107.496124,-87.86822,-84.906975,-104.37209,-97.16279,-101.0,-86.496124,-88.36434,457.6279,-244.2093,-174.70543,-87.674416,-77.00775,-68.736435,-67.093025,-55.65116,-49.00775,-10.860465,26.100775,98.968994,138.60464,100.46512,-63.162792,-190.95349,-206.84496,-205.43411,-193.23256,-166.37209,-152.0,-137.0,0.046,0.022837749,0.0036677115,0.0083197495,0.012971787,0.013410178,0.013822859,0.01652146,0.020939222,0.025356984,0.034501914,0.04445211,0.041808777,0.03483072,0.028164025,0.021709848,0.018522207,0.019750345,0.020978482,0.011269188,0.00354255,0.0068288515,0.010148054,0.0143733,0.018598545,0.01752983,0.01590531,0.014275035,0.012637517,0.011,0.195,0.14975281,0.10579185,0.06950596,0.033220064,0.023976084,0.014897108,0.0040659886,-0.008082858,-0.020231705,-0.025643678,-0.029908046,-0.011619436,0.014431975,0.060619757,0.120551415,0.14873351,0.13399586,0.11925821,0.11197219,0.10607751,0.106546976,0.10681904,0.10165486,0.096490666,0.09930788,0.10296305,0.10300635,0.09850317,0.094,0.38,0.2722686,0.15863323,0.009768025,-0.13909718,-0.30817297,-0.47737208,-0.57521456,-0.6193922,-0.6635698,-0.79550445,-0.94238824,-0.85541064,-0.6879373,-0.67205966,-0.7596521,-0.7542979,-0.62329656,-0.49229518,-0.484594,-0.46294844,-0.35966465,-0.2573679,-0.18225245,-0.10713698,-0.19556102,-0.3011549,-0.32556415,-0.24778207,-0.17,-0.08,0.15700908,0.3933856,0.62598747,0.85858935,0.9994605,1.1397719,1.1915952,1.1768693,1.1621433,1.0425926,0.90518516,0.8353919,0.78887147,0.6795806,0.5274464,0.46436965,0.52168274,0.5789959,0.61243606,0.61984813,0.4977855,0.3773679,0.30225244,0.22713698,0.30453476,0.39794472,0.3992524,0.28462622,0.17,0.72,0.7900254,0.8306364,0.6957273,0.5608182,0.42464128,0.28845662,0.2047854,0.16060778,0.11643016,0.11404853,0.118786715,0.19613793,0.29848275,0.24958062,0.09744641,0.081368275,0.2492138,0.4170593,0.46324804,0.5170516,0.62033534,0.720329,0.72971845,0.7391079,0.6958949,0.6471593,0.63993657,0.6849683,0.73,-0.34,-0.40463883,-0.47001567,-0.53979623,-0.6095768,-0.6428142,-0.6758287,-0.6584818,-0.60325974,-0.5480377,-0.4630779,-0.37305236,-0.40537304,-0.47980565,-0.5209599,-0.53940046,-0.53955585,-0.51499313,-0.49043036,-0.479188,-0.48472634,-0.573926,-0.65736794,-0.58225244,-0.507137,-0.50735086,-0.5154734,-0.5145628,-0.50228137,-0.49,-1.11,-1.2715971,-1.4153417,-1.452558,-1.4897743,-1.5966463,-1.7039433,-1.7542025,-1.7615653,-1.7689283,-1.7902427,-1.8139336,-1.8995987,-2.0065956,-1.9952004,-1.9029979,-1.7890759,-1.6457931,-1.5025103,-1.47297,-1.4670516,-1.5703354,-1.6698354,-1.6651407,-1.660446,-1.6122195,-1.5594225,-1.5173131,-1.4886565,-1.46,0.22,0.26847914,0.3220188,0.4057555,0.48949215,0.5146107,0.53937155,0.627745,0.7639593,0.90017366,1.0738442,1.2538953,1.1234984,0.88624454,0.86945945,1.0031532,1.02952,0.9108,0.79208,0.7305339,0.6823252,0.69640934,0.7032553,0.51077193,0.3182885,0.38453475,0.47794473,0.49375173,0.41187587,0.33,1.41,1.5823703,1.7293323,1.7246803,1.7200282,1.6133537,1.5060568,1.4473927,1.4253039,1.403215,1.2906897,1.1627586,1.1576865,1.1949028,1.19904,1.1805996,1.2082952,1.2983587,1.388422,1.4710901,1.5407751,1.5454698,1.5458874,1.4285195,1.3111515,1.3257279,1.3541571,1.3555007,1.3227503,1.29,0.0,0.0,0.0,0.0,0.0,0.0,0.0,0.0,0.0,0.0,0.0,0.0,0.0,0.0,0.0,0.0,0.0,0.0,0.0,0.0,0.0,0.0,0.0,0.0,0.0,0.0,0.0,0.0,0.0,0.0
-118.0,-119.968994,-116.0,-105.674416,-106.0,-96.54263,-101.0,-101.0,-99.0,-91.0,-96.46512,-100.65891,-81.06977,-80.17054,-78.08527,-87.0,-87.75969,-84.790695,-85.60465,43.511627,579.35657,-482.97675,-164.92249,-85.434105,-71.48837,-49.937984,-54.775192,-38.813953,-15.131783,17.39535,83.30232,145.76744,153.04651,-213.46512,-196.41861,-181.91473,-163.2093,-149.13179,-138.23256,-132.0,-126.139534,-126.906975,-128.48837,-126.666664,-128.0,-119.39535,-118.57365,-115.18604,-119.27907,-114.07752,-106.0,-123.0,-97.35659,-82.89147,-90.34884,-106.29457,-100.34109,-99.23256,-86.69768,-35.775192,676.8837,-572.78296,-184.10077,-95.48837,-76.96124,-72.0155,-58.0,-54.92248,-32.24031,0.8372093,52.302326,121.00775,143.48837,40.751938,-134.33333,-200.81395,-210.35658,-199.6124,-185.90698,-155.87598,-145.31783,620.3721,-443.26358,-158.06201,-85.18604,-88.77519,-81.0,-70.860466,-63.720932,-34.899223,-3.4418604,49.023254,121.10078,154.0,96.47287,-90.736435,-210.86046,-218.00775,-216.92249,-204.86046,-182.49612,-168.17055,-155.76744,-140.22481,-148.93799,-148.27907,-144.50388,-143.97675,-145.65117,-136.37985,-134.35658,-126.39535,-124.47287,-120.0,-118.46512,-130.0,-112.81396,-96.93023,-109.63566,-118.0,-116.976746,-113.620155,-112.45737,-67.88372,678.42633,-617.24805,-197.86046,-102.565895,-82.0,-82.0,0.01,-0.0009611615,-0.010961721,-0.010506801,-0.010051882,-0.009600627,-0.009149843,-0.0037454844,0.0041253422,0.011617298,0.01649463,0.02137196,0.015071725,0.0031710344,-0.007283736,-0.009235949,-0.011188162,-0.016622158,-0.02453485,-0.027931035,-0.029283386,-0.031710852,-0.035350207,-0.03609483,-0.029088082,-0.025187774,-0.025638558,-0.026450807,-0.028725402,-0.031,0.125,0.1276098,0.13015312,0.13197279,0.13379247,0.13479875,0.13570032,0.15491626,0.18325123,0.20146693,0.1498485,0.09823007,0.066200554,0.04398593,0.02375156,0.015161824,0.0065720878,-0.0037791636,-0.015384446,-0.014034483,-0.0068219434,-0.0006475799,0.004356533,0.008,0.008,0.0068733543,0.004168652,0.0031720975,0.009086049,0.015,-0.0,-0.015658801,-0.026172098,0.019319836,0.064811766,0.058018807,0.0444953,0.032118227,0.020311987,0.0089711705,0.0008422838,-0.0072866026,-0.1315669,-0.31404415,-0.47624218,-0.51919085,-0.5621396,-0.5615114,-0.5298606,-0.582069,-0.6722257,-0.70289147,-0.66649795,-0.6341379,-0.6125787,-0.5680784,-0.49144515,-0.43811452,-0.47905725,-0.52,0.37,0.3491216,0.31966466,0.19683644,0.07400823,0.032043885,0.0004890282,-0.017881773,-0.029688014,-0.010163934,0.22557376,0.4613115,0.6800662,0.8903117,1.0949688,1.2667634,1.4385582,1.4452899,1.3345121,1.2937931,1.2847774,1.2222588,1.0994306,1.0158621,1.0374213,1.0218339,0.9542163,0.9135242,0.9817621,1.05,0.68,0.7008784,0.7177033,0.6904081,0.66311294,0.6440251,0.6259937,0.62788177,0.639688,0.6463991,0.617948,0.5894969,0.51921654,0.42797792,0.3482976,0.3365843,0.32487103,0.42168745,0.59576666,0.63758624,0.6195549,0.5928915,0.55649793,0.54465514,0.59855324,0.64126647,0.6683135,0.6918032,0.7009016,0.71,-0.49,-0.4273648,-0.3661721,-0.32068017,-0.27518824,-0.28597492,-0.30400628,-0.2863547,-0.25093597,-0.22360091,-0.252052,-0.28050312,-0.33228415,-0.3957545,-0.47099647,-0.6154602,-0.759924,-0.7059868,-0.51080704,-0.45931035,-0.47283384,-0.4393673,-0.3529326,-0.28560343,-0.26943403,-0.23183386,-0.1642163,-0.11721291,-0.15360646,-0.19,-1.32,-1.2625844,-1.211914,-1.2346599,-1.2574059,-1.2639937,-1.2685015,-1.2463547,-1.210936,-1.207264,-1.4226794,-1.638095,-1.7469987,-1.8025352,-1.870429,-2.0109882,-2.1515477,-2.1730227,-2.1097212,-2.09,-2.09,-2.085723,-2.0766244,-2.0773275,-2.1042767,-2.1068559,-2.075301,-2.038279,-1.9791396,-1.92,0.13,0.1613176,0.18502373,0.12588422,0.0667447,0.14386834,0.23853292,0.24372742,0.20437329,0.17720181,0.23410401,0.2910062,0.35492688,0.42236415,0.49305186,0.5828537,0.67265546,0.7130814,0.71835655,0.76965517,0.84178054,0.9099399,0.9736286,1.0287931,1.061132,1.0837555,1.0927712,1.0864758,1.018238,0.95,1.39,1.52049,1.6411483,1.654796,1.6684436,1.6739937,1.6785016,1.6983908,1.7259387,1.75,1.75,1.75,1.6918594,1.6045876,1.5044638,1.3287646,1.1530654,1.0122083,0.89615554,0.9531034,1.0883386,1.1471686,1.1198734,1.1073276,1.1342766,1.134978,1.0989153,1.0681968,1.0590984,1.05,0.0,0.0,0.0,0.0,0.0,0.0,0.0,0.0,0.0,0.0,0.0,0.0,0.0,0.0,0.0,0.0,0.0,0.0,0.0,0.0,0.0,0.0,0.0,0.0,0.0,0.0,0.0,0.0,0.0,0.0
-108.0,-112.89147,-113.310074,-112.53488,-88.87597,-82.387596,-99.83721,-98.674416,-101.0,-90.023254,-90.379845,265.14728,85.325584,-239.20155,-112.36434,-86.5814,-72.263565,-71.62791,-57.162792,-51.52713,-15.899225,17.534883,85.86822,133.56589,118.60465,-31.418604,-179.86821,-205.8372,-208.96124,-195.75194,-172.41861,-152.0,-138.51163,507.90698,-429.8062,-163.81395,-116.023254,-86.86822,-80.76744,-65.0,-47.457363,-33.55039,5.255814,90.0,145.64342,152.60464,20.069767,-163.62015,-218.48837,-221.27907,-212.67442,-196.67442,-174.77519,-161.89148,-147.81395,-141.26357,-138.31783,-145.81395,-148.79845,-146.82945,-140.34883,-144.56589,-132.0,-123.04651,-125.0,-122.976746,-125.11628,-124.8062,-101.0,-94.62791,-116.17054,-120.30232,-116.23256,-106.263565,-106.23256,186.86046,183.86821,-307.9845,-144.34883,-100.60465,-85.07752,-85.93023,-70.0,-55.860466,-27.488373,10.992249,88.0,145.48837,149.71318,-5.3100777,-159.23256,-225.76744,-220.72093,-196.32558,-189.08527,-167.58139,-153.02325,-136.96124,-125.4031,-128.25581,-123.89922,-120.17054,-126.25581,-118.387596,-114.16279,-110.39535,-114.06977,-104.976746,-101.93023,-99.620155,-101.0,-96.83721,-95.47287,-91.0,-97.16279,-76.17054,-72.4031,-78.62791,-87.34109,-88.689926,-86.5814,-82.0,-44.90698,739.8605,-568.2248,-165.71318,-87.976746,-62.155037,-62.046513,-48.0,-0.02,-0.02,-0.02,-0.016627649,-0.012170199,-0.010199448,-0.010588138,-0.010976828,-0.008144396,-0.0051077586,-0.0020178684,0.0010739812,-0.0007846395,-0.0047598747,-0.0044937306,0.0012482759,0.0066239913,0.010242113,0.009684227,-0.0042618136,-0.018007703,-0.018524578,-0.018716615,-0.015183073,-0.011649529,-0.0030689656,0.006648276,0.013596218,0.018298108,0.023,0.09,0.08732553,0.08465106,0.08602341,0.08869788,0.09079779,0.092352554,0.09390731,0.09495187,0.09596408,0.09727806,0.09860314,0.09930941,0.0997511,0.09980721,0.09936552,0.100337125,0.108090244,0.11271647,0.10731801,0.10197689,0.100426264,0.099177115,0.10138558,0.10359404,0.110489026,0.118439496,0.12351446,0.12625723,0.129,0.04,-0.035776652,-0.111553304,-0.12662765,-0.1221702,-0.11202207,-0.09647448,-0.080926895,-0.08475934,-0.0898204,-0.077219434,-0.06396865,-0.010495298,0.06017555,0.071081504,0.004827586,-0.06871974,-0.1772634,-0.25679117,-0.24329501,-0.22907557,-0.16705063,-0.10964577,-0.10522884,-0.10081191,-0.09278997,-0.083956115,-0.07567297,-0.067836486,-0.06,0.26,0.21542549,0.17085099,0.10604239,0.03472319,-0.027922759,-0.08233931,-0.13675587,0.026576867,0.20371409,0.22704075,0.24470846,0.2221536,0.18240125,0.1734953,0.20441379,0.20504035,0.060315482,-0.045721583,-0.027726693,-0.01038518,-0.036228906,-0.06318809,-0.10294044,-0.14269279,-0.16442007,-0.18208778,-0.14240266,-0.056201335,0.03,0.44,0.4667447,0.4934894,0.51686174,0.539149,0.54601103,0.5382372,0.53046346,0.51096267,0.4907184,0.5709436,0.6548652,0.6583417,0.6274232,0.6061442,0.59731036,0.5891086,0.58393985,0.5832088,0.59670496,0.6101541,0.62049156,0.6275204,0.5966019,0.56568336,0.570815,0.58406585,0.60730815,0.63865405,0.67,-0.62,-0.58879787,-0.5575957,-0.5702341,-0.5969788,-0.59404415,-0.56294894,-0.5318538,-0.5728341,-0.61838365,-0.59017867,-0.5592602,-0.621163,-0.72275233,-0.7433699,-0.65944827,-0.5748459,-0.48697725,-0.414652,-0.39215836,-0.36969185,-0.34901688,-0.33247963,-0.3633981,-0.3943166,-0.36394984,-0.31978056,-0.2848554,-0.2574277,-0.23,-1.6,-1.5955426,-1.5910851,-1.5630212,-1.5273616,-1.4800828,-1.4217793,-1.3634759,-1.4075934,-1.458204,-1.528163,-1.5988338,-1.5643072,-1.4848025,-1.44,-1.44,-1.444457,-1.4703008,-1.5039048,-1.5623883,-1.6182282,-1.499347,-1.3882289,-1.3661442,-1.3440596,-1.3796551,-1.4282414,-1.4391824,-1.4195912,-1.4,0.57,0.43181905,0.29363808,0.36454287,0.5027238,0.5480607,0.5053048,0.46254897,0.47903734,0.49928162,0.5042602,0.5086771,0.46977744,0.41235736,0.3896395,0.41172415,0.42821717,0.41787967,0.38112068,0.25965518,0.14100146,0.20819516,0.27141693,0.28908464,0.30675235,0.19824451,0.06131975,0.015144605,0.0425723,0.07,1.55,1.5366277,1.5232553,1.530117,1.5434895,1.6098344,1.7264414,1.8430483,1.7024605,1.5455675,1.5826019,1.6267712,1.6307179,1.617467,1.5618025,1.4513793,1.3680228,1.4145415,1.455348,1.4778416,1.5014637,1.5996698,1.6868119,1.6470596,1.6073072,1.6468652,1.7042853,1.725673,1.7178365,1.71,0.0,0.0,0.0,0.0,0.0,0.0,0.0,0.0,0.0,0.0,0.0,0.0,0.0,0.0,0.0,0.0,0.0,0.0,0.0,0.0,0.0,0.0,0.0,0.0,0.0,0.0,0.0,0.0,0.0,0.0
-217.0,-218.93799,-206.87598,-187.53488,-170.68993,-160.30232,-144.25581,-151.45737,-143.24031,-140.97675,-142.46512,-146.65892,-135.37209,-138.3876,-128.91473,-123.46512,-120.0,-119.47287,-130.0,-117.34884,-99.449615,-105.60465,-118.0,-120.503876,-116.139534,-109.93799,-83.503876,583.6977,-489.26358,-174.68217,-95.51163,-82.0,-80.48837,-71.88372,-63.67442,-49.860466,-18.418604,39.76744,118.96124,156.23256,107.23256,-79.325584,-199.88373,-220.66667,-209.44962,-199.39536,-183.00775,-162.35658,-152.0,-130.48062,-126.87597,-123.4186,-124.612404,-122.10853,-119.139534,-118.29457,-106.92248,-117.4186,-108.503876,-110.57365,-99.0,-99.0,-99.07752,-94.04651,-96.0,-99.0155,-90.83721,-74.0,-74.16279,-87.139534,-87.0,-86.69768,-83.76744,-81.34109,224.47287,260.86047,-268.83722,-117.790695,-88.34884,-66.550385,-58.31783,-119.48837,-116.64341,-105.29457,-106.60465,-105.77519,-103.333336,-101.69768,-92.72093,-104.79845,-89.76744,-96.06977,-90.031006,-78.11628,-82.65891,-85.689926,-96.441864,-89.99225,-80.558136,8.511628,578.6279,-503.36435,-166.90698,-88.34109,-66.22481,-56.88372,-50.496124,-36.294575,-31.27907,15.899225,69.93023,145.09302,153.31783,53.627907,-112.76744,-196.31007,-205.0,-195.93024,-177.1938,-150.55038,-140.27907,-123.86822,-120.54263,-127.72093,-123.0,-122.81396,-124.906975,-116.06201,-115.95349,-111.0,0.016,0.0043281424,-0.007343715,-0.028099373,-0.054884013,-0.07640177,-0.09205093,-0.10260248,-0.104256555,-0.10591062,-0.10226268,-0.09831188,-0.09436108,-0.07551357,-0.05759586,-0.064212136,-0.070828415,-0.07492912,-0.077800766,-0.079212785,-0.07585085,-0.07248893,-0.06448129,-0.05642708,-0.06828251,-0.08013793,-0.0851231,-0.08930094,-0.09165047,-0.094,0.092,0.06907313,0.046146274,0.011579937,-0.030711599,-0.06040177,-0.07605093,-0.08720496,-0.0905131,-0.09382124,-0.09773732,-0.10168812,-0.10563892,-0.10250257,-0.09926069,-0.10215531,-0.10504993,-0.10737794,-0.10942912,-0.109720774,-0.104257636,-0.098794505,-0.06980484,-0.03875166,-0.05961721,-0.08048276,-0.09694624,-0.11075925,-0.108879626,-0.107,0.15,-0.10011123,-0.35022247,-0.54603136,-0.7057994,-0.6800949,-0.44772857,-0.2578262,-0.14204139,-0.026256552,-0.04180101,-0.06484735,-0.087893695,-0.22490096,-0.35739312,-0.3284469,-0.2995007,-0.2569294,-0.20770115,-0.17688814,-0.20630501,-0.2357219,-0.06612986,0.12777919,0.06613097,0.0044827587,-0.04638487,-0.087592475,-0.06879624,-0.05,0.12,0.14501113,0.17002225,0.56694984,1.210721,1.5432711,1.5290446,1.599829,1.8189931,2.0381572,2.0562289,2.0628135,2.0693982,1.9900587,1.91,1.91,1.91,1.8714176,1.8139846,1.768032,1.7596271,1.7512224,1.6090242,1.4477792,1.3861309,1.3244828,1.4694624,1.6196301,1.694815,1.77,0.69,0.6649889,0.63997775,0.5198464,0.33658308,0.2108415,0.14919329,0.081382066,0.002813793,-0.075754486,-0.12360202,-0.1696947,-0.2157874,-0.3149303,-0.4051586,-0.3514014,-0.29764414,-0.2965353,-0.32114944,-0.3350799,-0.31406784,-0.2930558,-0.24300808,-0.18982917,-0.185087,-0.18034483,-0.18515387,-0.20023197,-0.280116,-0.36,-0.56,-0.568337,-0.5766741,-0.57152665,-0.5574295,-0.52757037,-0.48014867,-0.45451862,-0.46692413,-0.47932965,-0.4675423,-0.45437294,-0.4412036,-0.4050257,-0.37856552,-0.47367448,-0.56878346,-0.5669294,-0.51770115,-0.48688814,-0.516305,-0.5457219,-0.46541452,-0.37170833,-0.41913003,-0.46655172,-0.54215425,-0.60879624,-0.59939814,-0.59,-1.58,-1.6925501,-1.8051001,-1.762442,-1.6167711,-1.5938311,-1.7076432,-1.7393324,-1.6276828,-1.516033,-1.4539403,-1.3946782,-1.3354162,-1.6597579,-1.9788276,-1.8547724,-1.7307172,-1.6321265,-1.545977,-1.4839361,-1.5007458,-1.5175554,-1.5153008,-1.5142708,-1.632825,-1.7513793,-1.6156915,-1.4836112,-1.5118057,-1.54,0.53,0.6050334,0.68006676,0.6930533,0.66485894,0.6230845,0.56617844,0.44414622,0.20844138,-0.027263448,0.04097518,0.12657589,0.21217659,0.045128394,-0.13968275,-0.24719724,-0.3547117,-0.3211029,-0.21854407,-0.13606392,-0.119254276,-0.102444634,-0.14229274,-0.19170833,-0.23913002,-0.2865517,-0.2281535,-0.16458307,-0.122291535,-0.08,1.57,1.4616184,1.3532369,1.28458,1.2422884,1.1504682,1.0034609,0.9160248,0.9325655,0.9491062,0.9624577,0.97562706,0.9887964,0.900066,0.8073931,0.7784469,0.7495007,0.70968527,0.66455936,0.6408242,0.68705076,0.73327726,0.69300807,0.63914585,0.615435,0.59172416,0.6106155,0.6312038,0.6406019,0.65,0.0,0.0,0.0,0.0,0.0,0.0,0.0,0.0,0.0,0.0,0.0,0.0,0.0,0.0,0.0,0.0,0.0,0.0,0.0,0.0,0.0,0.0,0.0,0.0,0.0,0.0,0.0,0.0,0.0,0.0
-142.0,-127.92248,-131.78294,-124.906975,-122.689926,-127.76744,-116.37209,-115.674416,-106.86822,-115.5814,-103.46512,-106.46512,-100.62791,-101.0,-98.34884,-94.46512,-91.0,-99.68217,-81.209305,-73.41085,-77.620155,-88.34884,-87.68217,-85.06977,-82.0,-63.046513,641.6047,-433.18604,-139.00775,-76.89147,-64.674416,-63.55814,-50.51938,-116.976746,-107.72868,-111.0,-109.674416,-99.852715,-106.82171,-104.81396,-88.24031,-104.64341,-103.11628,-92.333336,-76.54263,-74.906975,-89.852715,-82.0,-95.27907,-83.68217,-78.12403,316.60464,-28.224806,-201.56589,-96.16279,-77.24031,-62.658916,-58.0,-37.2093,-36.170544,-8.5348835,30.348837,104.87597,156.81395,137.11627,-26.410852,-159.55814,-205.0,-204.72868,-189.51163,-168.1473,-146.49612,-136.18605,-125.0,-120.736435,-124.674416,-122.46512,-123.0,-121.95349,-115.325584,-117.51938,-74.441864,-68.64341,-53.573643,-45.88372,-34.410854,3.3333333,46.930233,117.1938,150.79845,118.95349,-46.062016,-179.10077,-203.88373,-203.79845,-192.32558,-163.55814,-149.51938,-135.96124,-133.39536,-126.852715,-128.86821,-128.0,-136.1938,-123.77519,-121.88372,-116.0,-114.976746,-113.976746,-111.449615,-105.11628,-102.39535,-100.84496,-100.503876,-95.53488,-105.34884,-100.41085,-77.0,-71.65891,-90.379845,-87.0,-90.75194,-84.54263,-77.93023,451.55038,-193.64342,-138.65117,-79.48062,-74.449615,-65.0,0.028,0.02759387,0.027187739,0.026126437,0.024501916,0.022751978,0.019465676,0.016179373,0.015225931,0.014407173,0.014944005,0.016821891,0.016779587,0.013504552,0.010229518,0.006999068,0.003771979,-0.00034890618,-0.0047508343,-0.0026640713,-0.00018798665,0.002932147,0.0066462737,0.009788701,0.007611152,0.0055706343,0.003919911,0.0022750346,0.00063751725,-0.001,0.072,0.07281226,0.07362452,0.07137931,0.066505745,0.06401961,0.0907795,0.11753938,0.086489104,0.05210124,0.032639988,0.02794527,0.021948965,0.01376138,0.0055737933,0.009287045,0.013897173,0.0137441605,0.012093437,0.012,0.012,0.011785317,0.011372636,0.011158474,0.012791636,0.013856878,0.013306637,0.014449931,0.017724965,0.021,-0.48,-0.4718774,-0.4637548,-0.48402297,-0.5286973,-0.55370134,-0.33774439,-0.12178741,-0.34996137,-0.6037766,-0.70639986,-0.6594527,-0.62694895,-0.61876136,-0.61057377,-0.56712955,-0.5210283,-0.47232482,-0.4228031,-0.42778644,-0.43604004,-0.44858733,-0.46509454,-0.48316947,-0.5158327,-0.50851315,-0.38746014,-0.3471862,-0.40859312,-0.47,0.34,0.29532567,0.25065133,0.3151724,0.47356322,0.6068902,0.4331857,0.2594812,0.42803586,0.61635035,0.79496044,0.96397024,1.076102,1.0924772,1.1088524,1.0285461,0.94095373,1.0330256,1.1815907,1.1549611,1.1178198,1.0484761,0.94943273,0.8483786,0.7286134,0.65288097,0.70240265,0.7644359,0.8422179,0.92,0.59,0.5818774,0.5737548,0.5437931,0.49505746,0.4599209,0.59137297,0.72282505,0.64872277,0.5627531,0.49167985,0.43534324,0.4244083,0.48990896,0.55540967,0.5771482,0.5955887,0.5623248,0.51280314,0.46717465,0.42177975,0.412881,0.43764183,0.46633896,0.53166544,0.5943122,0.6493363,0.68,0.68,0.68,-0.5,-0.4959387,-0.4918774,-0.52931035,-0.6024138,-0.66858274,-0.6498039,-0.631025,-0.6532221,-0.6777848,-0.69708,-0.7111642,-0.7215255,-0.7256193,-0.7297131,-0.734287,-0.73889714,-0.64790505,-0.5268521,-0.5122136,-0.50395995,-0.50644046,-0.51882094,-0.5241893,-0.46430668,-0.42858732,-0.4616018,-0.4781876,-0.4740938,-0.47,-1.75,-1.7703065,-1.790613,-1.7716092,-1.7188122,-1.677795,-1.7810788,-1.8843626,-1.9944993,-2.1050317,-2.1080797,-2.004796,-1.9537296,-1.9905738,-2.027418,-2.115741,-2.2079434,-2.1211605,-1.9780979,-2.07901,-2.1945605,-2.2564404,-2.268821,-2.2810564,-2.2919443,-2.2441823,-2.0295885,-1.9553103,-2.057655,-2.16,1.02,1.0524905,1.0849808,1.027931,0.893908,0.76787406,0.7397058,0.7115375,0.6132414,0.51089656,0.5378804,0.69280607,0.8250869,0.9192441,1.0134014,0.925685,0.8242622,0.8376752,0.8871969,0.9133593,0.9381201,0.9435595,0.9311791,0.9083786,0.7886134,0.70858735,0.74160177,0.7165021,0.618251,0.52,1.33,1.3462452,1.3624904,1.3547126,1.3262836,1.2992914,1.289902,1.2805125,1.2529076,1.224251,1.2241601,1.2523284,1.2776276,1.2980965,1.3185655,1.2171109,1.1064678,1.0967445,1.1187541,1.1667186,1.2162403,1.2185317,1.1772636,1.1347176,1.0802788,1.0586059,1.1301372,1.1663752,1.1581876,1.15,0.0,0.0,0.0,0.0,0.0,0.0,0.0,0.0,0.0,0.0,0.0,0.0,0.0,0.0,0.0,0.0,0.0,0.0,0.0,0.0,0.0,0.0,0.0,0.0,0.0,0.0,0.0,0.0,0.0,0.0
-91.0,-79.04651,-49.43411,672.3488,-588.5194,-164.3876,-78.76744,-65.21706,-55.372093,-54.023254,-33.775192,-34.806202,10.860465,57.837208,138.03876,155.8372,85.37209,-90.5969,-187.74419,-205.0,-198.44962,-180.72093,-155.58914,-141.28682,-127.39535,-123.06201,-126.209305,-123.0,-121.30232,-123.89922,-117.06977,-114.441864,-113.51938,-69.558136,-62.36434,-56.627907,-41.0,-25.263565,19.891474,70.69768,132.34108,151.91473,62.534885,-117.333336,-196.8217,-208.48837,-198.57364,-175.06976,-152.06976,-148.20155,-135.0,-126.46512,-131.6124,-128.0,-129.67442,-132.73643,-120.39535,-118.5814,-116.0,-116.0,-106.48837,-108.27132,-110.8062,-105.88372,-94.03876,-95.9845,-101.04651,-106.0,-86.45737,-73.72093,-82.42635,-90.5969,-89.0,-90.736435,-88.70543,-23.465117,682.82947,-553.7132,-172.02325,-93.69768,-68.20155,-37.488373,-17.20155,16.015503,84.25581,144.22481,151.33333,31.627907,-131.66667,-202.55814,-206.2093,-193.89148,-176.29457,-157.90698,-139.71318,-129.89148,-125.0,-125.48062,-124.03876,-125.325584,-113.0,-118.86822,-116.0,-111.0,-103.0,-107.25581,-99.0,-102.70543,-94.0,-99.0,-91.93799,-102.39535,-78.84496,-63.984497,-81.30232,-89.434105,-89.0,-91.0,-89.0,97.86822,473.81396,-381.13177,-156.17055,-98.25581,-73.84496,-65.12403,-55.0,-45.09302,-29.108526,4.0,-0.021,-0.026569432,-0.03213886,-0.038993355,-0.046082884,-0.045613576,-0.042342637,-0.035389874,-0.019145697,-0.005283199,-0.0074754218,-0.009667645,-0.008404619,-0.0017877254,0.0022088122,-0.0006532567,-0.0035153257,-0.0053657372,-0.0069774296,-0.003230721,0.00051598746,-0.00061665114,-0.0024731283,-0.0047569787,-0.0072101806,-0.0077335425,-0.0030501566,0.0015065831,0.0052532917,0.009,-0.003,-0.0025358808,-0.0020717615,-0.002,-0.002,-0.0014033936,-0.0005856595,0.015542715,0.07030879,0.11922719,0.12872683,0.13822646,0.13639924,0.117021196,0.10153065,0.09621538,0.09090011,0.08635803,0.08197179,0.077288404,0.072605014,0.071191676,0.07026344,0.08551998,0.10718993,0.11426144,0.08194608,0.0517837,0.03539185,0.019,-0.39,-0.42248836,-0.4549767,-0.5558937,-0.6693262,-0.7,-0.7,-0.6183349,-0.33058092,-0.08519198,-0.12538274,-0.1655735,-0.18073077,-0.15709902,-0.13095786,-0.0982485,-0.06553914,-0.12373441,-0.20019749,-0.23298119,-0.2657649,-0.20533395,-0.13107486,-0.074860424,-0.025796387,-0.0077304076,-0.073297806,-0.14076489,-0.22038245,-0.3,1.2,1.2324884,1.2649767,1.1661152,1.0432299,1.0786097,1.1726491,1.1873128,1.0016651,0.835752,0.80286866,0.7699853,0.6758463,0.48679215,0.38616857,0.51700604,0.6478435,0.5561886,0.42081818,0.5566364,0.6924545,0.5281268,0.31927305,0.29806787,0.35122058,0.43432602,0.5982445,0.74823195,0.809116,0.87,0.38,0.33358806,0.28717613,0.28,0.28,0.30983034,0.350717,0.41292948,0.52895933,0.624808,0.58461726,0.5444265,0.56819993,0.6910851,0.8003448,0.8739409,0.94753695,0.93723774,0.9100564,0.9194232,0.92879,0.9744579,1.025511,1.069283,1.1101696,1.0994734,0.949605,0.8130345,0.7615172,0.71,-0.56,-0.45789376,-0.35578752,-0.37596014,-0.41849732,-0.43298304,-0.4370717,-0.44526872,-0.46383348,-0.476224,-0.44699436,-0.41776472,-0.45190763,-0.5842455,-0.6811303,-0.68521893,-0.68930763,-0.7173147,-0.7500282,-0.7547116,-0.759395,-0.75191677,-0.74263436,-0.6902189,-0.62071157,-0.55480254,-0.49860188,-0.4474671,-0.42873353,-0.41,-2.03,-1.9835881,-1.9371761,-2.069845,-2.2352674,-2.2442036,-2.1951396,-2.137608,-2.0587077,-1.981032,-1.9116117,-1.8421912,-1.8426384,-1.9513445,-2.0277395,-2.019562,-2.0113847,-2.0054476,-2.0001411,-2.023558,-2.046975,-2.005542,-1.954489,-1.9575698,-1.9821018,-2.0063324,-2.0297492,-2.0575988,-2.1137993,-2.17,0.84,0.8075116,0.7750233,0.7819867,0.79616576,0.8059661,0.8141434,0.8279031,0.85575026,0.883304,0.90887994,0.9344559,0.9184846,0.8381367,0.78,0.78,0.78,0.83918196,0.91025394,0.9524044,0.9945549,0.9110842,0.80897796,0.80049807,0.8291188,0.86899686,0.93924767,0.9803699,0.83518493,0.69,1.39,1.3250233,1.2600466,1.2380133,1.2238343,1.2677286,1.3331473,1.3457533,1.2250823,1.123776,1.1530056,1.1822352,1.1944385,1.1802595,1.1733907,1.1856568,1.1979228,1.1817901,1.16079,1.2919247,1.4230596,1.298543,1.1361012,1.1046414,1.1250849,1.1830596,1.3422947,1.4724013,1.4162006,1.36,0.0,0.0,0.0,0.0,0.0,0.0,0.0,0.0,0.0,0.0,0.0,0.0,0.0,0.0,0.0,0.0,0.0,0.0,0.0,0.0,0.0,0.0,0.0,0.0,0.0,0.0,0.0,0.0,0.0,0.0
-147.0,-136.969,-134.90698,-123.325584,-129.87598,-128.0,-135.18605,-124.78294,-120.37209,-116.0,-113.46512,-115.48837,-108.93023,-103.60465,-104.91473,-104.37209,-99.496124,-94.52713,-103.83721,-103.93799,-77.0,-70.65116,-88.36434,-87.0,-89.74419,-87.06201,-82.968994,266.6279,150.50388,-254.03876,-119.790695,-89.06201,-68.52713,-32.418606,-1.2015504,40.65116,114.39535,153.58914,121.147285,-45.255814,-173.88373,-213.1783,-205.0,-184.66667,-170.58914,-149.11627,-132.00775,-130.54263,-127.23256,-120.72093,-127.325584,-117.46512,-115.4186,-116.35659,-113.48837,-106.736435,-105.60465,-106.23256,-102.5969,-96.42635,-98.65116,-94.27132,-102.65116,-94.16279,-77.0,-72.05426,-87.093025,-89.0,-89.10853,-90.860466,-79.27132,530.8837,-296.11627,-131.45737,-83.325584,-76.18604,-69.46512,-57.418606,-51.953487,-39.87597,-11.116279,-91.0,-102.45737,-98.00775,-95.976746,-81.77519,-78.666664,-91.441864,-89.0,-92.860466,-88.23256,-78.17829,88.45737,448.06976,-414.10077,-153.84496,-79.0,-67.48062,-63.44186,-46.395348,-26.248062,-14.209302,20.976744,100.503876,155.57364,154.58139,20.821705,-150.69768,-214.02325,-214.82945,-199.47287,-177.95349,-159.52713,-135.22481,-130.46512,-122.34884,-122.0155,-130.0,-123.0,-124.689926,-116.0,-118.24806,-115.674416,-112.81396,-108.23256,-103.18604,-106.0,-112.78294,-91.263565,-87.0,-0.037,-0.023451613,-0.009903226,-0.002,-0.002,-0.001936508,-0.0015555555,-0.0011746031,-0.0021818182,-0.0043636365,-0.0048990827,-0.00049541285,0.003908257,-0.005170732,-0.014536586,-0.019454546,-0.018145455,-0.016563637,-0.013072727,-0.009581818,-0.008354839,-0.0075806454,-0.007214286,-0.008071428,-0.008928572,-0.007,-0.004818182,-0.006857143,-0.011428571,-0.016,0.066,0.07335484,0.08070968,0.08555555,0.08688889,0.08742857,0.084,0.08057143,0.08230909,0.08841818,0.09355046,0.09575229,0.09795413,0.09723577,0.09645528,0.10054545,0.11145455,0.12094545,0.12050909,0.12007273,0.088709675,0.05116129,0.017642858,-0.0037857143,-0.025214287,-0.0366,-0.047072727,-0.048142858,-0.043571427,-0.039,0.07,0.10096774,0.13193548,0.14814815,0.1437037,0.1463492,0.18444444,0.22253968,0.20690909,0.14581819,0.09119266,0.055963304,0.020733945,0.09642276,0.17447154,0.21818182,0.21381818,0.20836364,0.19527273,0.18218182,0.012258065,-0.18903226,-0.36035714,-0.44178572,-0.5232143,-0.566,-0.6052727,-0.60571426,-0.58285713,-0.56,-0.18,-0.0716129,0.036774192,0.046296295,-0.08259259,-0.17349206,-0.07444444,0.024603175,0.041636363,-0.010727272,-0.068715595,-0.14357798,-0.21844037,-0.19325203,-0.16593497,-0.14272727,-0.12527272,-0.09745455,0.0029090908,0.10327273,0.26193547,0.43225807,0.57607144,0.64035714,0.70464283,0.654,0.5929091,0.5747619,0.58238095,0.59,1.17,1.162258,1.1545161,1.1444445,1.1311111,1.1219047,1.1333333,1.1447619,1.1287273,1.0894545,1.0500917,1.0104587,0.9708257,1.0082114,1.0472357,1.0536363,1.0143636,0.98981816,1.0683637,1.1469091,1.0567741,0.93290323,0.8314286,0.79714286,0.76285714,0.632,0.49236363,0.45904762,0.4895238,0.52,-0.68,-0.62580645,-0.5716129,-0.5437037,-0.5525926,-0.5549206,-0.52444446,-0.49396825,-0.52254546,-0.6010909,-0.6710092,-0.71504587,-0.75908256,-0.6912195,-0.6209756,-0.5690909,-0.5429091,-0.5287273,-0.59854543,-0.66836363,-0.60580647,-0.5167742,-0.43285716,-0.3642857,-0.2957143,-0.354,-0.42381817,-0.3595238,-0.2147619,-0.07,-1.64,-1.6670967,-1.6941936,-1.721111,-1.7477778,-1.7680953,-1.7566667,-1.7452381,-1.7423637,-1.7467272,-1.7455963,-1.7279817,-1.710367,-1.7405691,-1.7717886,-1.7754545,-1.7405455,-1.7236364,-1.8327273,-1.9418182,-1.976129,-1.9954839,-2.0292857,-2.1064286,-2.1835713,-2.162,-2.1314545,-2.117619,-2.1138096,-2.11,0.78,0.81096774,0.84193546,0.8192593,0.7214815,0.64444447,0.6711111,0.69777775,0.68636364,0.64272726,0.61,0.61,0.61,0.69406503,0.7799187,0.78818184,0.68781817,0.6021818,0.61963636,0.6370909,0.7367742,0.85290325,0.9217857,0.8489286,0.7760714,0.91,1.0627273,1.0795238,1.0147619,0.95,1.33,1.3416129,1.3532258,1.3192593,1.2214814,1.1514286,1.22,1.2885715,1.3247273,1.3334545,1.3322936,1.3014679,1.2706422,1.2661788,1.2622764,1.2418182,1.1981819,1.1621819,1.1796364,1.1970909,1.2483871,1.3064516,1.2975,1.0875,0.8775,0.864,0.8683636,0.87,0.87,0.87,0.0,0.0,0.0,0.0,0.0,0.0,0.0,0.0,0.0,0.0,0.0,0.0,0.0,0.0,0.0,0.0,0.0,0.0,0.0,0.0,0.0,0.0,0.0,0.0,0.0,0.0,0.0,0.0,0.0,0.0
-128.0,-123.031006,-127.84496,-113.0,-119.87597,-116.0,-111.0,-103.0,-106.24806,-99.0,-105.22481,-94.0,-99.0,-88.41085,-104.91473,-82.37209,-68.0155,-79.790695,-90.441864,-89.0,-91.0,-89.0,9.689922,632.031,-507.60464,-166.24806,-94.22481,-72.83721,-66.13178,-55.0,-46.604652,-32.63566,0.9767442,-93.558136,-98.36434,-105.71318,-90.11628,-79.86822,-73.17829,-94.790695,-92.10078,-91.0,-80.74419,-73.666664,482.76746,-274.02325,-161.8372,-74.27907,-66.34884,-59.68217,-55.023254,-39.465115,-24.0,1.6821705,46.09302,129.20155,169.68217,121.60465,-63.147285,-187.78294,-207.55814,-212.27132,-193.1938,-169.1628,-157.0155,-132.0,-124.88372,-130.0,-123.379845,-124.860466,-120.25581,-119.5969,-118.23256,-113.0,-112.70543,-115.18604,-107.64341,-106.0,-106.0,-115.75194,-83.20155,-93.23256,-78.89922,-93.139534,-75.51163,115.620155,466.0,-377.65115,-142.94574,-92.54263,-78.04651,-64.94574,-48.410854,-26.581396,-17.139534,38.76744,104.860466,167.52713,159.76744,7.837209,-150.56589,-199.62015,-220.23256,-197.031,-176.77519,-156.44186,-155.93024,-133.29457,-116.0,-118.17054,-147.8217,-116.558136,-108.36434,-128.0,-115.325584,-103.65116,-111.4031,-108.558136,-108.0,-101.310074,-96.4186,-103.620155,-86.674416,-62.744186,-90.30232,-94.310074,-108.23256,-98.75194,-67.07752,169.0,-0.031,0.008123063,0.047246125,0.04822088,0.039766088,0.0313113,0.022856507,0.011775242,-0.0028509055,-0.017477052,-0.029497277,-0.03993648,-0.04384761,-0.045047276,-0.04489655,-0.03953588,-0.03417521,-0.040049706,-0.04630382,-0.050652325,-0.05429168,-0.050681952,-0.040659208,-0.03614138,-0.03478903,-0.034,-0.034,-0.038258348,-0.046129175,-0.054,0.248,0.26346725,0.2789345,0.28071746,0.2791179,0.27751836,0.2759188,0.2645242,0.23990946,0.21529472,0.18585844,0.15349692,0.14343493,0.14263515,0.14245977,0.14469339,0.146927,0.14829637,0.14963654,0.14403227,0.13584372,0.13255979,0.13361482,0.13628966,0.13989593,0.1424442,0.14351057,0.14080624,0.13490312,0.129,0.46,0.6510661,0.8421322,0.8470205,0.80588907,0.7647577,0.72362626,0.78805757,0.994964,1.2018706,1.315735,1.3731506,1.3504449,1.2944605,1.2490804,1.2446133,1.240146,1.2486424,1.257577,1.2666308,1.2757292,1.2911959,1.3122964,1.322862,1.3273699,1.3188951,1.2922359,1.2608374,1.2254187,1.19,0.62,0.16053148,-0.29893705,-0.3918322,-0.39411727,-0.39640236,-0.39868742,-0.33927065,-0.19657654,-0.053882413,-0.022740472,-0.059277676,-0.08130144,-0.097297,-0.08425287,0.04082945,0.16591178,0.1440727,0.11726934,0.11994622,0.1335938,0.13720103,0.1319259,0.02124138,-0.15005642,-0.24777901,-0.24244717,-0.22935413,-0.20967707,-0.19,-0.84,-0.46241695,-0.08483391,-0.017328778,-0.026469093,-0.035609405,-0.044749722,0.0061746463,0.13816671,0.27015877,0.24528131,0.12523049,0.07869855,0.062703006,0.05,0.05,0.05,0.019751476,-0.011519105,0.09935463,0.2631256,0.30641234,0.24311079,0.19996552,0.16841066,0.14555803,0.13489433,0.17258348,0.25129172,0.33,0.01,0.20561531,0.40123063,0.47847608,0.52646273,0.57444936,0.62243605,0.63481766,0.59914416,0.5634706,0.5240109,0.4822541,0.5236819,0.59966075,0.6508046,0.6061323,0.5614601,0.5859273,0.6127307,0.58684593,0.541354,0.5283969,0.5442223,0.5242414,0.48367086,0.47110492,0.49776417,0.49296662,0.4614833,0.43,0.34,0.58110726,0.8222145,0.8278595,0.7753027,0.7227459,0.6701891,0.56560653,0.39080626,0.21600595,0.12076225,0.07378584,0.102380425,0.16236374,0.20080459,0.15613234,0.11146008,0.15753339,0.20667288,0.15700728,0.07057261,0.016005136,-0.010370506,-0.060068965,-0.12317868,-0.097812384,0.05147942,0.094449915,0.047224957,0.0,0.39,0.41729516,0.44459033,0.4151883,0.3717718,0.3283553,0.2849388,0.25848177,0.2549144,0.25134706,0.25324863,0.25846824,0.33063403,0.43060622,0.5054023,0.48306617,0.46073005,0.44703636,0.43363467,0.39021513,0.3356248,0.35758254,0.44725972,0.45424137,0.41367084,0.38333705,0.3673415,0.40471265,0.48735633,0.57,2.02,2.065492,2.1109838,2.0980136,2.0705926,2.043172,2.015751,1.9787447,1.9288018,1.8788588,1.8275136,1.7753175,1.8165072,1.896485,1.9526436,1.9169059,1.881168,1.9318546,1.9854614,1.9701613,1.9292186,1.9743763,2.0957043,2.008345,1.8009844,1.7199777,1.8159511,1.8450958,1.8175479,1.79,0.0,0.0,0.0,0.0,0.0,0.0,0.0,0.0,0.0,0.0,0.0,0.0,0.0,0.0,0.0,0.0,0.0,0.0,0.0,0.0,0.0,0.0,0.0,0.0,0.0,0.0,0.0,0.0,0.0,0.0
-70.0,-64.95349,-47.90698,-28.767443,-20.255814,14.930233,84.88372,148.51938,162.13954,53.069767,-131.04651,-212.51163,-211.30232,-201.99225,-181.48062,-160.53488,-141.77519,-131.47287,-120.83721,-127.05426,-130.0,-123.0,-123.68217,-116.0,-119.25581,-114.16279,-111.8062,-109.74419,-104.69768,-106.0,-109.25581,-99.82946,-87.0,-86.39535,-87.689926,-84.48837,-76.209305,535.24805,-267.11627,-156.2093,-81.5969,-75.64341,-65.48837,-52.666668,-49.589146,-23.093023,3.8372092,75.58915,132.58139,171.0,118.34109,-62.90698,-180.28682,-213.57364,-222.32558,-188.73643,-177.73643,-145.46512,-141.71318,-132.25581,-124.37209,-124.51163,-135.54263,-111.11628,-127.86822,-127.96124,-107.95349,-108.1938,-108.16279,-106.139534,-105.74419,-100.79845,-101.81396,-90.07752,-80.23256,-71.95349,-100.64341,-104.93799,-93.37209,-85.17829,-61.829456,-130.97675,-123.0,-115.139534,-114.48837,-111.63566,-110.0,-92.95349,-84.0,-89.75969,-85.976746,-74.06977,-87.11628,-86.790695,-62.88372,-67.379845,-68.46512,-79.0,-84.5969,-65.0,-75.34884,-27.95349,668.0465,-517.47284,-154.33333,-71.18604,-68.21706,-53.294575,-51.255814,-26.170542,-24.589148,19.813953,71.35659,146.54263,164.0,79.9845,-93.30232,-190.2093,-203.34108,-196.24031,-181.27907,-159.86821,-135.75969,-120.74419,-120.23256,-123.12403,-116.093025,-116.12403,-118.0,-116.0,-0.031,-0.024151871,-0.018040275,-0.018436413,-0.018832551,-0.020864317,-0.024093702,-0.026025055,-0.027450012,-0.02887497,-0.02323331,-0.017101234,-0.02436982,-0.031638406,-0.036388747,-0.04055862,-0.03409459,-0.026371717,-0.026971763,-0.031260658,-0.034650743,-0.031925023,-0.029199304,-0.04794812,-0.06839102,-0.06820467,-0.06021802,-0.049813166,-0.030906582,-0.012,0.132,0.12831254,0.12532221,0.12849131,0.13166042,0.13703935,0.14403635,0.14343736,0.13987496,0.13631257,0.12831108,0.12006327,0.12460614,0.129149,0.16176951,0.20086206,0.14122652,0.06990351,0.03260087,0.010376595,-0.0078940205,0.0007374249,0.00936887,0.012105347,0.014376779,0.019926028,0.026714683,0.030105956,0.021552978,0.013,1.1,1.1105356,1.1208055,1.1287283,1.136651,1.1493216,1.1654686,1.1546241,1.1332498,1.1118754,1.1724725,1.2396836,1.2169694,1.194255,1.2747186,1.3789655,1.0731635,0.71882,0.4614119,0.24696715,0.0396267,-0.11937362,-0.27837393,-0.33631763,-0.38628915,-0.34784204,-0.27596217,-0.26286522,-0.4564326,-0.65,-0.09,-0.12687454,-0.16281931,-0.19054897,-0.21827862,-0.18960644,-0.11963643,-0.061560407,-0.008124535,0.045311335,-0.03650037,-0.13094907,-0.19909206,-0.26723504,-0.33083123,-0.3933793,-0.08316356,0.27118,0.66907144,1.0862639,1.4773585,1.6908731,1.9043878,1.8315754,1.7361753,1.5013682,1.2138487,0.9810282,0.9405141,0.9,0.17,0.22267792,0.26879174,0.25690758,0.24502344,0.29282233,0.3843216,0.36130986,0.2936244,0.22593898,0.20558327,0.19018981,0.20381841,0.21744701,0.3047187,0.40896553,0.3590699,0.29092693,0.22407277,0.15778984,0.13841823,0.43824738,0.73807657,0.7768428,0.79501426,0.8115907,0.82756394,0.7931473,0.58157367,0.37,0.31,0.3626779,0.41402757,0.45364138,0.49325517,0.494464,0.46755248,0.4266857,0.3803746,0.3340635,0.30116653,0.2702531,0.28842455,0.306596,0.27187657,0.22496551,0.0778298,-0.081170514,-0.17052403,-0.22900896,-0.30386588,-0.4901234,-0.6763809,-0.75737107,-0.83005697,-0.858693,-0.87067294,-0.8710282,-0.83051413,-0.79,0.05,-0.16071166,-0.33670896,-0.20598345,-0.075257935,-0.026214393,-0.036979012,-0.03231208,-0.021624908,-0.010937733,-0.11572267,-0.23018982,-0.24381842,-0.257447,-0.23034845,-0.19386207,-0.44184434,-0.72350204,-0.9072577,-1.0476215,-1.2386872,-1.7747453,-2.3108037,-2.4089496,-2.47255,-2.455228,-2.407308,-2.3969154,-2.5184577,-2.64,0.57,0.6016067,0.62677795,0.5950869,0.56339586,0.55,0.55,0.60381544,0.67862564,0.75343585,0.6446662,0.52126545,0.6121228,0.70298004,0.5632704,0.37041378,0.47186017,0.60814613,0.57165354,0.45858267,0.36116418,0.37024993,0.37933564,0.34631446,0.30997154,0.291307,0.27932703,0.2839561,0.34697807,0.41,1.86,1.9706236,2.061542,1.9783531,1.8951641,1.9003936,1.9703636,1.9566857,1.9103746,1.8640635,1.8455833,1.8293673,1.7839386,1.73851,1.8528421,2.004,1.8209617,1.5983613,1.4246376,1.2725767,1.1033281,0.81712747,0.53092694,0.37946853,0.23863967,0.11017241,-0.0136206895,-0.06813166,0.120934166,0.31,0.0,0.0,0.0,0.0,0.0,0.0,0.0,0.0,0.0,0.0,0.0,0.0,0.0,0.0,0.0,0.0,0.0,0.0,0.0,0.0,0.0,0.0,0.0,0.0,0.0,0.0,0.0,0.0,0.0,0.0
164.0,165.81395,39.07752,-129.90698,-191.05426,-215.69768,-202.06976,-177.78294,-166.51938,-154.41861,-130.77519,-116.0,-121.69768,-145.8062,-117.565895,-103.325584,-128.0,-120.36434,-105.16279,-112.41085,-110.06977,-108.0,-102.31783,-97.93023,-106.139534,-85.16279,-66.77519,-85.76744,-96.82946,-110.75194,-94.72093,-69.5969,65.70543,-123.906975,-120.36434,-114.62791,-108.209305,-111.852715,-102.69768,-88.5814,-84.0,-88.45737,-89.0,-67.0,-95.36434,-80.51163,-64.4186,-56.35659,-71.48837,-75.20155,-79.24806,-70.53488,-72.387596,227.969,210.51163,-261.9845,-108.48837,-72.81396,-62.806202,-61.4031,-38.697674,-24.0,-9.581395,32.7907,107.77519,161.02325,148.23256,13.713179,-153.41086,-203.13954,-200.25581,-185.69768,-173.06976,-150.68217,-131.41086,-123.0,-125.0,-119.612404,-118.4186,-116.449615,-116.48062,-76.325584,-188.44186,-198.0,-201.48837,-165.36433,-159.66667,-146.30232,-143.1783,-126.20155,-116.790695,-118.82171,-118.0,-116.0,-113.0,-113.63566,-103.0,-103.48062,-101.96124,-101.93023,-97.852715,-95.34109,-103.906975,-94.22481,-73.93799,-72.51163,-94.72093,-90.31783,-81.72093,-85.550385,-84.0,480.65115,-203.9845,-157.95349,-88.16279,-85.29457,-68.00775,-62.930233,-55.511627,-23.32558,-13.255814,47.395348,110.39535,157.88373,127.48062,-46.031006,-176.65117,-199.84496,-195.07751,-174.0,-0.017,-0.017398499,-0.017796997,-0.01710217,-0.015272031,-0.015291626,-0.019527094,-0.023762561,-0.025754629,-0.025234483,-0.02624486,-0.028511547,-0.030311294,-0.031217968,-0.031189814,-0.025296425,-0.019403037,-0.016030034,-0.012818647,-0.009158365,-0.0054980842,-0.0019263448,0.0016314483,0.00081777916,-0.00870231,-0.017333938,-0.019934664,-0.01836033,-0.0006801645,0.017,0.009,-0.008533927,-0.026067853,-0.032979883,-0.028862068,-0.025354188,-0.023236454,-0.02111872,-0.018527769,-0.015406896,-0.012755141,-0.010488453,-0.011023411,-0.016916798,-0.021813033,-0.02045302,-0.019093009,-0.014050055,-0.008773308,-0.0041979565,0.00037739464,0.0003169655,-0.00047365518,-0.0006969313,0.00020974375,0.0015343013,0.0056954627,0.019919014,0.072959505,0.126,-0.13,-0.21766964,-0.30533928,-0.31633142,-0.24770115,-0.233367,-0.34278324,-0.45219952,-0.46092558,-0.35689655,-0.32742804,-0.35916165,-0.36132237,-0.30692187,-0.27246442,-0.3631319,-0.45379943,-0.3808009,-0.30113345,-0.32401022,-0.34688696,-0.3397545,-0.32789516,-0.32303068,-0.33209744,-0.3373285,-0.3165227,-0.27760202,-0.16880101,-0.06,-0.06,0.16714405,0.3942881,0.5279566,0.5645594,0.61690885,0.7051478,0.7933867,0.85717607,0.8935862,0.8427776,0.7203765,0.6213224,0.5669219,0.53371084,0.6334451,0.7331794,0.64595103,0.5472797,0.4923755,0.43747127,0.4060938,0.37842208,0.39030686,0.48097438,0.5526534,0.49543738,0.4518665,0.46093324,0.47,0.59,0.5142853,0.43857065,0.38653257,0.35908046,0.32923645,0.29394087,0.25864533,0.30625045,0.44668967,0.49008226,0.45381525,0.4393388,0.46653906,0.48002848,0.40749446,0.33496046,0.3745495,0.42181355,0.45841634,0.49501917,0.48292413,0.4631586,0.4606074,0.49234104,0.5153249,0.4789147,0.46213225,0.5210661,0.58,-0.09,-0.086015016,-0.082030036,-0.086733714,-0.10045977,-0.116458125,-0.13763547,-0.1588128,-0.13074048,-0.04751724,-0.02742803,-0.05916166,-0.08933882,-0.11653907,-0.12815881,-0.042024676,0.04410946,-0.004449388,-0.061360154,-0.08881226,-0.116264366,-0.12341517,-0.12736827,-0.10575451,-0.0332205,0.017978221,-0.07564791,-0.1518665,-0.16093326,-0.17,-2.45,-2.4739099,-2.49782,-2.5144892,-2.52364,-2.533229,-2.5438178,-2.5544064,-2.5256479,-2.4528277,-2.4349382,-2.4621387,-2.4753306,-2.4617305,-2.4456375,-2.4139037,-2.3821702,-2.3701,-2.3627203,-2.4176245,-2.4725287,-2.4526787,-2.421054,-2.3939385,-2.3758051,-2.36,-2.36,-2.3366687,-2.2233343,-2.11,0.72,0.7797747,0.8395495,0.8565326,0.82908046,0.8196872,0.8514532,0.8832192,0.91962975,0.96124136,0.97004116,0.95190763,0.9291047,0.8973711,0.8886966,1.0246979,1.1606991,1.0660511,0.9622669,1.0080204,1.053774,1.0907365,1.1263145,1.1151471,1.0108795,0.92734665,0.98456264,1.0178678,0.9589339,0.9,0.85,0.88984984,0.92969966,0.9724457,1.0181992,1.0435419,1.0223645,1.0011872,0.9556479,0.8828276,0.89979434,0.9904619,1.0250965,0.95256245,0.8993483,0.96734893,1.0353496,0.9410011,0.84136015,0.86881226,0.8962644,0.96830344,1.0473655,1.0742391,0.99717176,0.9380145,1.0004319,1.0276021,0.918801,0.81,0.0,0.0,0.0,0.0,0.0,0.0,0.0,0.0,0.0,0.0,0.0,0.0,0.0,0.0,0.0,0.0,0.0,0.0,0.0,0.0,0.0,0.0,0.0,0.0,0.0,0.0,0.0,0.0,0.0,0.0
-79.0,-82.07752,-65.0,-76.860466,-62.720932,658.47284,-496.81396,-132.66667,-60.604652,-65.69768,-50.775192,-56.294575,-29.697674,-25.596899,12.255814,56.744186,135.45737,164.0,103.16279,-61.55814,-182.65117,-204.34883,-200.27132,-182.28682,-163.39536,-139.28682,-124.77519,-121.74419,-124.13178,-117.10078,-118.139534,-118.0,-117.00775,-140.0,-196.58139,-199.08527,-188.51163,-161.13179,-158.64342,-145.0,-136.89923,-117.45737,-116.69768,-118.666664,-116.63566,-116.0,-115.139534,-107.35659,-105.23256,-102.51938,-101.0,-95.46512,-102.612404,-91.0,-103.48837,-85.031006,-70.263565,-76.65116,-94.503876,-87.34109,-90.51163,-84.0,-42.666668,733.6279,-582.4496,-177.58914,-110.93023,-73.92248,-69.83721,-61.720932,-48.806202,-21.0,9.55814,72.503876,134.2093,162.86046,65.76744,-115.94574,-193.41861,-203.87598,-186.79845,-99.0,-93.18604,-89.0,-104.51163,-90.82171,-72.0,-72.441864,-85.82171,-80.139534,-90.209305,-83.17829,-64.88372,566.2558,-313.99225,-154.67442,-80.5814,-71.96124,-59.806202,-57.32558,-43.0,-22.03876,6.976744,58.147285,120.69768,157.74419,118.83721,-56.193798,-176.11627,-191.44962,-180.35658,-168.23256,-153.31783,-145.99225,-128.8372,-119.51938,-114.00775,-109.860466,-127.48837,-120.77519,-113.4186,-112.13178,-99.21706,-99.18604,-94.93023,-95.565895,-106.0,-87.06201,-74.04651,-77.0,0.03,0.030819923,0.031639848,0.028811136,0.023124328,0.019097056,0.017093193,0.015089328,0.013085464,0.0110816,0.016455235,0.022142043,0.02499373,0.027341694,0.027405242,0.026578758,0.025442062,0.023580614,0.02250278,0.025835373,0.025577707,0.0186661,0.011754492,0.0072897817,0.0044463775,0.003,0.003,0.004001112,0.006500556,0.009,0.008,0.008819924,0.009639847,0.006545397,0.00038468838,-0.002498365,-0.001385107,-0.00027184898,0.000841409,0.001954667,0.0024546029,0.0029285036,0.00499373,0.0073416927,0.0071078623,0.005868138,0.021598633,0.0769767,0.12542455,0.1348669,0.1364104,0.123314716,0.11021904,0.10271971,0.0989285,0.09418008,0.08844061,0.08716907,0.092584535,0.098,0.01,-0.047394637,-0.10478927,-0.13531478,-0.14479278,-0.16906212,-0.21136594,-0.25366974,-0.29597354,-0.33827734,-0.29908574,-0.25643468,-0.17822571,-0.09369906,-0.06107862,-0.04868138,-0.0009443927,0.12935695,0.23664813,0.21443085,0.1732273,0.096835844,0.020444391,0.06695982,0.194913,0.26469988,0.27426565,0.26498333,0.22749166,0.19,0.84,0.81950194,0.79900384,0.8218886,0.8787567,0.8999673,0.8777021,0.855437,0.83317184,0.81090665,0.86909837,0.9307055,1.043674,1.165768,1.11376,0.99392,0.8695496,0.7345946,0.61832404,0.6072154,0.62422293,0.693339,0.76245505,0.8071022,0.83553624,0.7959515,0.6859451,0.661713,0.7658565,0.87,0.79,0.7695019,0.7490038,0.7240557,0.6956216,0.6779935,0.6735404,0.6690874,0.66463435,0.66018134,0.70091426,0.7435653,0.73405015,0.71526647,0.72486895,0.745531,0.7572103,0.74790305,0.739162,0.7336077,0.7427489,0.7791258,0.81550264,0.8242993,0.81482124,0.8240996,0.8527969,0.89836484,0.96918243,1.04,-0.05,-0.06229885,-0.0745977,-0.09328693,-0.11698197,-0.1400327,-0.16229786,-0.18456303,-0.20682818,-0.22909334,-0.084527045,0.06712116,0.018225705,-0.06630094,-0.045393102,0.016593104,0.020944392,-0.10935694,-0.20826845,-0.13050798,-0.1360952,-0.2961535,-0.45621175,-0.47154382,-0.3909807,-0.34060025,-0.3214687,-0.3650612,-0.5025306,-0.64,-2.13,-2.1381993,-2.1463985,-2.157972,-2.1721892,-2.1890295,-2.209068,-2.2291067,-2.2491453,-2.269184,-2.3018222,-2.3349953,-2.3081002,-2.2705328,-2.2956855,-2.3452744,-2.3576825,-2.2832246,-2.2174861,-2.200823,-2.1759763,-2.1359615,-2.095947,-2.0828505,-2.0875893,-2.0759003,-2.047203,-2.0383427,-2.0591712,-2.08,0.5,0.553295,0.60659003,0.6672034,0.73354954,0.75194114,0.7118639,0.67178655,0.6317093,0.591632,0.65364444,0.7199905,0.6821505,0.62579936,0.6516331,0.7094869,0.7848711,0.90121156,0.974023,0.80183905,0.678526,0.64578676,0.6130476,0.6570073,0.7517874,0.7342018,0.600281,0.5366852,0.5783426,0.62,1.07,1.0945977,1.1191955,1.1512591,1.1891712,1.2019738,1.1841617,1.1663495,1.1485374,1.1307254,1.0572635,0.9814394,0.97398746,0.9786834,1.0127118,1.0581683,1.0704722,1.0053215,0.96927327,1.0970227,1.1710758,1.145612,1.1201482,1.1356533,1.1783043,1.1953001,1.1857344,1.1716574,1.1508287,1.13,0.0,0.0,0.0,0.0,0.0,0.0,0.0,0.0,0.0,0.0,0.0,0.0,0.0,0.0,0.0,0.0,0.0,0.0,0.0,0.0,0.0,0.0,0.0,0.0,0.0,0.0,0.0,0.0,0.0,0.0
-106.0,-102.968994,-102.93799,-94.325584,-100.379845,-101.387596,-98.25581,-76.45737,-70.496124,-88.674416,-89.310074,-78.1938,-88.06977,-84.0,279.60464,140.1628,-235.04651,-112.34884,-99.906975,-70.52713,-65.449615,-57.023254,-30.88372,-17.790697,36.813953,98.30232,151.8372,143.60464,-13.782946,-162.03876,-197.32558,-197.5969,-178.53488,-97.46512,-89.94574,-91.71318,-105.209305,-78.263565,-69.05426,-80.023254,-84.65891,-86.449615,-85.74419,-76.666664,27.271318,629.6047,-463.031,-163.18605,-91.139534,-70.79845,-57.32558,-49.465115,-38.968994,-13.248062,23.72093,79.496124,149.10077,154.34883,53.844963,-125.48062,-185.65117,-194.89148,-178.0,-164.04651,-152.0,-134.92249,-136.72093,-122.8062,-119.89147,-113.83721,-125.0,-116.0,-107.76744,-111.4186,-105.263565,-107.674416,-87.35659,-103.5814,-94.53488,-80.87597,-70.96124,-108.0,-106.54263,-108.0,-105.093025,-96.95349,-98.0,-95.74419,-104.17829,-83.96124,-65.790695,-84.87597,-90.147285,-87.0,-83.34109,-83.05426,154.04651,398.23254,-357.27908,-140.55814,-86.64341,-73.03876,-62.90698,-49.031006,-42.224808,-16.465117,24.937984,92.17829,142.11627,143.72093,-4.852713,-160.06976,-197.2093,-202.25581,-186.46512,-157.25581,-157.0,-148.62791,-125.852715,-130.31007,-130.69768,-121.860466,-130.54263,-122.72093,-111.387596,-101.620155,-106.23256,-99.12403,-101.0,-103.0,0.016,0.014290152,0.012580304,0.009761084,0.0063719214,0.003010694,0.005112833,0.007214972,0.00931711,0.008449945,0.00615406,0.004239812,0.008121944,0.012004076,0.013853448,0.01500139,0.014399745,0.0020983396,-0.010203065,-0.013105015,-0.014399059,-0.0106277345,-0.0024645904,-0.00043738657,-0.0029346643,-0.0034961686,-0.0026174968,-0.0027763366,-0.005388168,-0.008,0.156,0.13847406,0.12094812,0.10256158,0.083732896,0.064984724,0.061981667,0.058978613,0.055975556,0.07670078,0.10884316,0.13750784,0.11335235,0.08919687,0.069344826,0.05097775,0.037800446,0.059327904,0.08085536,0.08252665,0.080801256,0.07972673,0.07921654,0.07957496,0.080573864,0.07898468,0.075469986,0.0741645,0.078082256,0.082,0.39,0.5267878,0.66357565,0.65527093,0.57242477,0.4898014,0.45076168,0.41172194,0.37268224,0.38583425,0.424099,0.4605329,0.46915987,0.47778684,0.3462931,0.16644883,0.014000638,0.04475415,0.07550766,0.16840126,0.27192476,0.27354467,0.18681127,0.13850091,0.11852269,0.16038314,0.24825032,0.31,0.31,0.31,-0.02,-0.054196954,-0.08839391,-0.00546798,0.13763,0.2804736,0.3735683,0.46666303,0.55975777,0.51249725,0.397703,0.30145767,0.4869373,0.6724169,0.91913795,1.1869911,1.389138,1.1518966,0.91465515,0.68478054,0.45616615,0.37186134,0.41267705,0.40700182,0.36704537,0.3852682,0.44677523,0.465416,0.382708,0.3,0.89,0.98831624,1.0866325,1.0777093,1.0136919,0.9497861,0.90774333,0.86570054,0.8236578,0.84875137,0.9061485,0.9581348,0.9279404,0.8977461,0.77336204,0.61647666,0.48457217,0.519719,0.5548659,0.6005172,0.6479655,0.68912864,0.7248424,0.7371252,0.73213065,0.75519156,0.79912513,0.81706107,0.77353054,0.73,-0.85,-0.76878226,-0.68756443,-0.68487686,-0.7225342,-0.7598472,-0.7298167,-0.6997861,-0.6697556,-0.66516685,-0.6728198,-0.6850627,-0.7670188,-0.84897494,-0.8301724,-0.7766018,-0.7345722,-0.769719,-0.8048659,-0.7363323,-0.6500627,-0.65372264,-0.7353541,-0.74125224,-0.6913067,-0.70778733,-0.7736877,-0.8212939,-0.82564694,-0.83,-2.31,-2.220233,-2.130466,-2.114926,-2.1375206,-2.1599083,-2.14189,-2.1238716,-2.1058533,-2.0974166,-2.09359,-2.0915987,-2.1174796,-2.1433606,-2.2239654,-2.323454,-2.4042847,-2.3603513,-2.3164177,-2.2768495,-2.2380283,-2.211802,-2.196496,-2.164127,-2.1191761,-2.1100767,-2.12765,-2.1451757,-2.162588,-2.18,0.51,0.56129545,0.61259085,0.60263544,0.56121236,0.52036667,0.59244,0.6645133,0.73658663,0.71608174,0.6510317,0.5873354,0.5442006,0.50106585,0.48715517,0.4833287,0.49085888,0.5743327,0.6578065,0.65526646,0.6380125,0.6354653,0.6456693,0.7017459,0.7916479,0.7745786,0.67792463,0.62035114,0.65517557,0.69,1.08,1.1398447,1.1996894,1.2224877,1.2262534,1.2300153,1.2330183,1.2360214,1.2390244,1.2529172,1.2720495,1.2878684,1.2533605,1.2188526,1.2128448,1.2166713,1.2165709,1.1902107,1.1638505,1.1563166,1.1520032,1.1718613,1.212677,1.1983775,1.1434374,1.1527491,1.2098627,1.2254161,1.1427081,1.06,0.0,0.0,0.0,0.0,0.0,0.0,0.0,0.0,0.0,0.0,0.0,0.0,0.0,0.0,0.0,0.0,0.0,0.0,0.0,0.0,0.0,0.0,0.0,0.0,0.0,0.0,0.0,0.0,0.0,0.0
-77.0,-64.84496,-59.844963,-43.0,-25.565891,0.9302326,49.581394,108.60465,158.75194,136.97675,-25.457365,-168.55814,-188.93024,-184.3876,-172.26357,-155.8372,-148.00775,-126.31783,-123.04651,-116.52713,-114.89922,-125.976746,-123.29457,-114.93023,-108.60465,-100.22481,-100.1938,-100.976746,-92.03876,-106.0,-88.06977,-75.558136,-75.48837,-106.976746,-109.5814,-108.0,-100.76744,-100.147285,-94.82171,-101.4186,-96.65891,-74.550385,-73.51163,-92.333336,-89.0,-88.39535,-79.0,-73.25581,594.0,-364.52713,-154.1628,-87.441864,-71.74419,-61.782948,-65.0,-41.589146,-36.92248,-1.3953488,52.581394,114.550385,153.51163,103.11628,-84.558136,-185.60464,-193.03876,-194.94574,-180.72093,-149.31007,-147.0,-143.95349,-130.17055,-132.30232,-135.0,-121.976746,-120.0,-119.34884,-112.64341,-106.968994,-103.0,-99.449615,-102.68217,-127.23256,-127.18604,-120.0,-123.60465,-120.0,-116.333336,-114.95349,-111.17829,-104.860466,-106.790695,-100.12403,-101.0,-101.0,-94.0,-100.89147,-104.5814,-75.48837,-70.96124,-88.06977,-89.89922,-90.13178,-89.83721,-85.209305,148.63567,403.09302,-349.53488,-138.17055,-99.25581,-79.0,-62.062016,-56.395348,-43.52713,-21.48062,13.209302,81.57365,139.1783,134.41861,-0.9147287,-157.95349,-195.0,-195.37209,-176.54263,-169.18605,-145.54263,-140.12402,-128.32558,-118.06201,-127.87597,-118.0,-0.024,-0.024,-0.02318064,-0.018504903,-0.014067575,-0.01591713,-0.017766684,-0.01961624,-0.021465795,-0.020172413,-0.0035883964,0.012995621,0.012176802,0.0038369906,0.0,0.0,0.00062068965,0.004867816,0.008810187,0.0017965834,-0.00521702,-0.006838442,-0.007782248,-0.0073776683,-0.0065686917,-0.0058623822,-0.0053990595,-0.0054539703,-0.008726985,-0.012,0.025,0.026096033,0.026754191,0.02535147,0.02404505,0.025278086,0.026511123,0.027744161,0.028977197,0.038551725,0.08870827,0.1388648,0.14332414,0.12803449,0.116037875,0.10684737,0.09865517,0.096295655,0.09391142,0.09063841,0.08736539,0.087,0.087,0.08575533,0.08413738,0.08244953,0.08059624,0.07964853,0.08432426,0.089,0.03,-0.07960326,-0.1552515,-0.07108826,0.009924917,0.0078698555,0.005814794,0.003759733,0.0017046719,0.009655172,0.066283524,0.12291188,0.12705956,0.10852665,0.12706614,0.17719616,0.22965518,0.2957216,0.36063272,0.3840114,0.40739006,0.39323115,0.37435505,0.3917816,0.42009577,0.44275236,0.4520188,0.46518824,0.5025941,0.54,1.94,1.7207935,1.5449162,1.5729706,1.5996996,1.5914794,1.5832592,1.5750389,1.5668187,1.4868965,1.058139,0.6293815,0.54852664,0.61802506,0.62744486,0.5856699,0.5244828,0.34987867,0.18354318,0.31446376,0.44538438,0.52707535,0.60257983,0.48308703,0.3051122,0.18825705,0.21605642,0.24518824,0.2825941,0.32,0.43,0.45192066,0.47081935,0.4754951,0.47917408,0.45656842,0.43396273,0.41135707,0.3887514,0.3686207,0.3605309,0.35244116,0.39529154,0.46015674,0.4697004,0.4321029,0.41655174,0.5298084,0.64025307,0.64960456,0.65895605,0.66838443,0.6778225,0.72045153,0.77303505,0.7824765,0.6898119,0.6132426,0.6366213,0.66,-0.54,-0.5674008,-0.59081936,-0.5954951,-0.5997748,-0.5936096,-0.58744437,-0.5812792,-0.575114,-0.5851724,-0.6741598,-0.76314723,-0.7867649,-0.7821317,-0.8138327,-0.8764952,-0.9148276,-0.81100893,-0.7132901,-0.8348592,-0.95642835,-0.9280779,-0.8808876,-0.8233251,-0.76265186,-0.7296332,-0.7620658,-0.7912971,-0.8006485,-0.81,-2.19,-2.2119207,-2.2398324,-2.295941,-2.3488739,-2.3180478,-2.287222,-2.256396,-2.22557,-2.193793,-2.1573892,-2.1209853,-2.168232,-2.25163,-2.2606783,-2.2063708,-2.1682758,-2.2249043,-2.278861,-2.2367795,-2.1946979,-2.1606545,-2.1276214,-2.0702136,-2.0054953,-1.9531192,-1.929953,-1.9106486,-1.9153242,-1.92,0.56,0.41203558,0.31048402,0.4273774,0.5393242,0.5208287,0.50233316,0.4838376,0.46534204,0.47206897,0.6015052,0.7309414,0.7538245,0.7306583,0.6794008,0.6042058,0.54551727,0.5832695,0.6175957,0.52875674,0.43991774,0.5222286,0.62604725,0.5722085,0.47108647,0.42889968,0.5261975,0.6009206,0.5354603,0.47,1.4,1.3506786,1.3034451,1.2660393,1.2312764,1.2662125,1.3011485,1.3360845,1.3710206,1.3772414,1.2437602,1.1102792,1.099116,1.140815,1.1306783,1.0763708,1.0368966,1.0840869,1.1296204,1.1155932,1.101566,1.1544987,1.2158461,1.2237767,1.2156869,1.2182571,1.2460564,1.2654603,1.2327302,1.2,0.0,0.0,0.0,0.0,0.0,0.0,0.0,0.0,0.0,0.0,0.0,0.0,0.0,0.0,0.0,0.0,0.0,0.0,0.0,0.0,0.0,0.0,0.0,0.0,0.0,0.0,0.0,0.0,0.0,0.0
693.0,-519.02325,-175.82945,-95.209305,-76.565895,-60.387596,-54.069767,-41.217052,-22.511627,16.372093,82.10078,134.55814,149.76744,27.899225,-143.94574,-195.69768,-200.74419,-187.47287,-164.81395,-157.0,-147.62015,-128.37209,-131.31783,-133.21706,-129.41861,-133.06201,-121.209305,-113.906975,-106.65891,-108.75194,-101.139534,-101.0,-105.51938,-125.0,-122.36434,-118.91473,-123.88372,-120.0,-113.0,-111.790695,-106.75969,-103.0,-108.0,-98.0,-101.0,-97.51163,-95.42635,-106.64341,-92.06977,-76.27907,-76.976746,-92.95349,-89.0,-91.0,-87.325584,-84.0,610.23254,-381.55814,-142.27907,-82.15504,-73.674416,-70.48837,-58.07752,-48.162792,-33.07752,-3.9379845,38.55814,111.65891,146.89148,99.51163,-78.34884,-188.70543,-198.0,-187.07751,-171.0,-159.53488,-142.0,-136.6124,-120.0,-116.89922,-126.79845,-103.76744,-93.18604,-91.0,-94.0,-96.45737,-99.666664,-97.25581,-78.27132,-70.75969,-86.76744,-82.82171,-88.147285,-81.790695,-72.0,373.25583,-5.0,-201.88373,-96.434105,-79.558136,-66.29457,-53.868217,-47.09302,-33.821705,-11.651163,36.67442,93.15504,142.90698,122.18604,-28.775194,-167.45737,-194.44186,-193.52713,-177.24031,-162.86046,-157.43411,-128.8062,-134.44186,-121.36434,-119.08527,-129.30232,-121.24031,-127.45737,-113.27907,-117.612404,-106.434105,-102.674416,-110.75194,-88.968994,-94.0,-0.003,0.020884316,0.04476863,0.06475482,0.0798994,0.09074532,0.08450296,0.07826059,0.07594701,0.08207986,0.08356705,0.076823756,0.07129823,0.07348524,0.07567226,0.07073074,0.064532645,0.049072415,0.03274138,0.033093438,0.042490546,0.03847042,0.029561847,0.020511433,0.01131216,0.010048276,0.015786206,0.020117242,0.02055862,0.021,-0.003,0.023233593,0.049467187,0.05148371,0.023421703,0.00065147784,-0.0010825123,-0.0028165025,-0.0038377496,-0.0033266789,-0.0033243934,-0.0042234994,-0.0044035413,-2.9512272e-05,0.004344517,0.041884813,0.08527146,0.11320689,0.13968965,0.14696886,0.14383648,0.13875577,0.1329652,0.13623412,0.1490109,0.14632414,0.12999311,0.11964138,0.1258207,0.132,-0.45,-0.22290322,0.0041935486,0.07039861,-0.06322999,-0.17418227,-0.19499014,-0.21579804,-0.28516516,-0.4589292,-0.58784163,-0.63729244,-0.6770177,-0.65514755,-0.6332774,-0.2831071,0.124933966,0.07931034,-0.008965517,-0.04338524,-0.04860586,-0.046735212,-0.042280924,0.0023920145,0.08927405,0.09951724,0.042137932,0.005862069,0.027931035,0.05,1.02,0.89470524,0.76941043,0.70794684,0.725764,0.76160836,0.86911577,0.9766232,1.08245,1.1846642,1.248378,1.2438825,1.2405964,1.2449704,1.2493445,0.9074982,0.50462216,0.48210344,0.49534482,0.44245088,0.3537004,0.43447328,0.57701045,0.63005084,0.58916515,0.58172417,0.6037931,0.5918621,0.48593104,0.38,0.27,0.30132368,0.33264738,0.3182126,0.24694401,0.18442364,0.15667981,0.12893596,0.09215245,0.035934664,0.0113537675,0.042822476,0.07357875,0.09982292,0.1260671,0.15634629,0.18733676,0.20613793,0.2237931,0.33155727,0.48817575,0.5724423,0.63034797,0.67246825,0.69802177,0.6677931,0.5883448,0.53,0.53,0.53,-0.45,-0.39518353,-0.34036708,-0.31596014,-0.329323,-0.3427882,-0.3566601,-0.370532,-0.38,-0.38,-0.40108556,-0.45952746,-0.50701773,-0.48514757,-0.46327743,-0.4336537,-0.40266323,-0.45244828,-0.5098276,-0.6180163,-0.7537523,-0.8291775,-0.8826289,-0.8800762,-0.81874776,-0.81110346,-0.8508276,-0.89406896,-0.9470345,-1.0,-2.25,-2.20693,-2.1638598,-2.1360266,-2.127118,-2.1332438,-2.1991355,-2.265027,-2.3148675,-2.3301997,-2.3416219,-2.3461175,-2.3380709,-2.2505903,-2.1631098,-2.053397,-1.9397652,-2.147862,-2.3862069,-2.3955247,-2.2806711,-2.1912339,-2.1110566,-2.1074047,-2.1840653,-2.2715862,-2.3686895,-2.3790345,-2.1495173,-1.92,0.67,1.0067297,1.3434594,1.4922525,1.407621,1.3302413,1.2816896,1.233138,1.2405626,1.3683304,1.4062068,1.2848276,1.1853682,1.2247344,1.2641007,1.357821,1.4611225,1.2481035,1.0053449,0.8049017,0.6274008,0.62244225,0.680348,0.66760796,0.58072597,0.5353103,0.52648276,0.5328966,0.58144826,0.63,1.36,1.2699444,1.1798887,1.1180797,1.091354,1.0755763,1.1033202,1.131064,1.1386424,1.1028675,1.1254151,1.25129,1.3498602,1.2755017,1.2011433,1.2339104,1.2855612,1.3505173,1.4167241,1.4907787,1.5690879,1.5410281,1.4742138,1.397608,1.3107259,1.2066896,1.0875173,1.0234482,1.1117241,1.2,0.0,0.0,0.0,0.0,0.0,0.0,0.0,0.0,0.0,0.0,0.0,0.0,0.0,0.0,0.0,0.0,0.0,0.0,0.0,0.0,0.0,0.0,0.0,0.0,0.0,0.0,0.0,0.0,0.0,0.0
-77.0,-71.968994,-87.06201,-90.906975,-89.12403,-90.84496,-86.72093,9.062016,668.6357,-512.7907,-170.92249,-104.29457,-79.0,-65.58915,-58.91473,-44.534885,-26.51938,7.162791,68.976746,132.12402,140.969,31.83721,-138.30232,-195.0,-196.88373,-179.06201,-170.1938,-149.06976,-141.13179,-131.8527,-119.06977,-123.84496,-120.51938,-103.441864,-91.0,-92.62791,-97.906975,-92.72093,-101.0,-87.95349,-75.139534,-75.17829,-89.69768,-86.0,-84.95349,-75.51163,-44.186047,701.5039,-524.44183,-161.74419,-88.60465,-69.37209,-54.35659,-50.534885,-41.65116,-25.031008,6.891473,58.023254,116.28682,147.0,76.93023,-100.0155,-187.53488,-195.0,-183.07751,-170.9845,-157.04651,-141.6124,-130.10852,-134.51163,-125.0,-116.906975,-131.76744,-116.92248,-121.968994,-113.0,-117.10853,-96.0,-103.0,-99.4031,-105.27907,-119.48837,-120.0,-120.0,-123.0,-118.72868,-114.0,-113.0,-106.0,-104.139534,-101.790695,-102.17829,-111.11628,-87.37209,-75.79845,-74.25581,-89.976746,-86.51938,-89.0,-82.93023,-66.54263,623.3178,-437.81396,-147.31007,-72.449615,-61.860466,-51.069767,-42.36434,-39.627907,-20.031008,11.286821,54.697674,118.674416,152.49612,74.558136,-88.41085,-185.58139,-190.0,-180.48837,-166.77519,-152.97675,-145.0,-125.54263,-125.46512,-122.76744,-127.503876,-123.325584,-115.75194,-116.10853,-103.0,-0.016,-0.009083072,-0.0021661443,0.0053092586,0.01289791,0.016652377,0.012539608,0.008197848,0.0024419173,-0.0033140131,-0.003987662,0.004388801,0.011684138,0.014930483,0.018176828,0.013094907,0.0051838025,0.010542006,0.024836991,0.03666461,0.045207623,0.047188547,0.043931033,0.039081335,0.031913795,0.025685858,0.020101551,0.017363738,0.018181868,0.019,0.031,0.032844514,0.034689028,0.07152729,0.11546158,0.14440106,0.14257316,0.13834287,0.11927635,0.10020983,0.08548972,0.07850933,0.07573655,0.08872193,0.10170731,0.10638943,0.10825087,0.112031035,0.11710345,0.11839674,0.11465917,0.11196488,0.11010345,0.10473426,0.09425862,0.08917146,0.08777539,0.087181866,0.08759093,0.088,-0.16,-0.17383386,-0.18766771,-0.13354874,-0.065650284,0.00545511,0.08314072,0.13947175,0.06392516,-0.011621423,-0.018161975,0.09817779,0.24216552,0.4896993,0.7372331,0.81042075,0.82438153,0.9126646,1.0510031,1.1529038,1.2062976,1.2092977,1.172069,1.0848913,0.925,0.86,0.86,0.8236263,0.7418131,0.66,1.27,1.2331097,1.1962194,0.8380098,0.41464296,0.18240757,0.34234855,0.4965444,0.6152605,0.73397654,0.7698355,0.6581493,0.5836828,0.64860964,0.71353656,0.87936413,1.0794685,1.1710219,1.1894671,1.0694482,0.76510346,0.6351756,0.64448273,0.6253036,0.5646552,0.4847643,0.3916925,0.369099,0.4345495,0.5,0.04,0.02155486,0.003109718,0.006641325,0.014629378,0.03796831,0.09280522,0.13649058,0.11130839,0.08612619,0.10849098,0.21552357,0.29315862,0.26069516,0.22823173,0.11579247,-0.023815248,-0.12684326,-0.20523511,-0.26832306,-0.3110381,-0.27824423,-0.18517241,-0.13,-0.13,-0.17142676,-0.24123062,-0.27454394,-0.26227197,-0.25,-0.62,-0.5462194,-0.47243887,-0.49320662,-0.5331469,-0.5854551,-0.6631407,-0.7390242,-0.8037784,-0.86853266,-0.84807974,-0.6758969,-0.5528276,-0.6136966,-0.6745655,-0.8428377,-1.0475957,-1.1024451,-1.0563322,-1.0551941,-1.1139274,-1.1477634,-1.1617241,-1.0622339,-0.7975862,-0.6181936,-0.49720025,-0.42636263,-0.4181813,-0.41,-0.87,-0.8515549,-0.83310974,-0.84660333,-0.86657345,-0.9084498,-0.9952749,-1.0775201,-1.131482,-1.1854439,-1.1831825,-1.0808035,-0.98204136,-0.89682484,-0.81160825,-0.706634,-0.5949478,-0.46182445,-0.3142633,-0.15441743,0.021782214,0.07929769,0.042068966,0.14123689,0.43896553,0.67599493,0.8714457,0.96181315,0.92090654,0.88,1.14,1.1353887,1.1307775,1.1466033,1.1665734,1.1785027,1.1739329,1.1750134,1.210988,1.2469625,1.1980386,0.9979342,0.78526896,0.5255614,0.2658538,0.033267953,-0.1901044,-0.24417868,-0.18423198,-0.1133539,-0.027923776,-0.0029389434,-0.026206896,0.0071476763,0.12293103,0.17,0.17,0.18636818,0.2231841,0.26,2.13,2.226837,2.323674,2.3067935,2.266853,2.2639577,2.3370736,2.391477,2.3303204,2.2691636,2.1279151,1.8440462,1.5738207,1.3546925,1.1355641,1.1981019,1.356324,1.499909,1.6336364,1.7970345,1.999931,1.9839007,1.7931035,1.6755097,1.6644827,1.5826701,1.4523695,1.4545662,1.6222831,1.79,0.0,0.0,0.0,0.0,0.0,0.0,0.0,0.0,0.0,0.0,0.0,0.0,0.0,0.0,0.0,0.0,0.0,0.0,0.0,0.0,0.0,0.0,0.0,0.0,0.0,0.0,0.0,0.0,0.0,0.0
-282.0,-124.147285,-93.16279,-73.34884,-54.87597,-49.612404,-37.34884,-17.697674,28.108526,82.06977,136.86046,131.75969,2.4651163,-152.84496,-193.43411,-194.53488,-179.75969,-166.89148,-158.44186,-130.8217,-132.93024,-125.39535,-122.612404,-126.78294,-126.27907,-124.93799,-114.790695,-115.093025,-109.96124,-99.147285,-106.72093,-87.96124,-98.53488,-118.0,-120.0,-121.62791,-121.325584,-114.27907,-114.23256,-111.790695,-104.139534,-102.82171,-103.0,-99.666664,-116.63566,-77.60465,-67.00775,-82.64341,-85.790695,-90.51938,-87.449615,-79.62791,66.15504,529.5349,-417.30234,-147.06201,-85.28682,-61.76744,-52.697674,-44.658916,-36.139534,-9.379845,28.496124,81.48837,146.82945,141.79845,7.7906976,-150.04651,-190.0,-182.65117,-180.1473,-163.49612,-146.76744,-138.68217,-130.0,-118.325584,-118.35659,-130.0,-111.95349,-123.0,-112.51938,-90.48837,-89.0,-79.860466,296.74417,113.69768,-234.33333,-114.558136,-102.25581,-82.10078,-67.674416,-50.945736,-40.868217,-25.11628,18.403101,91.093025,136.88373,117.906975,-32.20155,-166.8372,-196.65117,-200.0,-173.93024,-161.8372,-150.93799,-139.97675,-128.71318,-126.976746,-125.976746,-120.93023,-117.41085,-114.34884,-109.31783,-111.75969,-103.325584,-104.91473,-107.5969,-97.30232,-96.852715,-105.53488,-89.27907,-103.0,-104.91473,-91.74419,-83.45737,-73.441864,-84.139534,-95.93799,-96.0,-77.0,0.08,0.08184702,0.08369404,0.084,0.084,0.08185732,0.07579943,0.071340375,0.07297887,0.074617356,0.070858404,0.06545488,0.06425572,0.063443035,0.06336672,0.06417296,0.0649792,0.060051724,0.054972414,0.053126194,0.052045487,0.05332696,0.054712225,0.05790028,0.061561044,0.061027035,0.057776276,0.054863967,0.053931985,0.053,0.063,0.06207649,0.06115298,0.059654623,0.058042146,0.056505535,0.05510756,0.05382981,0.053010568,0.052191325,0.05075752,0.049136464,0.05234924,0.056006346,0.05744992,0.05624056,0.0550312,0.050051723,0.044972412,0.04705833,0.05084079,0.0532116,0.055520374,0.057450138,0.059280522,0.06024662,0.060652964,0.06195223,0.06847612,0.075,0.89,0.94541067,1.0008214,1.0167269,1.0247892,1.0332965,1.0426162,1.0542548,1.0747358,1.0952169,1.1041416,1.1095451,1.0765076,1.0399365,0.97599345,0.8792447,0.7824959,0.6945298,0.60679626,0.6642737,0.75613356,0.71134484,0.6605517,0.63187325,0.6089935,0.6024662,0.60652965,0.60523885,0.57261944,0.54,1.15,1.1777053,1.2054106,1.1225506,1.0177394,0.9895571,1.1013951,1.1712792,1.0811625,0.9910456,0.9327256,0.88409394,0.87627864,0.87221515,0.90483856,0.9814313,1.058024,0.86206895,0.65889657,0.62,0.62,0.46076488,0.29453292,0.2962535,0.34201306,0.33533794,0.29470345,0.24027523,0.10513762,-0.03,-0.03,0.002322884,0.03464577,-0.01045156,-0.07091954,-0.08527681,-0.015378045,0.037447162,0.02515851,0.012869855,0.022424798,0.038635362,0.077213794,0.11784828,0.1418336,0.1458648,0.14989601,0.16799372,0.18646395,0.19,0.19,0.21211599,0.23520376,0.21462256,0.18259087,0.2069931,0.2679448,0.3315628,0.41078138,0.49,0.19,0.16691223,0.14382446,0.09963875,0.051264368,0.0117589375,-0.011540651,-0.014682981,0.059048943,0.13278086,0.08373441,-0.002721937,0.008606897,0.028924137,0.05650246,0.09278325,0.12906404,0.094012536,0.0570721,-0.07233309,-0.2236317,-0.2255768,-0.22095925,-0.33963653,-0.49064305,-0.53766894,-0.51735175,-0.50612146,-0.5480607,-0.59,-0.23,-0.38237932,-0.5347586,-0.5196388,-0.47126436,-0.4680196,-0.54723823,-0.5955339,-0.5258982,-0.4562625,-0.5186904,-0.6213573,-0.6486069,-0.66892415,-0.71300495,-0.7855665,-0.8581281,-0.9679624,-1.0787838,-1.0257263,-0.93386644,-0.98307836,-1.038489,-1.184138,-1.3534483,-1.4150676,-1.4069407,-1.4176843,-1.5388421,-1.66,0.73,0.7392351,0.74847025,0.7769075,0.8091571,0.8332964,0.84261626,0.8721246,0.97862625,1.085128,1.1017168,1.0909097,1.119771,1.1522787,1.0874877,0.90608376,0.7246798,0.7874765,0.8567398,0.760774,0.625686,0.67750156,0.73752975,0.75362533,0.7582013,0.70820963,0.62287724,0.5608826,0.6354413,0.71,1.96,1.9138244,1.867649,1.890271,1.9265517,1.9269251,1.8616862,1.8134037,1.8297887,1.8461735,1.891416,1.9454513,1.9239503,1.8955063,1.9093378,1.9738369,2.038336,2.2739184,2.5140314,2.4332979,2.2765958,2.3098087,2.3513668,2.3853774,2.4174092,2.442331,2.4626484,2.4684372,2.3892186,2.31,0.0,0.0,0.0,0.0,0.0,0.0,0.0,0.0,0.0,0.0,0.0,0.0,0.0,0.0,0.0,0.0,0.0,0.0,0.0,0.0,0.0,0.0,0.0,0.0,0.0,0.0,0.0,0.0,0.0,0.0
-84.0,-89.0,-83.93799,-76.11628,483.2403,-237.77519,-132.69768,-70.434105,-64.379845,-52.581394,-44.379845,-42.147285,-26.581396,3.2248063,45.12403,106.5814,153.50388,101.76744,-59.186047,-179.53488,-190.0,-178.97675,-169.29457,-156.50388,-145.0,-128.06201,-127.9845,-121.25581,-123.47287,-126.852715,-111.72093,-119.63566,-107.031006,-87.976746,-86.36434,-63.55039,674.32556,-490.08527,-154.22481,-96.51163,-85.139534,-77.72868,-51.488373,-43.333332,-31.860466,-12.139535,45.255814,107.74419,140.51163,71.05426,-103.860466,-187.48837,-198.0,-194.24806,-173.51163,-154.44186,-145.52713,-132.58139,-125.30232,-129.82945,-125.0,-118.10853,-124.72868,-108.06977,-103.03876,-115.96124,-96.11628,-106.0,-107.72868,-99.139534,-96.5969,-98.1938,-96.81396,-94.263565,-104.968994,-78.674416,-72.39535,-84.5814,-90.04651,-96.0,-86.11628,-113.0,-110.18604,-101.57365,-99.48837,-94.0,-94.666664,-97.25581,-87.72868,-91.65891,-92.023254,-87.82171,-91.0,-93.790695,-72.0,-62.36434,-88.88372,-89.0,-89.0,-88.860466,-80.34884,169.20155,386.76746,-337.62015,-138.1938,-94.81396,-72.0,-60.0,-50.976746,-35.48062,-26.651163,24.302326,79.88372,133.52713,135.02325,2.1085272,-148.73643,-191.13954,-191.70543,-181.31007,-171.69768,-154.86821,-142.54263,-130.18605,-127.76744,-120.310074,-120.23256,-127.906975,-116.06201,-118.0,0.029,0.031260017,0.033520035,0.038350523,0.04387409,0.04402483,0.040813792,0.038528245,0.04279824,0.04706823,0.051875357,0.057859223,0.061345562,0.049603082,0.040261626,0.03749984,0.035735425,0.04348934,0.05124326,0.05537161,0.058710344,0.04867586,0.03864138,0.035646275,0.034027807,0.03686365,0.04745049,0.05556113,0.053280566,0.051,0.067,0.06880801,0.07061603,0.071,0.071,0.0712469,0.07164828,0.07516948,0.100789435,0.1264094,0.14270167,0.138559,0.1307135,0.1002898,0.078615315,0.0809168,0.08282696,0.08100251,0.07917806,0.077073365,0.0749605,0.07359216,0.07222383,0.07335372,0.07497219,0.076167986,0.07662828,0.07682445,0.07591222,0.075,0.49,0.48095992,0.47191986,0.43737108,0.39594433,0.4071586,0.45131034,0.4983639,0.56597215,0.6335803,0.6785574,0.6739544,0.6587197,0.5786574,0.5175387,0.5083328,0.502163,0.5249686,0.5477743,0.49220103,0.4302633,0.4393856,0.44850785,0.40261957,0.3459733,0.35367605,0.47335336,0.5559561,0.48297805,0.41,0.45,0.327959,0.20591798,0.15462196,0.12240114,0.15197241,0.2202069,0.27427733,0.22801907,0.18176082,0.16442582,0.21045555,0.27030447,0.41441673,0.4880038,0.3683265,0.26735422,0.34489343,0.4224326,0.43963316,0.4489467,0.41245767,0.37596866,0.37338433,0.37743047,0.38,0.38,0.37034482,0.3201724,0.27,0.54,0.58520037,0.6304007,0.66537803,0.6975989,0.7025931,0.6905517,0.6791196,0.6720029,0.6648863,0.6686555,0.6962733,0.71398383,0.67128396,0.65230626,0.69833595,0.7387022,0.7250188,0.7113354,0.75816584,0.81026334,0.8193856,0.82850784,0.8096941,0.78541714,0.76160073,0.7385859,0.72,0.72,0.72,-0.69,-0.6538397,-0.6176794,-0.6643815,-0.73342615,-0.74271727,-0.7146207,-0.6873588,-0.66600883,-0.64465886,-0.64154065,-0.67836446,-0.6972157,-0.60647833,-0.5412306,-0.5458336,-0.55086523,-0.5599875,-0.56910974,-0.57,-0.56670845,-0.45268026,-0.33865204,-0.43168244,-0.5652058,-0.64496046,-0.63115156,-0.62877744,-0.6743887,-0.72,-1.79,-1.8352004,-1.8804008,-1.9298798,-1.9805125,-2.0197518,-2.051862,-2.077799,-2.0600073,-2.0422156,-2.005476,-1.9272256,-1.8667681,-1.9148055,-1.9475387,-1.9383328,-1.9209154,-1.8251317,-1.729348,-1.686284,-1.6486834,-1.603072,-1.5574608,-1.5432314,-1.5351391,-1.5434388,-1.5802625,-1.6257994,-1.7078997,-1.79,0.8,0.75931966,0.7186393,0.6664948,0.6112591,0.6369103,0.71317244,0.78264123,0.8039912,0.82534117,0.79383737,0.64654225,0.5290242,0.5930741,0.6326163,0.6049984,0.584326,0.6299373,0.6755486,0.7185326,0.7581567,0.69430095,0.6304451,0.6470745,0.67944384,0.70839924,0.7314141,0.7605329,0.81526643,0.87,2.08,1.9850792,1.8901584,1.9606359,2.0757103,2.1027172,2.0746207,2.043837,1.9940206,1.944204,1.9186555,1.9462733,1.9624798,1.909105,1.8970737,1.9983392,2.0882697,2.070025,2.0517805,1.958485,1.8615799,1.9163135,1.971047,2.0206118,2.0691657,2.1033597,2.1125658,2.099812,1.994906,1.89,0.0,0.0,0.0,0.0,0.0,0.0,0.0,0.0,0.0,0.0,0.0,0.0,0.0,0.0,0.0,0.0,0.0,0.0,0.0,0.0,0.0,0.0,0.0,0.0,0.0,0.0,0.0,0.0,0.0,0.0
130.0,-0.9612403,-154.74419,-195.13954,-200.0,-177.45737,-167.88373,-153.45737,-144.00775,-129.72093,-125.46512,-127.48837,-122.441864,-116.4031,-120.39535,-111.83721,-109.24031,-108.36434,-102.39535,-106.58915,-100.82946,-99.37209,-104.023254,-90.28682,-103.0,-99.87597,-95.77519,-79.93023,-68.906975,-85.65116,-94.93023,-96.0,-77.0,-111.976746,-105.36434,-104.62791,-94.88372,-92.27907,-97.76744,-90.976746,-87.75969,-97.906975,-87.69768,-90.333336,-94.41085,-82.62791,-70.57365,-73.74419,-94.0,-90.51938,-90.550385,-84.62791,-74.968994,626.8605,-388.48837,-139.34108,-90.42635,-67.558136,-63.00775,-58.170544,-50.0,-35.837208,-14.387597,44.67442,107.83721,146.9845,104.76744,-68.89922,-178.27132,-202.7907,-183.0,-177.79845,-168.06976,-148.73643,-134.55814,-127.51163,-129.10852,-125.0,-121.04651,-123.87597,-113.72093,-33.55814,15.410852,64.86822,122.34884,153.8217,59.0,-125.093025,-207.37209,-239.03876,-239.55814,-171.27132,-144.50388,-127.790695,-138.86046,-144.74419,-142.0,-131.47287,-124.15504,-128.0,-123.5969,-108.64341,-111.72093,-127.82171,-107.22481,-101.53488,-98.62791,-94.0,-105.06977,-128.44962,-96.05426,-121.04651,-83.84496,-56.015503,-107.62791,-77.65891,-77.441864,-91.209305,-101.46512,223.64342,287.2093,-260.69766,-131.29457,-101.4186,-58.310078,-61.255814,-62.23256,-43.062016,-4.155039,-4.0,0.016,0.017319202,0.018638406,0.018042391,0.01672319,0.015471825,0.014302775,0.013133726,0.013,0.013,0.013,0.016701568,0.020623198,0.023696551,0.026310971,0.03105685,0.039693072,0.047762264,0.041527335,0.035292402,0.030563766,0.027520526,0.024477284,0.021795612,0.019181192,0.015567049,0.011128991,0.0063291537,0.00066457683,-0.005,0.019,0.019879468,0.020758936,0.021,0.021,0.04318335,0.092283435,0.14138351,0.13044216,0.111745656,0.09304915,0.08706458,0.08183574,0.078586206,0.07640752,0.07454147,0.07324604,0.07208915,0.07442725,0.07676535,0.079436235,0.08247948,0.08552271,0.08820439,0.09081881,0.09102682,0.08925159,0.08902821,0.092514105,0.096,-0.25,-0.29397342,-0.33794686,-0.3404239,-0.32723188,-0.28302777,-0.20119429,-0.119360805,-0.09494742,-0.0779506,-0.060953777,0.051047023,0.16869593,0.23262069,0.26747963,0.31292638,0.37769803,0.4398514,0.43595457,0.43205774,0.41204706,0.37400657,0.33596605,0.39613166,0.47456425,0.51,0.51,0.5331348,0.6115674,0.69,1.74,1.7575893,1.7751788,1.8725688,2.0000918,1.8745753,1.442027,1.0094786,0.8486109,0.7228344,0.59705794,0.5283072,0.4629467,0.45131034,0.4687398,0.530438,0.67293566,0.8089599,0.7816821,0.75440425,0.6681883,0.51602626,0.36386427,0.33632603,0.33196867,0.281341,0.19257982,0.11586207,0.06793103,0.02,0.23,0.20801328,0.18602657,0.24064852,0.32419804,0.38584524,0.42091674,0.45598823,0.55934703,0.6715261,0.78370506,0.76943576,0.7476489,0.7202069,0.6897053,0.680699,0.71092576,0.7389599,0.7116821,0.68440425,0.6789765,0.69799674,0.717017,0.74939185,0.7842508,0.78296936,0.75190294,0.68630093,0.5381505,0.39,-0.98,-0.9272319,-0.8744638,-0.85361594,-0.8448213,-0.83823943,-0.8343426,-0.83044577,-0.8029054,-0.7723111,-0.7417168,-0.67419434,-0.6044765,-0.5404138,-0.47941065,-0.44,-0.44,-0.44029716,-0.44809082,-0.4558845,-0.47974822,-0.5215928,-0.56343734,-0.54060817,-0.5057492,-0.42917624,-0.3182248,-0.20272727,-0.07636364,0.05,-2.57,-2.5480132,-2.5260265,-2.5583043,-2.6110725,-2.585422,-2.46462,-2.3438184,-2.2667792,-2.1953926,-2.1240058,-1.9513731,-1.772721,-1.594069,-1.415417,-1.2617893,-1.1538366,-1.0557948,-1.2077712,-1.3597476,-1.4597483,-1.5015928,-1.5434374,-1.4544765,-1.341185,-1.2583716,-1.2006769,-1.0970219,-0.88351095,-0.67,0.51,0.5627681,0.6155362,0.70022464,0.79696614,0.828873,0.782111,0.73534906,0.7570946,0.7876889,0.8182832,0.74596864,0.6675361,0.69372416,0.7765141,0.819301,0.78907424,0.7552453,0.6305467,0.50584805,0.44897646,0.46799672,0.48701698,0.51571786,0.5462194,0.5672988,0.580613,0.57329154,0.5166458,0.46,1.29,1.2812053,1.2724106,1.3051124,1.3534831,1.3623942,1.3234259,1.2844576,1.2890315,1.2992296,1.3094277,1.5526583,1.8097429,1.914138,1.9359248,1.9729264,2.037698,2.0976226,2.0352733,1.972924,1.94,1.94,1.94,1.9179561,1.891812,1.9481226,2.0723882,2.1471474,2.1035736,2.06,0.0,0.0,0.0,0.0,0.0,0.0,0.0,0.0,0.0,0.0,0.0,0.0,0.0,0.0,0.0,0.0,0.0,0.0,0.0,0.0,0.0,0.0,0.0,0.0,0.0,0.0,0.0,0.0,0.0,0.0
-89.0,-89.0,-90.87597,-81.860466,18.542635,672.969,-503.39536,-170.94574,-105.39535,-72.0,-60.0,-52.488373,-39.511627,-31.186047,12.209302,66.27907,126.47287,141.57364,34.860466,-128.07751,-186.10077,-196.74419,-182.31783,-174.21706,-158.39536,-145.06201,-131.1938,-126.25581,-122.82946,-122.75194,-126.39535,-118.07752,-116.99225,-32.302326,48.542637,82.310074,146.48837,133.23256,-20.472868,-174.53488,-222.44186,-249.72093,-187.74419,-188.66667,-123.63566,-121.51163,-150.56589,-137.81395,-140.51163,-121.92248,-131.10077,-129.58139,-118.387596,-97.24806,-126.37209,-113.06201,-101.92248,-121.023254,-82.70543,-89.42635,-108.0,-104.46512,-107.65116,-108.34884,-70.093025,-91.17054,-76.65116,-105.72868,-65.75969,-94.0,-96.689926,697.0465,-457.11627,-138.72093,-104.53488,-64.51163,-45.89147,-67.0,-51.32558,-31.054264,-10.2015505,-140.0,-131.74419,-137.86046,-103.0,-121.58915,-123.0,-103.441864,-135.0,-104.5814,-79.0,-99.0,-105.13178,-114.325584,-91.28682,-101.94574,-86.441864,-99.47287,-80.17054,-68.39535,-94.503876,-94.47287,-79.0,-81.17829,-88.550385,23.488373,709.155,-488.6744,-163.18605,-93.06977,-58.52713,-70.093025,-58.52713,-63.52713,11.348837,14.0,90.75969,152.90698,161.8527,36.07752,-125.95349,-197.89148,-203.97675,-164.46512,-165.31783,-146.87598,-137.23256,-125.620155,-120.0,-118.0,-0.039,-0.041546777,-0.044093557,-0.046640337,-0.049187113,-0.051733892,-0.049829286,-0.047405295,-0.044996552,-0.04454953,-0.04410251,-0.04159387,-0.03847181,-0.03675862,-0.040401023,-0.044023447,-0.045990344,-0.04795724,-0.050242122,-0.0528858,-0.053089656,-0.051516138,-0.05,-0.05,-0.05,-0.05128314,-0.053989876,-0.05554396,-0.05377198,-0.052,0.152,0.15611403,0.16022806,0.16434208,0.1684561,0.17257014,0.17237979,0.17168723,0.1709862,0.16919813,0.16741003,0.1688046,0.17114614,0.17318965,0.17410025,0.17500938,0.17579614,0.1765829,0.17526104,0.17155989,0.17113793,0.17310482,0.17498577,0.1745955,0.17420526,0.1823404,0.1999342,0.21607828,0.22803915,0.24,0.9,0.9391812,0.97836244,1.0175437,1.0567248,1.095906,1.0720909,1.0409253,1.0101724,1.0325235,1.0548747,1.0840613,1.1152819,1.1371552,1.1234962,1.1094372,1.0622318,1.0150262,1.0049055,1.0366296,1.1046207,1.1990317,1.2895731,1.2778654,1.2661576,1.2856628,1.3397975,1.3674588,1.3187294,1.27,0.32,0.26318726,0.2063745,0.14956175,0.09274901,0.035936255,0.10442448,0.18753278,0.27075863,0.36910346,0.46744826,0.2554023,-0.04899836,-0.25965518,-0.11395913,0.030891035,0.1056331,0.18037517,0.21006304,0.18891361,0.12310345,0.02475862,-0.07256158,-0.14280789,-0.21305418,-0.25,-0.25,-0.27622244,-0.3781112,-0.48,0.47,0.4758772,0.48175436,0.48763153,0.49350873,0.4993859,0.50620204,0.51312774,0.5200345,0.5245047,0.52897495,0.5690996,0.61983305,0.6505172,0.6049872,0.5602814,0.5838841,0.6074869,0.56286246,0.44125324,0.38772413,0.38379034,0.38256156,0.45280787,0.5230542,0.5642771,0.5732996,0.5720193,0.5410096,0.51,0.77,0.7935087,0.81701744,0.84052616,0.8640349,0.8875436,0.88379794,0.87687224,0.8701034,0.8835141,0.8969248,0.9330843,0.9760126,1.0071552,0.9934962,0.9802345,0.99990344,1.0195724,1.0175788,0.99114203,0.94131035,0.87443584,0.81227696,0.8747181,0.9371593,0.94861436,0.90350205,0.87684065,0.9034203,0.93,0.3,0.3254678,0.35093558,0.37640336,0.40187114,0.42733893,0.46721223,0.5087664,0.55048275,0.61306584,0.6756489,0.69,0.69,0.68810344,0.67899746,0.6700469,0.6739807,0.6779145,0.68,0.68,0.6777241,0.67379034,0.6684346,0.6255063,0.582578,0.5771085,0.61319834,0.6320193,0.6010096,0.57,0.22,0.2297953,0.2395906,0.24938591,0.2591812,0.2689765,0.29480815,0.32251093,0.35106897,0.48964578,0.6282226,0.6720306,0.68764096,0.7009483,0.70550126,0.7099062,0.70203865,0.694171,0.66267335,0.6045124,0.57089657,0.55516136,0.54241925,0.608763,0.6751067,0.7378013,0.79644734,0.8422802,0.8511401,0.86,2.09,2.084123,2.0782456,2.0723684,2.0664914,2.060614,2.1995459,2.3553739,2.5091724,2.4018872,2.294602,2.3271456,2.4012945,2.4476724,2.3884833,2.3304222,2.3658261,2.4012303,2.4473267,2.5054877,2.4753792,2.3809683,2.2996771,2.565052,2.830427,2.9913857,3.0364978,3.0346568,2.8973284,2.76,0.0,0.0,0.0,0.0,0.0,0.0,0.0,0.0,0.0,0.0,0.0,0.0,0.0,0.0,0.0,0.0,0.0,0.0,0.0,0.0,0.0,0.0,0.0,0.0,0.0,0.0,0.0,0.0,0.0,0.0
-135.0,-120.12403,-128.0,-127.62791,-115.1938,-104.16279,-131.34883,-106.21706,-95.48837,-112.23256,-94.0,-100.53488,-125.93023,-91.0155,-117.51938,-87.37209,-51.984497,-111.15504,-67.5814,-91.04651,-83.65116,-96.93023,72.9845,558.79846,-417.90698,-160.51938,-114.51938,-60.32558,-55.2093,-64.75194,-44.069767,-9.193798,-9.038759,-140.0,-123.0,-129.1473,-108.5814,-123.852715,-117.10853,-118.27907,-128.79845,-93.91473,-86.81396,-100.333336,-110.04651,-106.93023,-100.4186,-101.54263,-103.139534,-99.79845,-70.449615,-74.906975,-100.612404,-85.24806,-77.325584,-89.968994,-78.31783,379.30234,82.00775,-189.15504,-110.53488,-68.46512,-55.193798,-72.04651,-53.03876,-52.620155,14.0,34.43411,112.30232,166.0,133.07751,-50.64341,-160.02325,-212.0,-185.20155,-178.48837,-148.28682,-147.64342,-146.58139,-118.449615,-120.0,-89.62791,-119.84496,-20.55814,-31.11628,-36.410854,-15.333333,49.162792,134.1938,167.86046,88.860466,-95.82946,-201.10077,-198.37209,-186.0,-178.0,-174.58139,-154.42636,-101.0,-116.023254,-140.50388,-149.37985,-87.0,-96.968994,-119.22481,-123.74419,-102.78294,-92.023254,-100.34884,-91.0,-99.58915,-100.11628,-85.31783,-91.74419,-102.04651,-88.51938,-96.9845,-108.0,-50.899223,-59.08527,-77.74419,-88.75194,-89.21706,-94.18604,-88.612404,156.24031,432.53488,-281.68216,-149.52713,-116.0,-0.065,-0.065460704,-0.0659214,-0.06532138,-0.06450317,-0.064315036,-0.065133244,-0.06595145,-0.06531281,-0.064582266,-0.06489284,-0.06929181,-0.07218032,-0.07264948,-0.07347022,-0.07532978,-0.07719108,-0.0790677,-0.08094432,-0.070173666,-0.059016302,-0.06049138,-0.06475288,-0.06918317,-0.073683314,-0.074385054,-0.06444157,-0.05733417,-0.06616709,-0.075,0.189,0.1871572,0.18531439,0.18635724,0.18799366,0.18742482,0.1833338,0.17924276,0.18037438,0.18183547,0.18333481,0.18498443,0.18581967,0.18535052,0.18676332,0.19373667,0.19985668,0.19844922,0.19704176,0.1956467,0.19425204,0.22697414,0.26722157,0.2732124,0.26503035,0.2648525,0.28710696,0.30831724,0.32365862,0.339,1.04,1.0169649,0.9939298,1.0171448,1.0498731,1.07,1.07,1.07,1.0425123,1.0132906,0.9855358,0.963541,0.9698355,1.0214425,1.047069,0.995931,0.9404461,0.846615,0.75278395,0.90337306,1.0614357,1.1210345,1.1589144,1.1815752,1.1979393,1.1527203,0.9349106,0.7408715,0.6804357,0.62,0.18,0.17078596,0.16157192,0.07517242,-0.027103448,-0.08684965,-0.07866759,-0.07048552,-0.039076354,-0.0062019704,0.028928438,0.07291806,0.12524517,0.19092692,0.25528213,0.31571788,0.36426765,0.307969,0.25167036,0.33570847,0.4240376,0.3701724,0.28494254,0.15871724,0.015531034,-0.1012069,-0.14382184,-0.19755486,-0.31377742,-0.43,0.4,0.3170736,0.23414725,0.28446898,0.36219862,0.3769214,0.29100966,0.20509793,0.21030788,0.22126602,0.23334816,0.24984427,0.2726226,0.30546346,0.33352664,0.34747335,0.36477697,0.4116925,0.45860803,0.46,0.46,0.51043105,0.57198596,0.56974345,0.5411062,0.4838889,0.34657407,0.21384953,0.106924765,-2.7755576e-17,0.72,0.70617896,0.6923579,0.64588964,0.5927062,0.5710262,0.59966344,0.62830067,0.6574877,0.68670934,0.7111161,0.7166148,0.7254097,0.73948437,0.7758621,0.87813795,0.96474534,0.9131383,0.86153114,0.86,0.86,0.83284485,0.79969984,0.7986814,0.8109545,0.82373565,0.83794063,0.7861003,0.36305016,-0.06,0.77,0.7285368,0.68707365,0.6833931,0.68748415,0.6616469,0.5880083,0.51436967,0.5512315,0.59506404,0.6132592,0.53077865,0.46196774,0.4150522,0.39528212,0.45571786,0.5171655,0.5875388,0.6579121,0.650978,0.64168024,0.7408621,0.8639719,0.7784607,0.60663724,0.49992338,0.5756833,0.6133166,0.4366583,0.26,0.28,0.42742467,0.5748493,0.5762483,0.54761106,0.48904553,0.38267863,0.27631173,0.30092365,0.33379802,0.36669633,0.39968854,0.43262258,0.46546346,0.5041066,0.5598934,0.59949064,0.4962765,0.39306232,0.39,0.39,0.30077586,0.191871,0.31047723,0.52321106,0.6787548,0.6740198,0.6559561,0.562978,0.47,2.21,2.3620317,2.5140634,2.509462,2.4726427,2.4184966,2.336676,2.2548552,2.2190764,2.186202,2.1711605,2.2261477,2.2491806,2.2210314,2.2317398,2.3572602,2.465223,2.4183075,2.371392,2.3023355,2.232602,2.3518965,2.5128863,2.4934428,2.399349,2.3461878,2.4077427,2.4445517,2.3422759,2.24,0.0,0.0,0.0,0.0,0.0,0.0,0.0,0.0,0.0,0.0,0.0,0.0,0.0,0.0,0.0,0.0,0.0,0.0,0.0,0.0,0.0,0.0,0.0,0.0,0.0,0.0,0.0,0.0,0.0,0.0
