time,pos_x1,pos_y1,pos_z1,yaw1,pos_x2,pos_y2,pos_z2,yaw2
1719681798.0867367,-1.674089111328125,0.5778955078125,0.021304182052612305,-0.03120544061262606,-1.61443115234375,-0.9866585693359375,0.030291109085083007,0.11099470512229212
1719681798.2067325,-1.6741175537109374,0.5778538208007813,0.02157703399658203,-0.03238482182008562,-1.614424072265625,-0.9867962036132812,0.03051366424560547,0.11417003057450952
1719681798.3149784,-1.6728648681640625,0.578747314453125,0.02865416717529297,-0.04284848177050905,-1.614439208984375,-0.986565185546875,0.03039086151123047,0.10991907984505334
1719681798.4233453,-1.6686732177734376,0.5828829345703125,0.06827202606201171,-0.07399213810649057,-1.614439208984375,-0.986565185546875,0.03039086151123047,0.10991907984505334
1719681798.5298686,-1.6652724609375,0.5890311279296875,0.12031896209716797,-0.07612228644375293,-1.614439208984375,-0.986565185546875,0.03039086151123047,0.10991907984505334
1719681798.6378164,-1.6646875,0.5947809448242187,0.16368292236328125,-0.08563660601943501,-1.614439208984375,-0.986565185546875,0.03039086151123047,0.10991907984505334
1719681798.7447774,-1.666665771484375,0.5989600830078124,0.20040959167480468,-0.09520433573573243,-1.614439208984375,-0.986565185546875,0.03039086151123047,0.10991907984505334
