time,pos_x1,pos_y1,pos_z1,yaw1,pos_x2,pos_y2,pos_z2,yaw2
0,-0.31877008056640627,0.24639576721191406,0.021780664443969727,-0.07581214858915823,-0.311768310546875,-0.6545545043945312,0.02785302734375,-0.06491304595183994
